{
  "motorized": {
    "isRearWheelDrive": true,
    "emptyMass": 1280,
    "fuelCapacity": 15000,
    "axleRatio": 4.781,
    "dragCoefficient": 0.7,
    "brakingFactor": 1.2,
    "downForce": 0.175,
    "overSteer": -4.0,
    "maxTiltAngle": -4.0
  },
  "parts": [
    {
      "pos": [1.0625,0.0,0.0],
      "minValue": 1.05,
      "maxValue": 1.13,
      "types": ["ground_wheel"]
    },
    {
      "pos": [-1.0625,0.0,0.0],
      "minValue": 1.05,
      "maxValue": 1.13,
      "types": ["ground_wheel"]
    },
    {
      "pos": [1.0625,0.0,3.125],
      "turnsWithSteer": true,
      "minValue": 1.05,
      "maxValue": 1.13,
      "types": ["ground_wheel"],
      "animations": [
        {
          "animationType": "rotation",
          "variable": "rudder",
          "centerPoint": [0.0,0.0,0.0],
          "axis": [0.0,-1.0,0.0]
        }
      ]
    },
    {
      "pos": [-1.0625,0.0,3.125],
      "turnsWithSteer": true,
      "minValue": 1.05,
      "maxValue": 1.13,
      "types": ["ground_wheel"],
      "animations": [
        {
          "animationType": "rotation",
          "variable": "rudder",
          "centerPoint": [0.0,0.0,0.0],
          "axis": [0.0,-1.0,0.0]
        }
      ]
    },
    {
      "pos": [0.5625,0.4375,1.3125],
      "rot": [0.0,0.0,0.0],
      "dismountPos": [1.5625,0.4375,1.3125],
      "isController": true,
      "types": ["seat"],
      "linkedDoors": ["door_fl"]
    },
    {
      "pos": [-0.5625,0.4375,1.3125],
      "rot": [0.0,0.0,0.0],
      "dismountPos": [-1.5625,0.4375,1.3125],
      "types": ["seat"],
      "additionalParts": [
        {
          "pos": [-0.5625,0.44,1.3125],
          "rot": [0.0,90.0,0.0],
          "maxValue": 2.0,
          "types": ["interactable_luggage"]
        }
      ],
      "linkedDoors": ["door_fr"]
    },
    {
      "pos": [0.0,0.5625,0.0],
      "rot": [0.0,0.0,0.0],
      "dismountPos": [1.0,0.5625,0.0],
      "types": ["seat"],
      "additionalParts": [
        {
          "pos": [0.0,0.563,0.0],
          "rot": [0.0,90.0,0.0],
          "maxValue": 2.0,
          "types": ["interactable_luggage"]
        }
      ],
      "linkedDoors": ["doorR"]
    },
    {
      "pos": [0.0,0.25,2.75],
      "rot": [0.0,0.0,0.0],
      "minValue": 0.2,
      "maxValue": 0.3,
      "types": ["engine_car"],
      "linkedDoors": ["door_hood"]
    },
    {
      "pos": [0.0,0.3125,4.25],
      "maxValue": 3.0,
      "defaultPart": "iv_tpp:plate_gramados",
      "types": ["generic_licenseplate_us","generic_licenseplate_euro"]
    },
    {
      "pos": [0.0,0.25,-1.01563],
      "rot": [0.0,180.0,0.0],
      "maxValue": 3.0,
      "defaultPart": "iv_tpp:plate_gramados",
      "types": ["generic_licenseplate_us","generic_licenseplate_euro"]
    },
    {
      "pos": [0.0,1.875,1.9375],
      "maxValue": 3.0,
      "types": ["generic_lightbar","generic_roofdevice"]
    },
    {
      "pos": [0.0,1.875,1.1875],
      "maxValue": 3.0,
      "types": ["generic_lightbar","generic_roofdevice"]
    },
    {
      "pos": [0.0,0.21875,4.125],
      "maxValue": 2.0,
      "types": ["generic_bullbar"]
    },
    {
      "pos": [0.625,0.28125,-1.00625],
      "rot": [0.0,0.0,0.0],
      "maxValue": 1.0,
      "types": ["generic_bumpersticker"]
    },
    {
      "pos": [-0.625,0.28125,-1.00625],
      "rot": [0.0,0.0,0.0],
      "maxValue": 1.0,
      "types": ["generic_bumpersticker"]
    },
    {
      "pos": [0.0,1.875,0.625],
      "maxValue": 3.0,
      "types": ["interactable_crate_roof"]
    }
  ],
  "collision": [
    {
      "pos": [0.0,1.125,3.0625],
      "width": 1.0,
      "height": 0.125
    },
    {
      "pos": [0.0,1.875,1.375],
      "width": 1.0,
      "height": 0.125
    },
    {
      "pos": [0.0,1.875,-0.0625],
      "width": 1.0,
      "height": 0.125
    },
    {
      "pos": [0.0,0.3125,-0.0625],
      "width": 1.0,
      "height": 0.125,
      "isInterior": true
    }
  ],
  "doors": [
    {
      "name": "door_fl",
      "closedPos": [1.15625,0.90625,1.09375],
      "openPos": [2.21875,0.90625,1.65625],
      "width": 0.3125,
      "height": 0.125,
      "closeOnMovement": true,
      "activateOnSeated": true
    },
    {
      "name": "door_fr",
      "closedPos": [-1.15625,0.90625,1.09375],
      "openPos": [-2.21875,0.90625,1.65625],
      "width": 0.3125,
      "height": 0.125,
      "closeOnMovement": true,
      "activateOnSeated": true
    },
    {
      "name": "door_fl",
      "closedPos": [1.15625,0.8125,1.71875],
      "openPos": [1.65625,0.8125,1.90625],
      "width": 0.3125,
      "height": 0.125,
      "closeOnMovement": true,
      "activateOnSeated": true
    },
    {
      "name": "door_fr",
      "closedPos": [-1.15625,0.8125,1.71875],
      "openPos": [-1.65625,0.8125,1.90625],
      "width": 0.3125,
      "height": 0.125,
      "closeOnMovement": true,
      "activateOnSeated": true
    },
    {
      "name": "door_hood",
      "closedPos": [0.0,0.9375,3.625],
      "openPos": [0.0,2.25,3.25],
      "width": 1.0,
      "height": 0.5
    },
    {
      "name": "doorR",
      "closedPos": [0.125,0.90625,-0.9375],
      "openPos": [1.8125,0.90625,-1.375],
      "width": 0.3125,
      "height": 0.125
    },
    {
      "name": "doorR",
      "closedPos": [-0.125,0.90625,-0.9375],
      "openPos": [-1.8125,0.90625,-1.375],
      "width": 0.3125,
      "height": 0.125
    }
  ],
  "connectionGroups": [
    {
      "groupName": "HOOKUP",
      "hookup": true,
      "connections": [
        {
          "type": "tow_bumper",
          "pos": [0.0,0.125,4.125],
          "distance": 0.0
        },
        {
          "type": "tow_bumper",
          "pos": [0.0,0.15625,-0.9375],
          "distance": 0.0
        },
        {
          "type": "tow_wheel",
          "pos": [0.0,-0.5625,3.125],
          "distance": 0.0
        }
      ]
    },
    {
      "groupName": "TRAILER",
      "canIntiateConnections": true,
      "connections": [
        {
          "type": "trailer_standard",
          "pos": [0.0,0.15625,-0.9375],
          "distance": 0.0
        }
      ]
    }
  ],
  "instruments": [
    {
      "pos": [0.84375,1.0,2.17125],
      "rot": [0.0,0.0,0.0],
      "scale": 0.015625,
      "hudX": 80,
      "hudY": 36,
      "hudScale": 0.25
    },
    {
      "pos": [0.6875,1.0125,2.17125],
      "rot": [0.0,0.0,0.0],
      "scale": 0.015625,
      "hudX": 160,
      "hudY": 36,
      "hudScale": 0.5
    },
    {
      "pos": [0.4375,1.0125,2.17125],
      "rot": [0.0,0.0,0.0],
      "scale": 0.015625,
      "hudX": 240,
      "hudY": 36,
      "hudScale": 0.5
    },
    {
      "pos": [0.28125,1.0,2.17125],
      "rot": [0.0,0.0,0.0],
      "scale": 0.015625,
      "hudX": 320,
      "hudY": 36,
      "hudScale": 0.25
    }
  ],
  "definitions": [
    {
      "subName": "_white_g",
      "name": "Trin Rodeo Wagon root trim - white paint, gray interior",
      "extraMaterials": ["minecraft:wool:7:2","minecraft:wool:8:3","mts:iv_tpp.paint_bucket_white:0:1"]
    },
    {
      "subName": "_carminred_g",
      "name": "Trin Rodeo Wagon root trim - carmin red paint, gray interior",
      "extraMaterials": ["minecraft:wool:7:2","minecraft:wool:8:3","mts:iv_tpp.paint_bucket_carminred:0:1"]
    },
    {
      "subName": "_teal_g",
      "name": "Trin Rodeo Wagon root trim - teal paint, gray interior",
      "extraMaterials": ["minecraft:wool:7:2","minecraft:wool:8:3","mts:iv_tpp.paint_bucket_teal:0:1"]
    }
  ],
  "rendering": {
    "textObjects": [],
    "animatedObjects": [
      {
        "objectName": "steer",
        "animations": [
          {
            "animationType": "rotation",
            "variable": "rudder",
            "centerPoint": [0.5625,0.96875,2.0625],
            "axis": [0.0,0.0,1.0]
          }
        ]
      },
      {
        "objectName": "gas",
        "animations": [
          {
            "animationType": "rotation",
            "variable": "throttle",
            "centerPoint": [0.5,0.375,2.4375],
            "axis": [-30.0,0.0,0.0]
          }
        ]
      },
      {
        "objectName": "brake",
        "animations": [
          {
            "animationType": "rotation",
            "variable": "brake",
            "centerPoint": [0.6875,0.375,2.4375],
            "axis": [-30.0,0.0,0.0]
          }
        ]
      },
      {
        "objectName": "clutch",
        "animations": [
          {
            "animationType": "visibility",
            "variable": "engine_isautomatic_1"
          },
          {
            "animationType": "rotation",
            "variable": "engine_clutch_upshift_1",
            "centerPoint": [0.6875,0.375,2.4375],
            "axis": [-30.0,0.0,0.0]
          },
          {
            "animationType": "rotation",
            "variable": "engine_clutch_downshift_1",
            "centerPoint": [0.6875,0.375,2.4375],
            "axis": [-30.0,0.0,0.0]
          }
        ]
      },
      {
        "objectName": "p_brake",
        "animations": [
          {
            "animationType": "rotation",
            "variable": "p_brake",
            "centerPoint": [0.0,0.14063,1.46875],
            "axis": [-30.0,0.0,0.0]
          }
        ]
      },
      {
        "objectName": "shift",
        "animations": [
          {
            "animationType": "rotation",
            "variable": "engine_gearshift_1",
            "centerPoint": [0.0,0.21875,1.90625],
            "axis": [1.0,0.0,0.0]
          }
        ]
      },
      {
        "objectName": "doorRR",
        "animations": [
          {
            "animationType": "rotation",
            "variable": "door_fr",
            "centerPoint": [-1.25,0.0,2.25],
            "axis": [0.0,60.0,0.0],
            "duration": 20,
            "forwardsStartSound": "iv_tpp:dooropen",
            "reverseEndSound": "iv_tpp:doorclose"
          }
        ]
      },
      {
        "objectName": "doorwindowFRa",
        "applyAfter": "doorRR",
        "animations": []
      },
      {
        "objectName": "doorwindowFRb",
        "applyAfter": "doorRR",
        "animations": []
      },
      {
        "objectName": "doorRL",
        "animations": [
          {
            "animationType": "rotation",
            "variable": "door_fl",
            "centerPoint": [1.25,0.0,2.25],
            "axis": [0.0,-60.0,0.0],
            "duration": 20,
            "forwardsStartSound": "iv_tpp:dooropen",
            "reverseEndSound": "iv_tpp:doorclose"
          }
        ]
      },
      {
        "objectName": "doorwindowFLa",
        "applyAfter": "doorRL",
        "animations": []
      },
      {
        "objectName": "doorwindowFLb",
        "applyAfter": "doorRL",
        "animations": []
      },
      {
        "objectName": "hood",
        "animations": [
          {
            "animationType": "rotation",
            "variable": "door_hood",
            "centerPoint": [0.0,1.125,2.5],
            "axis": [-60.0,0.0,0.0],
            "duration": 20,
            "forwardsStartSound": "iv_tpp:hoodopen",
            "reverseStartSound": "iv_tpp:hoodclose"
          }
        ]
      },
      {
        "objectName": "doorRL_wagon_van",
        "animations": [
          {
            "animationType": "rotation",
            "variable": "doorR",
            "centerPoint": [1.0,0.0,-1.0],
            "axis": [0.0,-160.0,0.0],
            "duration": 20,
            "forwardsStartSound": "iv_tpp:bootopen",
            "reverseEndSound": "iv_tpp:bootclose"
          }
        ]
      },
      {
        "objectName": "window_door_wagonL",
        "applyAfter": "doorRL_wagon_van",
        "animations": []
      },
      {
        "objectName": "doorRR_wagon_van",
        "animations": [
          {
            "animationType": "rotation",
            "variable": "doorR",
            "centerPoint": [-1.0,0.0,-1.0],
            "axis": [0.0,160.0,0.0],
            "duration": 20,
            "forwardsStartSound": "iv_tpp:bootopen",
            "reverseEndSound": "iv_tpp:bootclose"
          }
        ]
      },
      {
        "objectName": "window_door_wagonR",
        "applyAfter": "doorRR_wagon_van",
        "animations": []
      }
    ],
    "customVariables": [],
    "sounds": [
      {
        "name": "iv_tcp_v3:horn_1",
        "activeAnimations": [
          {
            "animationType": "visibility",
            "variable": "horn",
            "clampMin": 1.0,
            "clampMax": 1.0
          }
        ],
        "looping": true
      }
    ],
    "particles": [
      {
        "type": "smoke",
        "activeAnimations": [
          {
            "animationType": "visibility",
            "variable": "engine_piston_1_1_cam_1",
            "clampMin": 1.0,
            "clampMax": 1.0
          }
        ],
        "color": "#D9D9D9",
        "transparency": 0.25,
        "toTransparency": 0.25,
        "scale": 1.0,
        "pos": [-0.3125,0.0,-0.9375],
        "initialVelocity": [0.0,0.0,-1.0]
      },
      {
        "type": "smoke",
        "activeAnimations": [
          {
            "animationType": "visibility",
            "variable": "engine_backfired_1",
            "clampMin": 1.0,
            "clampMax": 1.0
          }
        ],
        "color": "#000000",
        "scale": 2.5,
        "pos": [-0.3125,0.0,-0.9375],
        "initialVelocity": [0.0,0.0,-1.0],
        "quantity": 5
      }
    ]
  },
  "prefixFolders": "a - low end/f - suv/",
  "packID": "iv_tcp_v3",
  "systemName": "trin_rodeo_wagon_root",
  "classification": "vehicle",
  "general": {
    "description": "Low end compact SUV\n\nRecommended parts:\nHuge Sized Wheels\ni4 Engine\nModel 1Seats",
    "materials": ["minecraft:iron_ingot:0:16","minecraft:iron_block:0:5","minecraft:glowstone_dust:0:16","minecraft:glass_pane:0:9","mts:iv_tpp.metal_pile_2:0:2"]
  }
}
