{
  "motorized": {
    "isRearWheelDrive": true,
    "emptyMass": 100,
    "fuelCapacity": 2000,
    "axleRatio": 2,
    "brakingFactor": 0.3,
    "dragCoefficient": 0.33,
    "downForce": 0.275,
    "overSteer": -30.0, //i did my damnedest but holy fuck we need more grip.
    "maxTiltAngle": -5
  },
  "parts": [
    {
      "pos": [0.0,0.0,0.0],
      "minValue": 0.2,
      "maxValue": 0.33,
      "types": ["ground_wheel"]
    },
    {
      "pos": [0.5625,0.0,1.8125],
      "turnsWithSteer": true,
      "minValue": 0.2,
      "maxValue": 0.33,
      "types": ["ground_wheel"],
      "animations": [
        {
          "animationType": "rotation",
          "variable": "rudder",
          "centerPoint": [0.0,0.0,0.0],
          "axis": [0.0,-1.0,0.0]
        }
      ]
    },
    {
      "pos": [-0.5625,0.0,1.8125],
      "turnsWithSteer": true,
      "minValue": 0.2,
      "maxValue": 0.33,
      "types": ["ground_wheel"],
      "animations": [
        {
          "animationType": "rotation",
          "variable": "rudder",
          "centerPoint": [0.0,0.0,0.0],
          "axis": [0.0,-1.0,0.0]
        }
      ]
    },
    {
      "pos": [0.0,0.25,0.6875],
      "rot": [0.0,0.0,0.0],
      "dismountPos": [1.0,0.25,0.6875],
      "isController": true,
      "types": ["seat"],
      "linkedDoors": ["door_f"]
    },
    {
      "pos": [0.0,0.0,1.375],
      "rot": [0.0,0.0,0.0],
      "maxValue": 0.15,
      "types": ["engine_car"],
      "linkedDoors": ["door_hood"]
    },
    {
      "pos": [0.0,1.4375,0.875],
      "maxValue": 3.0,
      "types": ["generic_lightbar"]
    },
    {
      "pos": [0.0,1.4375,0.5625],
      "maxValue": 3.0,
      "types": ["generic_roofdevice"]
    },
    {
      "pos": [0.0,0.0625,0.04688],
      "rot": [16.0,90.0,0.0],
      "maxValue": 3.0,
      "types": ["interactable_luggage"],
      "linkedDoors": ["door_boot"]
    },
    {
      "pos": [0.0,0.25,-0.38125],
      "rot": [0.0,-8.0,0.0],
      "maxValue": 1.0,
      "types": ["generic_bumpersticker"]
    },
    {
      "pos": [0.0,0.0625,2.0],
      "maxValue": 2.0,
      "types": ["generic_bullbar"]
    }
  ],
  "collision": [
    {
      "pos": [0.0,0.5,1.6875],
      "width": 0.625,
      "height": 0.125
    },
    {
      "pos": [0.0,1.4375,0.5625],
      "width": 0.625,
      "height": 0.125
    },
    {
      "pos": [0.0,0.45,-0.0625],
      "width": 0.625,
      "height": 0.125
    }
  ],
  "doors": [
    {
      "name": "door_f",
      "closedPos": [0.59375,0.46875,1.15625],
      "openPos": [1.28125,0.46875,0.84375],
      "width": 0.3125,
      "height": 0.125
    },
    {
      "name": "door_hood",
      "closedPos": [0.0,0.4375,1.75],
      "openPos": [0.0,0.875,1.5625],
      "width": 0.5,
      "height": 0.25
    },
    {
      "name": "door_boot",
      "closedPos": [0.0,0.5,-0.15625],
      "openPos": [0.0,0.84375,-0.09375],
      "width": 0.3125,
      "height": 0.125
    }
  ],
  "connectionGroups": [
    {
      "groupName": "HOOKUP",
      "hookup": true,
      "connections": [
        {
          "type": "tow_bumper",
          "pos": [0.0,0.0,2.10688],
          "distance": 0.0
        },
        {
          "type": "tow_bumper",
          "pos": [0.0,0.09375,-0.38188],
          "distance": 0.0
        },
        {
          "type": "tow_wheel",
          "pos": [0.0,-0.15625,1.8125],
          "distance": 0.0
        }
      ]
    },
    {
      "groupName": "TRAILER",
      "canIntiateConnections": true,
      "connections": [
        {
          "type": "trailer_standard",
          "pos": [0.0,0.09375,-0.38188],
          "distance": 0.0
        }
      ]
    }
  ],
  "instruments": [
    {
      "pos": [0.375,0.5625,1.2375],
      "rot": [0.0,0.0,0.0],
      "scale": 0.015625,
      "hudX": 80,
      "hudY": 36,
      "hudScale": 0.25
    },
    {
      "pos": [0.1875,0.5625,1.2375],
      "rot": [0.0,0.0,0.0],
      "scale": 0.015625,
      "hudX": 160,
      "hudY": 36,
      "hudScale": 0.5
    },
    {
      "pos": [-0.1875,0.5625,1.2375],
      "rot": [0.0,0.0,0.0],
      "scale": 0.015625,
      "hudX": 240,
      "hudY": 36,
      "hudScale": 0.5
    },
    {
      "pos": [-0.375,0.5625,1.2375],
      "rot": [0.0,0.0,0.0],
      "scale": 0.015625,
      "hudX": 320,
      "hudY": 36,
      "hudScale": 0.25
    }
  ],
  "definitions": [
    {
      "subName": "_blue",
      "name": "Trin Frog",
      "extraMaterials": ["minecraft:dye:4:5"]
    },
    {
      "subName": "_brown",
      "name": "Trin Frog",
      "extraMaterials": ["minecraft:dye:3:5"]
    },
    {
      "subName": "_light_blue",
      "name": "Trin Frog",
      "extraMaterials": ["minecraft:dye:12:5"]
    },
    {
      "subName": "_light_gray",
      "name": "Trin Frog",
      "extraMaterials": ["minecraft:dye:7:5"]
    },
    {
      "subName": "_olive",
      "name": "Trin Frog",
      "extraMaterials": ["minecraft:dye:2:5"]
    },
    {
      "subName": "_red",
      "name": "Trin Frog",
      "extraMaterials": ["minecraft:dye:1:5"]
    },
    {
      "subName": "_pure_black",
      "name": "Trin Frog",
      "extraMaterials": ["minecraft:dye:0:10"]
    },
    {
      "subName": "_pure_white",
      "name": "Trin Frog",
      "extraMaterials": ["minecraft:dye:15:10"]
    },
    {
      "subName": "_diamond",
      "name": "Trin Frog",
      "extraMaterials": ["minecraft:dye:12:4","minecraft:diamond:0:1"]
    }
  ],
  "rendering": {
    "textObjects": [
      {
        "pos": [0.0,0.0625,2.10688],
        "rot": [0.0,0.0,0.0],
        "scale": 0.125,
        "fieldName": "License Plate",
        "defaultText": "frog",
        "maxLength": 8,
        "color": "#000000"
      },
      {
        "pos": [0.0,0.09375,-0.38188],
        "rot": [0.0,180.0,0.0],
        "scale": 0.125,
        "fieldName": "License Plate",
        "defaultText": "frog",
        "maxLength": 8,
        "color": "#000000"
      }
    ],
    "animatedObjects": [
      {
        "objectName": "$steer",
        "animations": [
          {
            "animationType": "rotation",
            "variable": "rudder",
            "centerPoint": [0.0,0.59375,1.19375],
            "axis": [0.0,0.0,1.0]
          }
        ]
      },
      {
        "objectName": "$gas",
        "animations": [
          {
            "animationType": "rotation",
            "variable": "throttle",
            "centerPoint": [0.0,0.0625,1.1875],
            "axis": [12.5,0.0,0.0]
          }
        ]
      },
      {
        "objectName": "$brake",
        "animations": [
          {
            "animationType": "rotation",
            "variable": "brake",
            "centerPoint": [0.0,0.0625,1.1875],
            "axis": [12.5,0.0,0.0]
          }
        ]
      },
      {
        "objectName": "$p_brake",
        "animations": [
          {
            "animationType": "rotation",
            "variable": "p_brake",
            "centerPoint": [-0.5,0.125,0.96875],
            "axis": [-30.0,0.0,0.0]
          }
        ]
      },
      {
        "objectName": "$shift",
        "animations": [
          {
            "animationType": "rotation",
            "variable": "engine_gearshift_1",
            "centerPoint": [-0.46875,0.125,1.21875],
            "axis": [1.0,0.0,0.0]
          }
        ]
      },
      {
        "objectName": "$doorFL",
        "animations": [
          {
            "animationType": "rotation",
            "variable": "door_f",
            "centerPoint": [0.625,0.5,0.4375],
            "axis": [0.0,60.0,0.0],
            "duration": 5
          }
        ]
      },
      {
        "objectName": "$doorwindowFL",
        "applyAfter": "$doorFL",
        "animations": []
      },
      {
        "objectName": "$hood",
        "animations": [
          {
            "animationType": "rotation",
            "variable": "door_hood",
            "centerPoint": [0.0,0.5625,1.375],
            "axis": [-60.0,0.0,0.0],
            "duration": 5
          }
        ]
      },
      {
        "objectName": "$boot",
        "animations": [
          {
            "animationType": "rotation",
            "variable": "door_boot",
            "centerPoint": [0.0,0.5625,0.1875],
            "axis": [60.0,0.0,0.0],
            "duration": 5
          }
        ]
      }
    ],
    "customVariables": ["windows"],
    "sounds": [
      {
        "name": "iv_tcp:horn_1",
        "activeAnimations": [
          {
            "animationType": "visibility",
            "variable": "horn",
            "clampMin": 1.0,
            "clampMax": 1.0
          }
        ],
        "looping": true
      }
    ],
    "particles": [
      {
        "type": "smoke",
        "activeAnimations": [
          {
            "animationType": "visibility",
            "variable": "engine_piston_1_1_cam_1",
            "clampMin": 1.0,
            "clampMax": 1.0
          }
        ],
        "color": "#D9D9D9",
        "transparency": 0.25,
        "toTransparency": 0.25,
        "scale": 1.0,
        "pos": [0.375,0.03125,-0.375],
        "initialVelocity": [0.0,0.0,-1.0]
      },
      {
        "type": "smoke",
        "activeAnimations": [
          {
            "animationType": "visibility",
            "variable": "engine_backfired_1",
            "clampMin": 1.0,
            "clampMax": 1.0
          }
        ],
        "color": "#000000",
        "scale": 2.5,
        "pos": [0.375,0.03125,-0.375],
        "initialVelocity": [0.0,0.0,-1.0],
        "quantity": 5
      }
    ]
  },
  "prefixFolders": "",
  "packID": "iv_tcp",
  "systemName": "trin_frog",
  "classification": "vehicle",
  "general": {
    "description": "Recommended parts:\nTiny Sized Wheels\ni3 Engine\nModel 3 Seats",
    "materials": ["iv_tcp:pile_of_v2_junk:0:3"]
  }
}
