{
  "motorized": {
    "isFrontWheelDrive": true,
    "isRearWheelDrive": true,
    "hasOpenTop": true,
    "emptyMass": 200,
    "fuelCapacity": 5000,
    "axleRatio": 4.1,
    "brakingFactor": 0.15,
    "dragCoefficient": 0.4,
    "downForce": 0.175,
    "overSteer": 1.5,
    "maxTiltAngle": -5
  },
  "parts": [
    {
      "pos": [0.59375,0.0,0.0],
      "minValue": 0.4,
      "maxValue": 1.01,
      "types": ["ground_wheel"]
    },
    {
      "pos": [-0.59375,0.0,0.0],
      "minValue": 0.4,
      "maxValue": 1.01,
      "types": ["ground_wheel"]
    },
    {
      "pos": [0.59375,0.0,2.125],
      "turnsWithSteer": true,
      "minValue": 0.4,
      "maxValue": 1.01,
      "types": ["ground_wheel"]
    },
    {
      "pos": [-0.59375,0.0,2.125],
      "turnsWithSteer": true,
      "minValue": 0.4,
      "maxValue": 1.01,
      "types": ["ground_wheel"]
    },
    {
      "pos": [0.0,0.62,1.0625],
      "isController": true,
      "types": ["seat_motorcycle"]
    },
    {
      "pos": [0.0,0.62,0.4375],
      "types": ["seat_motorcycle"],
      "additionalParts": [
        {
          "pos": [0.0,0.7,0.4375],
          "rot": [0.0,0.0,0.0],
          "maxValue": 2.0,
          "types": ["interactable_luggage"],
          "customTypes": ["luggage"]
        }
      ]
    },
    {
      "pos": [0.0,-0.0625,0.5625],
      "rot": [0.0,0.0,0.0],
      "maxValue": 0.6,
      "types": ["engine_car"]
    },
    {
      "pos": [0.0,0.75,0.0625],
      "maxValue": 3.0,
      "types": ["generic_gyrophare"]
    },
    {
      "pos": [0.0,0.625,2.25],
      "maxValue": 3.0,
      "types": ["generic_roofdevice"]
    }
  ],
  "collision": [
    {
      "pos": [0.0,0.625,2.0625],
      "width": 1.0,
      "height": 0.125
    },
    {
      "pos": [0.0,0.625,0.125],
      "width": 1.0,
      "height": 0.125
    }
  ],
  "connectionGroups": [
    {
      "groupName": "HOOKUP",
      "hookup": true,
      "connections": [
        {
          "type": "tow_bumper",
          "pos": [0.0,0.0,2.5625],
          "distance": 0.0
        },
        {
          "type": "tow_bumper",
          "pos": [0.0,0.0,-0.1875],
          "distance": 0.0
        },
        {
          "type": "tow_wheel",
          "pos": [0.0,-0.4375,2.125],
          "distance": 0.0
        }
      ]
    },
    {
      "groupName": "TRAILER",
      "canIntiateConnections": true,
      "connections": [
        {
          "type": "trailer_standard",
          "pos": [0.0,0.0,-0.1875],
          "distance": 0.0
        }
      ]
    }
  ],
  "instruments": [
    {
      "pos": [0.0,0.7188,1.6875],
      "rot": [71.0,0.0,0.0],
      "scale": 0.015625,
      "hudX": 200,
      "hudY": 36,
      "hudScale": 0.5
    }
  ],
  "definitions": [
    {
      "subName": "_blue",
      "name": "Trin Forester",
      "extraMaterials": ["minecraft:dye:4:5"]
    },
    {
      "subName": "_brown",
      "name": "Trin Forester",
      "extraMaterials": ["minecraft:dye:3:5"]
    },
    {
      "subName": "_light_blue",
      "name": "Trin Forester",
      "extraMaterials": ["minecraft:dye:12:5"]
    },
    {
      "subName": "_light_gray",
      "name": "Trin Forester",
      "extraMaterials": ["minecraft:dye:7:5"]
    },
    {
      "subName": "_olive",
      "name": "Trin Forester",
      "extraMaterials": ["minecraft:dye:2:5"]
    },
    {
      "subName": "_red",
      "name": "Trin Forester",
      "extraMaterials": ["minecraft:dye:1:5"]
    },
    {
      "subName": "_pure_black",
      "name": "Trin Forester",
      "extraMaterials": ["minecraft:dye:0:10"]
    },
    {
      "subName": "_pure_white",
      "name": "Trin Forester",
      "extraMaterials": ["minecraft:dye:15:10"]
    },
    {
      "subName": "_diamond",
      "name": "Trin Forester",
      "extraMaterials": ["minecraft:dye:12:4","minecraft:diamond:0:1"]
    }
  ],
  "rendering": {
    "textObjects": [],
    "animatedObjects": [
      {
        "objectName": "$gas",
        "animations": [
          {
            "animationType": "rotation",
            "variable": "throttle",
            "centerPoint": [0.0,0.03125,1.25],
            "axis": [12.5,0.0,0.0]
          }
        ]
      },
      {
        "objectName": "$brake",
        "animations": [
          {
            "animationType": "rotation",
            "variable": "brake",
            "centerPoint": [0.0,0.03125,1.25],
            "axis": [12.5,0.0,0.0]
          }
        ]
      },
      {
        "objectName": "$p_brake",
        "animations": [
          {
            "animationType": "rotation",
            "variable": "p_brake",
            "centerPoint": [0.0,0.46875,1.59375],
            "axis": [30.0,0.0,0.0]
          }
        ]
      },
      {
        "objectName": "$shift",
        "animations": [
          {
            "animationType": "rotation",
            "variable": "engine_gearshift_1",
            "centerPoint": [0.0,0.65625,1.71875],
            "axis": [1.0,0.0,0.0]
          }
        ]
      },
      {
        "objectName": "$steer",
        "animations": [
          {
            "animationType": "rotation",
            "variable": "rudder",
            "centerPoint": [0.0,1.0,1.78125],
            "axis": [-0.0,-1.0,-0.0]
          }
        ]
      }
    ],
    "sounds": [],
    "particles": []
  },
  "prefixFolders": "",
  "packID": "iv_tcp",
  "systemName": "trin_forester",
  "classification": "vehicle",
  "general": {
    "description": "Recommended parts:\nAverage Sized Wheels\ni3 Engine\nBike Seats",
    "materials": ["iv_tcp:pile_of_v2_junk:0:2"]
  }
}
