{
  "motorized": {
    "isRearWheelDrive": true,
    "emptyMass": 1400,
    "fuelCapacity": 10000,
    "axleRatio": 3.55,
    "brakingFactor": 1.0,
    "dragCoefficient": 0.27,
    "downForce": 0.35,
    "overSteer": -3.0,
    "maxTiltAngle": -4
  },
  "parts": [
    {
      "pos": [0.84375,0.0,0.0],
      "minValue": 0.4,
      "maxValue": 0.8,
      "types": ["ground_wheel"]
    },
    {
      "pos": [-0.84375,0.0,0.0],
      "minValue": 0.4,
      "maxValue": 0.8,
      "types": ["ground_wheel"]
    },
    {
      "pos": [0.84375,0.0,3.4375],
      "turnsWithSteer": true,
      "minValue": 0.4,
      "maxValue": 0.8,
      "types": ["ground_wheel"],
      "animations": [
        {
          "animationType": "rotation",
          "variable": "rudder",
          "centerPoint": [0.0,0.0,0.0],
          "axis": [0.0,-1.0,0.0]
        }
      ]
    },
    {
      "pos": [-0.84375,0.0,3.4375],
      "turnsWithSteer": true,
      "minValue": 0.4,
      "maxValue": 0.8,
      "types": ["ground_wheel"],
      "animations": [
        {
          "animationType": "rotation",
          "variable": "rudder",
          "centerPoint": [0.0,0.0,0.0],
          "axis": [0.0,-1.0,0.0]
        }
      ]
    },
    {
      "pos": [0.4375,0.34375,2.0625],
      "rot": [0.0,0.0,0.0],
      "dismountPos": [1.4375,0.34375,2.0625],
      "isController": true,
      "types": ["seat"],
      "linkedDoors": ["door_fl"]
    },
    {
      "pos": [-0.4375,0.34375,2.0625],
      "rot": [0.0,0.0,0.0],
      "dismountPos": [-1.4375,0.34375,2.0625],
      "types": ["seat"],
      "additionalParts": [
        {
          "pos": [-0.4375,0.344,2.0625],
          "rot": [0.0,90.0,0.0],
          "maxValue": 2.0,
          "types": ["interactable_luggage"]
        }
      ],
      "linkedDoors": ["door_fr"]
    },
    {
      "pos": [-0.4375,0.344,0.875],
      "rot": [0.0,0.0,0.0],
      "dismountPos": [-1.4375,0.344,0.875],
      "types": ["seat"],
      "additionalParts": [
        {
          "pos": [-0.4375,0.34375,0.875],
          "rot": [0.0,90.0,0.0],
          "maxValue": 2.0,
          "types": ["interactable_luggage"]
        }
      ],
      "linkedDoors": ["door_rr"]
    },
    {
      "pos": [0.4375,0.344,0.875],
      "rot": [0.0,0.0,0.0],
      "dismountPos": [1.4375,0.344,0.875],
      "types": ["seat"],
      "additionalParts": [
        {
          "pos": [0.4375,0.34375,0.875],
          "rot": [0.0,90.0,0.0],
          "maxValue": 2.0,
          "types": ["interactable_luggage"]
        }
      ],
      "linkedDoors": ["door_rl"]
    },
    {
      "pos": [0.0,0.09375,3.03125],
      "rot": [0.0,0.0,0.0],
      "maxValue": 2.0,
      "types": ["engine_car"],
      "linkedDoors": ["door_hood"]
    },
    {
      "pos": [0.0,1.46875,2.0],
      "maxValue": 3.0,
      "types": ["generic_roofdevice"]
    },
    {
      "pos": [0.0,1.46875,1.4375],
      "maxValue": 3.0,
      "types": ["interactable_crate_roof"]
    },
    {
      "pos": [0.0,1.469,2.313],
      "maxValue": 3.0,
      "types": ["generic_lightbar"]
    },
    {
      "pos": [0.0,0.031,4.156],
      "maxValue": 2.0,
      "types": ["generic_bullbar"]
    },
    {
      "pos": [0.0,0.094,-0.219],
      "rot": [0.0,90.0,0.0],
      "maxValue": 3.0,
      "types": ["interactable_luggage"],
      "linkedDoors": ["door_boot"]
    },
    {
      "pos": [0.563,0.125,-0.6],
      "maxValue": 1.0,
      "types": ["generic_bumpersticker"]
    },
    {
      "pos": [0.0,0.125,-0.6],
      "maxValue": 1.0,
      "types": ["generic_bumpersticker"]
    }
  ],
  "collision": [
    {
      "pos": [0.0,0.75,3.563],
      "width": 1.25,
      "height": 0.125
    },
    {
      "pos": [0.0,1.438,1.563],
      "width": 1.375,
      "height": 0.125
    },
    {
      "pos": [0.0,0.75,-0.063],
      "width": 0.625,
      "height": 0.125
    }
  ],
  "doors": [
    {
      "name": "door_fl",
      "closedPos": [0.9375,0.625,1.84375],
      "openPos": [1.90625,0.625,2.375],
      "width": 0.3125,
      "height": 0.125
    },
    {
      "name": "door_fr",
      "closedPos": [-0.9375,0.625,1.84375],
      "openPos": [-1.90625,0.625,2.375],
      "width": 0.3125,
      "height": 0.125
    },
    {
      "name": "door_rl",
      "closedPos": [0.9375,0.625,0.53125],
      "openPos": [1.90625,0.625,1.0],
      "width": 0.3125,
      "height": 0.125
    },
    {
      "name": "door_rr",
      "closedPos": [-0.9375,0.625,0.53125],
      "openPos": [-1.90625,0.625,1.0],
      "width": 0.3125,
      "height": 0.125
    },
    {
      "name": "door_hood",
      "closedPos": [0.0,0.75,3.625],
      "openPos": [0.0,1.375,3.3125],
      "width": 1.0,
      "height": 0.5
    },
    {
      "name": "door_boot",
      "closedPos": [0.0,0.71875,-0.40625],
      "openPos": [0.0,1.09375,-0.34375],
      "width": 0.3125,
      "height": 0.125
    }
  ],
  "connectionGroups": [
    {
      "groupName": "HOOKUP",
      "hookup": true,
      "connections": [
        {
          "type": "tow_bumper",
          "pos": [0.0,0.0,4.226],
          "distance": 0.0
        },
        {
          "type": "tow_bumper",
          "pos": [0.0,0.375,-0.569],
          "distance": 0.0
        },
        {
          "type": "tow_wheel",
          "pos": [0.0,-0.34375,3.4375],
          "distance": 0.0
        }
      ]
    },
    {
      "groupName": "TRAILER",
      "canIntiateConnections": true,
      "connections": [
        {
          "type": "trailer_standard",
          "pos": [0.0,0.375,-0.569],
          "distance": 0.0
        }
      ]
    }
  ],
  "instruments": [
    {
      "pos": [0.75,0.65625,2.83063],
      "rot": [0.0,0.0,0.0],
      "scale": 0.015625,
      "hudX": 80,
      "hudY": 36,
      "hudScale": 0.25
    },
    {
      "pos": [0.59375,0.6875,2.83063],
      "rot": [0.0,0.0,0.0],
      "scale": 0.015625,
      "hudX": 160,
      "hudY": 36,
      "hudScale": 0.5
    },
    {
      "pos": [0.28125,0.6875,2.83063],
      "rot": [0.0,0.0,0.0],
      "scale": 0.015625,
      "hudX": 240,
      "hudY": 36,
      "hudScale": 0.5
    },
    {
      "pos": [0.125,0.65625,2.83063],
      "rot": [0.0,0.0,0.0],
      "scale": 0.015625,
      "hudX": 320,
      "hudY": 36,
      "hudScale": 0.25
    }
  ],
  "definitions": [
    {
      "subName": "_blue",
      "name": "Trin Econocab",
      "extraMaterials": ["minecraft:dye:4:5"]
    },
    {
      "subName": "_brown",
      "name": "Trin Econocab",
      "extraMaterials": ["minecraft:dye:3:5"]
    },
    {
      "subName": "_light_blue",
      "name": "Trin Econocab",
      "extraMaterials": ["minecraft:dye:12:5"]
    },
    {
      "subName": "_light_gray",
      "name": "Trin Econocab",
      "extraMaterials": ["minecraft:dye:7:5"]
    },
    {
      "subName": "_olive",
      "name": "Trin Econocab",
      "extraMaterials": ["minecraft:dye:2:5"]
    },
    {
      "subName": "_red",
      "name": "Trin Econocab",
      "extraMaterials": ["minecraft:dye:1:5"]
    },
    {
      "subName": "_pure_black",
      "name": "Trin Econocab",
      "extraMaterials": ["minecraft:dye:0:10"]
    },
    {
      "subName": "_pure_white",
      "name": "Trin Econocab",
      "extraMaterials": ["minecraft:dye:15:10"]
    },
    {
      "subName": "_diamond",
      "name": "Trin Econocab",
      "extraMaterials": ["minecraft:dye:12:4","minecraft:diamond:0:1"]
    }
  ],
  "rendering": {
    "textObjects": [
      {
        "pos": [0.0,0.081,4.226],
        "rot": [0.0,0.0,0.0],
        "scale": 0.125,
        "fieldName": "License Plate",
        "defaultText": "Econocab",
        "maxLength": 8,
        "color": "#000000"
      },
      {
        "pos": [0.0,0.375,-0.569],
        "rot": [0.0,180.0,0.0],
        "scale": 0.125,
        "fieldName": "License Plate",
        "defaultText": "Econocab",
        "maxLength": 8,
        "color": "#000000"
      }
    ],
    "animatedObjects": [
      {
        "objectName": "$steer",
        "animations": [
          {
            "animationType": "rotation",
            "variable": "rudder",
            "centerPoint": [0.438,0.75,2.719],
            "axis": [0.0,0.0,1.0]
          }
        ]
      },
      {
        "objectName": "$gas",
        "animations": [
          {
            "animationType": "rotation",
            "variable": "throttle",
            "centerPoint": [0.563,0.144,2.75],
            "axis": [-25.0,0.0,0.0]
          }
        ]
      },
      {
        "objectName": "$brake",
        "animations": [
          {
            "animationType": "rotation",
            "variable": "brake",
            "centerPoint": [0.563,0.144,2.75],
            "axis": [-25.0,0.0,0.0]
          }
        ]
      },
      {
        "objectName": "$p_brake",
        "animations": [
          {
            "animationType": "rotation",
            "variable": "p_brake",
            "centerPoint": [0.125,0.156,2.781],
            "axis": [30.0,0.0,0.0]
          }
        ]
      },
      {
        "objectName": "$shift",
        "animations": [
          {
            "animationType": "rotation",
            "variable": "engine_gearshift_1",
            "centerPoint": [0.188,0.156,2.594],
            "axis": [1.0,0.0,0.0]
          }
        ]
      },
      {
        "objectName": "$doorFR",
        "animations": [
          {
            "animationType": "rotation",
            "variable": "door_fr",
            "centerPoint": [-1.0,0.719,2.969],
            "axis": [0.0,60.0,0.0],
            "duration": 5
          }
        ]
      },
      {
        "objectName": "$doorwindowFR",
        "applyAfter": "$doorFR",
        "animations": []
      },
      {
        "objectName": "$doorFL",
        "animations": [
          {
            "animationType": "rotation",
            "variable": "door_fl",
            "centerPoint": [1.0,0.719,2.969],
            "axis": [0.0,-60.0,0.0],
            "duration": 5
          }
        ]
      },
      {
        "objectName": "$doorwindowFL",
        "applyAfter": "$doorFL",
        "animations": []
      },
      {
        "objectName": "$doorRR",
        "animations": [
          {
            "animationType": "rotation",
            "variable": "door_rr",
            "centerPoint": [-1.0,0.719,1.594],
            "axis": [0.0,60.0,0.0],
            "duration": 5
          }
        ]
      },
      {
        "objectName": "$doorwindowRR",
        "applyAfter": "$doorRR",
        "animations": []
      },
      {
        "objectName": "$doorRL",
        "animations": [
          {
            "animationType": "rotation",
            "variable": "door_rl",
            "centerPoint": [1.0,0.719,1.594],
            "axis": [0.0,-60.0,0.0],
            "duration": 5
          }
        ]
      },
      {
        "objectName": "$doorwindowRL",
        "applyAfter": "$doorRL",
        "animations": []
      },
      {
        "objectName": "$hood",
        "animations": [
          {
            "animationType": "rotation",
            "variable": "door_hood",
            "centerPoint": [0.0,0.781,3.094],
            "axis": [-60.0,0.0,0.0],
            "duration": 5
          }
        ]
      },
      {
        "objectName": "$boot",
        "animations": [
          {
            "animationType": "rotation",
            "variable": "door_boot",
            "centerPoint": [0.0,0.781,-0.094],
            "axis": [60.0,0.0,0.0],
            "duration": 5
          }
        ]
      }
    ],
    "customVariables": [],
    "sounds": [
      {
        "name": "iv_tcp:horn_1",
        "activeAnimations": [
          {
            "animationType": "visibility",
            "variable": "horn",
            "clampMin": 1.0,
            "clampMax": 1.0
          }
        ],
        "looping": true
      }
    ],
    "particles": [
      {
        "type": "smoke",
        "activeAnimations": [
          {
            "animationType": "visibility",
            "variable": "engine_piston_1_1_cam_1",
            "clampMin": 1.0,
            "clampMax": 1.0
          }
        ],
        "color": "#D9D9D9",
        "transparency": 0.25,
        "toTransparency": 0.25,
        "scale": 1.0,
        "pos": [-0.612500011920929,0.0625,-0.625],
        "initialVelocity": [0.0,0.0,-1.0]
      },
      {
        "type": "smoke",
        "activeAnimations": [
          {
            "animationType": "visibility",
            "variable": "engine_backfired_1",
            "clampMin": 1.0,
            "clampMax": 1.0
          }
        ],
        "color": "#000000",
        "scale": 2.5,
        "pos": [-0.612500011920929,0.0625,-0.625],
        "initialVelocity": [0.0,0.0,-1.0],
        "quantity": 5
      }
    ]
  },
  "prefixFolders": "",
  "packID": "iv_tcp",
  "systemName": "trin_econocab",
  "classification": "vehicle",
  "general": {
    "description": "Recommended parts:\nSmall Sized Wheels\ni4 Engine\nModel 1 Seats",
    "materials": ["iv_tcp:pile_of_v2_junk:0:5"]
  }
}
