{
  "motorized": {
    "hasOpenTop": true,
    "emptyMass": 500,
    "fuelCapacity": 20000,
    "brakingFactor": 0.5,
    "downForce": 0.1,
    "overSteer": -2.0,
    "maxTiltAngle": 7
  },
  "parts": [
    {
      "pos": [0.0,0.6875,-0.8125],
      "isController": true,
      "types": ["seat"]
    },
    {
      "pos": [0.0,0.6875,-3.1],
      "rot": [0.0,0.0,0.0],
      "turnsWithSteer": true,
      "maxValue": 1.0,
      "types": ["engine_boat"]
    },
    {
      "pos": [0.0,2.1875,0.375],
      "maxValue": 3.0,
      "types": ["generic_lightbar"]
    },
    {
      "pos": [0.0,2.1875,0.0],
      "maxValue": 3.0,
      "types": ["generic_roofdevice"]
    },
    {
      "pos": [0.0,0.9375,3.21875],
      "maxValue": 3.0,
      "types": ["generic_gyrophare"]
    }
  ],
  "collision": [
    {
      "pos": [0.0,0.0625,2.875],
      "width": 1.0,
      "height": 0.125,
      "collidesWithLiquids": true
    },
    {
      "pos": [0.0,0.0625,1.0625],
      "width": 2.625,
      "height": 0.125,
      "collidesWithLiquids": true
    },
    {
      "pos": [0.0,0.0625,-1.5625],
      "width": 2.625,
      "height": 0.125,
      "collidesWithLiquids": true
    },
    {
      "pos": [0.0,0.9375,0.4375],
      "width": 0.5,
      "height": 0.125
    },
    {
      "pos": [0.0,2.25,-0.3125],
      "width": 1.0,
      "height": 0.125
    }
  ],
  "connectionGroups": [],
  "instruments": [
    {
      "pos": [0.3125,0.8125,0.0625],
      "rot": [0.0,0.0,0.0],
      "scale": 0.015625,
      "hudX": 80,
      "hudY": 36,
      "hudScale": 0.25
    },
    {
      "pos": [0.125,0.8125,0.0625],
      "rot": [0.0,0.0,0.0],
      "scale": 0.015625,
      "hudX": 160,
      "hudY": 36,
      "hudScale": 0.5
    },
    {
      "pos": [-0.125,0.8125,0.0625],
      "rot": [0.0,0.0,0.0],
      "scale": 0.015625,
      "hudX": 240,
      "hudY": 36,
      "hudScale": 0.5
    },
    {
      "pos": [-0.3125,0.8125,0.0625],
      "rot": [0.0,0.0,0.0],
      "scale": 0.015625,
      "hudX": 320,
      "hudY": 36,
      "hudScale": 0.25
    }
  ],
  "definitions": [
    {
      "subName": "_blue",
      "name": "Trin Flide",
      "extraMaterials": ["minecraft:dye:4:5"]
    },
    {
      "subName": "_brown",
      "name": "Trin Flide",
      "extraMaterials": ["minecraft:dye:3:5"]
    },
    {
      "subName": "_light_blue",
      "name": "Trin Flide",
      "extraMaterials": ["minecraft:dye:12:5"]
    },
    {
      "subName": "_light_gray",
      "name": "Trin Flide",
      "extraMaterials": ["minecraft:dye:7:5"]
    },
    {
      "subName": "_olive",
      "name": "Trin Flide",
      "extraMaterials": ["minecraft:dye:2:5"]
    },
    {
      "subName": "_red",
      "name": "Trin Flide",
      "extraMaterials": ["minecraft:dye:1:5"]
    },
    {
      "subName": "_pure_black",
      "name": "Trin Flide",
      "extraMaterials": ["minecraft:dye:0:10"]
    },
    {
      "subName": "_pure_white",
      "name": "Trin Flide",
      "extraMaterials": ["minecraft:dye:15:10"]
    },
    {
      "subName": "_diamond",
      "name": "Trin Flide",
      "extraMaterials": ["minecraft:dye:12:4","minecraft:diamond:0:1"]
    }
  ],
  "rendering": {
    "textObjects": [],
    "animatedObjects": [
      {
        "objectName": "$steer",
        "animations": [
          {
            "animationType": "rotation",
            "variable": "rudder",
            "centerPoint": [0.0,0.9375,0.0],
            "axis": [-0.0,-0.0,1.0]
          }
        ]
      }
    ],
    "sounds": [],
    "particles": []
  },
  "prefixFolders": "",
  "packID": "iv_tcp",
  "systemName": "trin_flide",
  "classification": "vehicle",
  "general": {
    "description": "Recommended parts:\nOutboard Boat Engine\nModel 2 Seat",
    "materials": ["iv_tcp:pile_of_v2_junk:0:6"]
  }
}
