{
  "generic": {
    "type": "generic_engine_upgrade",
    "mustBeRemovedByScrewdriver": true,
    "width": 0.375,
    "height": 0.25,
    "mass": 20
  },
  "definitions": [
    {
      "subName": "",
      "modelName": "enginemod",
      "name": "FRM Upgrade LVL1",
      "extraMaterialLists": [
        []
      ]
    }
  ],
  "variableModifiers": [
    {
      "variable": "generic_engine_upgrade",
      "animations": [
        {
          "animationType": "translation",
          "variable": "!owo",
          "axis": [0.0,0.0,0.125]
        }
      ]
    }
  ],
  "rendering": {
    "animatedObjects": [
      {
        "objectName": "cube",
        "animations": [
          {
            "animationType": "translation",
            "variable": "fuelConsumption",
            "axis": [0.0,1.0,0.0]
          }
        ]
      }
    ],
    "lightObjects": [],
    "particles": [],
    "modelType": "obj"
  },
  "general": {
    "name": "FRM Upgrade",
    "description": "Can be installed onto engines for additional power\nIncreases horsepower by 12.5%\nUse a screwdriver to remove this part",
    "stackSize": 64,
    "radarWidth": 0.0,
    "radarRange": 0.0,
    "health": 80,
    "materialLists": [
      ["oredict:ingotIron:3","mts:ivv.tcalloy:-1:3"]
    ]
  }
}
