{
  "generic": {
    "type": "engine_car",
    "forwardsDamageMultiplier": 1.0,
    "mass": 360,
    "activeAnimations": [
      {
        "animationType": "visibility",
        "variable": "engine_hours",
        "clampMin": -0.01,
        "clampMax": 500.0
      }
    ]
  },
  "engine": {
    "type": "magic",
    "starterPower": 80,
    "shiftSpeed": 3,
    "clutchTime": 10,
    "revResistance": 4,
    "maxRPM": 07700,
    "maxSafeRPM": 07700,
    "idleRPM": 0,
    "startRPM": 0,
    "revlimitRPM": 07700,
    "revlimitBounce": 8,
    "stallRPM": 0,
    "engineWinddownRate": 300,
    "heatingCoefficient": 0.75,
    "coolingCoefficient": 0.75,
    "engineWearFactor": 6.66,
    "fuelConsumption": 0.3,
    "gearRatios": [-3.0,0.0,4.0,2.0,1.0],
    "fuelType": "nothing",
    "superchargerFuelConsumption": -0.3,
    "superchargerEfficiency": -0.25,
    "isCrankingNotPitched": true
  },
  "definitions": [
    {
      "subName": "",
      "name": "Experimental 'BlueBox' I4",
      "extraMaterialLists": [
        []
      ]
    }
  ],
  "constantValues": {
    "engine_timerotor": 1.0
  },
  "variableModifiers": [
    {
      "variable": "engine_obdiii_error",
      "animations": [
        {
          "animationType": "translation",
          "variable": "!built_atlas_tough",
          "axis": [0.0,0.0,1.0]
        }
      ]
    },
    {
      "variable": "bench_tomfuckery",
      "animations": [
        {
          "animationType": "visibility",
          "variable": "8_2_8_cycle",
          "clampMin": 1.0,
          "clampMax": 1.0
        },
        {
          "animationType": "translation",
          "variable": "random",
          "axis": [0.0,0.0,327.67],
          "offset": 0.33
        }
      ]
    },
    {
      "variable": "parent_bench_engine_integrity",
      "animations": [
        {
          "animationType": "translation",
          "variable": "bench_tomfuckery",
          "axis": [0.0,0.0,1.0]
        }
      ]
    },
    {
      "variable": "engine_obdiii_present",
      "animations": [
        {
          "animationType": "visibility",
          "variable": "random",
          "clampMin": 0.125,
          "clampMax": 1.0
        },
        {
          "animationType": "visibility",
          "variable": "8_2_8_cycle",
          "clampMin": 1.0,
          "clampMax": 1.0
        },
        {
          "animationType": "translation",
          "variable": "!built_atlas_tough",
          "axis": [0.0,0.0,1.0]
        }
      ]
    },
    {
      "variable": "engine_obdiii_present",
      "animations": [
        {
          "animationType": "visibility",
          "variable": "random",
          "clampMax": 0.125
        },
        {
          "animationType": "visibility",
          "variable": "8_2_8_cycle",
          "clampMin": 1.0,
          "clampMax": 1.0
        },
        {
          "animationType": "translation",
          "variable": "time_vortex_distortion",
          "axis": [0.0,0.0,1.0]
        }
      ]
    },
    {
      "variable": "engine_obdiii_horsepower",
      "animations": [
        {
          "animationType": "visibility",
          "variable": "8_2_8_cycle",
          "clampMin": 1.0,
          "clampMax": 1.0
        },
        {
          "animationType": "translation",
          "variable": "tick_cos",
          "axis": [0.0,0.0,119.5],
          "offset": 119.5
        },
        {
          "animationType": "translation",
          "variable": "engine_hours",
          "axis": [-1.5E-4,0.0,0.0],
          "offset": 1.0,
          "clampMin": 0.5
        }
      ]
    },
    {
      "variable": "engine_obdiii_torque",
      "animations": [
        {
          "animationType": "visibility",
          "variable": "8_2_8_cycle",
          "clampMin": 1.0,
          "clampMax": 1.0
        },
        {
          "animationType": "translation",
          "variable": "tick_sin",
          "axis": [0.0,0.0,-90.0],
          "offset": 180.0
        },
        {
          "animationType": "translation",
          "variable": "engine_hours",
          "axis": [-1.5E-4,0.0,0.0],
          "offset": 1.0,
          "clampMin": 0.5
        }
      ]
    },
    {
      "variable": "engine_checklight",
      "maxValue": 1.0,
      "animations": [
        {
          "animationType": "translation",
          "variable": "idiot_lightbulb",
          "axis": [0.0,0.0,1.0]
        },
        {
          "animationType": "translation",
          "variable": "engine_hours",
          "axis": [0.0,1.0,0.0],
          "offset": -500.0,
          "clampMin": 1.25E-4,
          "clampMax": 1.0
        },
        {
          "animationType": "translation",
          "variable": "engine_temp",
          "axis": [0.0,1.0,0.0],
          "offset": -110.0,
          "clampMin": 1.25E-4,
          "clampMax": 1.0
        },
        {
          "animationType": "translation",
          "variable": "engine_oilleak",
          "axis": [0.0,1.0,0.0]
        }
      ]
    },
    {
      "variable": "heatingCoefficient",
      "animations": [
        {
          "animationType": "translation",
          "variable": "engine_rpm_percent_safe",
          "axis": [1.0,0.0,0.0]
        },
        {
          "animationType": "inhibitor",
          "variable": "engine_temp",
          "clampMin": -32767.0,
          "clampMax": 105.0
        },
        {
          "animationType": "translation",
          "variable": "!cooling",
          "axis": [0.5,0.0,0.0]
        }
      ]
    },
    {
      "variable": "coolingCoefficient",
      "animations": [
        {
          "animationType": "translation",
          "variable": "engine_rpm_percent_safe",
          "axis": [1.0,0.0,0.0]
        },
        {
          "animationType": "inhibitor",
          "variable": "engine_temp",
          "clampMin": -32767.0,
          "clampMax": 105.0
        },
        {
          "animationType": "translation",
          "variable": "!cooling",
          "axis": [2.0,0.0,0.0]
        }
      ]
    },
    {
      "variable": "idleRPM",
      "animations": [
        {
          "animationType": "translation",
          "variable": "2_4_2_cycle",
          "axis": [0.0,60.0,0.0],
          "offset": 870.0,
          "duration": 4,
          "forwardsEasing": "easeinoutsine",
          "reverseEasing": "easeinoutsine"
        },
        {
          "animationType": "translation",
          "variable": "tick_sin",
          "axis": [0.0,30.0,0.0]
        },
        {
          "animationType": "translation",
          "variable": "throttle",
          "axis": [1.0,0.0,0.0]
        }
      ]
    },
    {
      "variable": "startRPM",
      "animations": [
        {
          "animationType": "translation",
          "variable": "throttle",
          "axis": [0.0,0.0,350.0]
        }
      ]
    },
    {
      "variable": "stallRPM",
      "animations": [
        {
          "animationType": "translation",
          "variable": "throttle",
          "axis": [0.0,0.0,250.0]
        }
      ]
    },
    {
      "variable": "engineWearFactor",
      "animations": [
        {
          "animationType": "translation",
          "variable": "engine_rpm_percent_safe",
          "axis": [1.0,0.0,0.0]
        }
      ]
    },
    {
      "variable": "revResistance",
      "animations": [
        {
          "animationType": "translation",
          "variable": "engine_rpm_percent_safe",
          "axis": [-3.875,0.0,0.0],
          "offset": 4.0,
          "clampMin": 1.0,
          "clampMax": 4.0
        }
      ]
    },
    {
      "variable": "revlimitBounce",
      "animations": [
        {
          "animationType": "translation",
          "variable": "engine_rpm_percent_safe",
          "axis": [-3.875,0.0,0.0],
          "offset": 4.0,
          "clampMin": 1.0,
          "clampMax": 4.0
        }
      ]
    },
    {
      "variable": "engine_clutching",
      "maxValue": 1.0,
      "animations": [
        {
          "animationType": "translation",
          "variable": "engine_clutch_upshift",
          "axis": [0.0,3.0,0.0],
          "offset": -1.0
        },
        {
          "animationType": "translation",
          "variable": "engine_clutch_downshift",
          "axis": [0.0,3.0,0.0],
          "offset": -1.0
        }
      ]
    },
    {
      "variable": "currentGearRatio",
      "animations": [
        {
          "animationType": "translation",
          "variable": "engine_rpm_percent_safe",
          "axis": [0.75,0.0,0.0],
          "offset": 0.25,
          "clampMin": 0.5,
          "clampMax": 1.0
        },
        {
          "animationType": "translation",
          "variable": "engine_clutching",
          "axis": [-1.0,0.0,0.0],
          "offset": 1.0
        },
        {
          "animationType": "inhibitor",
          "variable": "speed",
          "clampMin": 0.5,
          "clampMax": 32767.0
        },
        {
          "animationType": "translation",
          "variable": "!throttle",
          "axis": [-1.0,0.0,0.0],
          "offset": 1.0,
          "duration": 6
        },
        {
          "animationType": "inhibitor",
          "variable": "engine_rpm_percent_safe",
          "clampMin": 0.375,
          "clampMax": 32767.0
        },
        {
          "animationType": "activator",
          "variable": "blah"
        },
        {
          "animationType": "translation",
          "variable": "engine_rpm_percent_safe",
          "axis": [-2.0,0.0,0.0],
          "offset": 3.0,
          "clampMin": -0.0125,
          "clampMax": 1.0
        },
        {
          "animationType": "translation",
          "variable": "!p_brake",
          "axis": [1.0,0.0,0.0]
        }
      ]
    }
  ],
  "rendering": {
    "lightObjects": [
      {
        "objectName": "glow1",
        "emissive": true,
        "isElectric": true,
        "color": "F0CB16",
        "brightnessAnimations": [
          {
            "animationType": "translation",
            "variable": "throttle",
            "axis": [0.0,0.125,0.0]
          },
          {
            "animationType": "translation",
            "variable": "15_30_15_cycle",
            "axis": [0.0,0.25,0.0],
            "offset": 0.625,
            "duration": 15
          },
          {
            "animationType": "translation",
            "variable": "engine_piston_2_8",
            "axis": [0.0,0.0625,0.0],
            "duration": 1,
            "forwardsDelay": -1
          }
        ]
      },
      {
        "objectName": "glow2",
        "emissive": true,
        "isElectric": true,
        "color": "F0CB16",
        "brightnessAnimations": [
          {
            "animationType": "translation",
            "variable": "throttle",
            "axis": [0.0,0.125,0.0]
          },
          {
            "animationType": "translation",
            "variable": "15_30_15_cycle",
            "axis": [0.0,0.25,0.0],
            "offset": 0.625,
            "duration": 15
          },
          {
            "animationType": "translation",
            "variable": "engine_piston_4_8",
            "axis": [0.0,0.0625,0.0],
            "duration": 1,
            "forwardsDelay": -1
          }
        ]
      },
      {
        "objectName": "glow3",
        "emissive": true,
        "isElectric": true,
        "color": "F0CB16",
        "brightnessAnimations": [
          {
            "animationType": "translation",
            "variable": "throttle",
            "axis": [0.0,0.125,0.0]
          },
          {
            "animationType": "translation",
            "variable": "15_30_15_cycle",
            "axis": [0.0,0.25,0.0],
            "offset": 0.625,
            "duration": 15
          },
          {
            "animationType": "translation",
            "variable": "engine_piston_6_8",
            "axis": [0.0,0.0625,0.0],
            "duration": 1,
            "forwardsDelay": -1
          }
        ]
      },
      {
        "objectName": "glow4",
        "emissive": true,
        "isElectric": true,
        "color": "F0CB16",
        "brightnessAnimations": [
          {
            "animationType": "translation",
            "variable": "throttle",
            "axis": [0.0,0.125,0.0]
          },
          {
            "animationType": "translation",
            "variable": "15_30_15_cycle",
            "axis": [0.0,0.25,0.0],
            "offset": 0.625,
            "duration": 15
          },
          {
            "animationType": "translation",
            "variable": "engine_piston_8_8",
            "axis": [0.0,0.0625,0.0],
            "duration": 1,
            "forwardsDelay": -1
          }
        ]
      }
    ],
    "sounds": [
      {
        "name": "ivv:blueboxambientshort",
        "activeAnimations": [
          {
            "animationType": "visibility",
            "variable": "engine_magneto",
            "clampMax": 1.0
          }
        ],
        "looping": true,
        "minDistance": 0.0,
        "minDistanceVolume": 1.0,
        "middleDistance": 2.0,
        "middleDistanceVolume": 0.125,
        "maxDistance": 4.0,
        "maxDistanceVolume": 0.0
      },
      {
        "name": "ivv:super1",
        "activeAnimations": [
          {
            "animationType": "visibility",
            "variable": "!speed"
          },
          {
            "animationType": "inhibitor",
            "variable": "parent_vehicle_engine_gear_straightcut",
            "clampMin": 1.0,
            "clampMax": 1.0
          },
          {
            "animationType": "visibility",
            "variable": "engine_reversed",
            "clampMin": 1.0,
            "clampMax": 1.0,
            "reverseDelay": 3
          }
        ],
        "volumeAnimations": [
          {
            "animationType": "translation",
            "variable": "speed",
            "axis": [0.0,0.1,0.0],
            "clampMax": 1.0
          },
          {
            "animationType": "translation",
            "variable": "slip",
            "axis": [0.0,0.0125,0.0],
            "clampMax": 0.5,
            "absolute": true
          },
          {
            "animationType": "translation",
            "variable": "engine_clutching",
            "axis": [0.0,-1.0,0.0],
            "duration": 3
          },
          {
            "animationType": "translation",
            "variable": "!throttle",
            "axis": [0.0,-0.375,0.0],
            "duration": 3
          }
        ],
        "pitchAnimations": [
          {
            "animationType": "translation",
            "variable": "engine_gear",
            "axis": [0.0,0.05,0.0],
            "absolute": true
          },
          {
            "animationType": "translation",
            "variable": "speed",
            "axis": [0.0,0.075,0.0],
            "offset": 0.1875
          },
          {
            "animationType": "translation",
            "variable": "slip",
            "axis": [0.0,0.0125,0.0],
            "absolute": true
          },
          {
            "animationType": "translation",
            "variable": "!throttle",
            "axis": [0.0,-0.125,0.0],
            "duration": 3
          }
        ],
        "looping": true,
        "minDistance": 0.0,
        "minDistanceVolume": 0.5,
        "middleDistance": 8.0,
        "middleDistanceVolume": 0.125,
        "maxDistance": 16.0,
        "maxDistanceVolume": 0.0
      },
      {
        "name": "ivv:transmissionfailshift1",
        "soundVariations": [
          "ivv:transmissionfailshift1",
          "ivv:transmissionfailshift2",
          "ivv:transmissionfailshift3",
          "ivv:transmissionfailshift4"
        ],
        "activeAnimations": [
          {
            "animationType": "visibility",
            "variable": "engine_badshift",
            "clampMin": 1.0,
            "clampMax": 1.0
          }
        ],
        "pitchAnimations": [
          {
            "animationType": "translation",
            "variable": "random",
            "axis": [0.0,0.125,0.0],
            "offset": -0.0625
          },
          {
            "animationType": "translation",
            "variable": "speed",
            "axis": [0.0,0.0125,0.0],
            "offset": 0.75,
            "clampMin": 0.875,
            "clampMax": 1.25
          }
        ],
        "forceSound": true,
        "minDistance": 0.0,
        "minDistanceVolume": 1.0,
        "middleDistance": 8.0,
        "middleDistanceVolume": 0.25,
        "maxDistance": 32.0,
        "maxDistanceVolume": 0.0
      },
      {
        "name": "ivv:transmissionmanualshift1",
        "soundVariations": [
          "ivv:transmissionmanualshift1",
          "ivv:transmissionmanualshift2",
          "ivv:transmissionmanualshift3",
          "ivv:transmissionmanualshift4"
        ],
        "activeAnimations": [
          {
            "animationType": "visibility",
            "variable": "engine_clutching",
            "clampMin": 1.0,
            "clampMax": 1.0
          }
        ],
        "minDistance": 0.0,
        "minDistanceVolume": 0.0,
        "middleDistance": 0.0,
        "middleDistanceVolume": 0.0,
        "maxDistance": 16.0,
        "maxDistanceVolume": 0.0
      },
      {
        "name": "ivv:jumpercable",
        "activeAnimations": [
          {
            "animationType": "visibility",
            "variable": "engine_jumper_cable",
            "clampMin": 1.0,
            "clampMax": 1.0
          }
        ],
        "pitchAnimations": [
          {
            "animationType": "translation",
            "variable": "tick_sin",
            "axis": [0.0,0.0625,0.0],
            "offset": 1.0
          },
          {
            "animationType": "translation",
            "variable": "random",
            "axis": [0.0,0.0625,0.0],
            "offset": -0.0375
          }
        ],
        "minDistance": 0.0,
        "minDistanceVolume": 0.0,
        "middleDistance": 0.0,
        "middleDistanceVolume": 0.0,
        "maxDistance": 16.0,
        "maxDistanceVolume": 0.0
      },
      {
        "name": "ivv:jumpercable",
        "activeAnimations": [
          {
            "animationType": "visibility",
            "variable": "engine_hours",
            "clampMin": 500.0,
            "clampMax": 2147483647.0
          },
          {
            "animationType": "visibility",
            "variable": "engine_magneto",
            "clampMin": 1.0,
            "clampMax": 1.0
          }
        ],
        "pitchAnimations": [
          {
            "animationType": "translation",
            "variable": "tick_sin",
            "axis": [0.0,0.0625,0.0],
            "offset": 1.0
          },
          {
            "animationType": "translation",
            "variable": "random",
            "axis": [0.0,0.0625,0.0],
            "offset": -0.0375
          }
        ],
        "minDistance": 0.0,
        "minDistanceVolume": 0.0,
        "middleDistance": 0.0,
        "middleDistanceVolume": 0.0,
        "maxDistance": 16.0,
        "maxDistanceVolume": 0.0
      },
      {
        "name": "ivv:crankmedian2start",
        "activeAnimations": [
          {
            "animationType": "visibility",
            "variable": "engine_starter",
            "clampMin": 1.0,
            "clampMax": 1.0
          }
        ],
        "minDistance": 0.0,
        "minDistanceVolume": 0.0,
        "middleDistance": 0.0,
        "middleDistanceVolume": 0.0,
        "maxDistance": 0.0,
        "maxDistanceVolume": 0.0
      },
      {
        "name": "ivv:crankmedian2",
        "activeAnimations": [
          {
            "animationType": "visibility",
            "variable": "engine_starter",
            "clampMin": 1.0,
            "clampMax": 1.0,
            "forwardsDelay": 15
          }
        ],
        "volumeAnimations": [
          {
            "animationType": "translation",
            "variable": "electric_power",
            "axis": [0.0,0.25,0.0],
            "offset": 1.0,
            "clampMin": 1.0,
            "clampMax": 1.0
          }
        ],
        "pitchAnimations": [
          {
            "animationType": "translation",
            "variable": "electric_power",
            "axis": [0.0,0.0,0.0],
            "offset": 1.0,
            "clampMin": 1.0,
            "clampMax": 1.0
          }
        ],
        "looping": true,
        "minDistance": 0.0,
        "minDistanceVolume": 0.0,
        "middleDistance": 0.0,
        "middleDistanceVolume": 0.0,
        "maxDistance": 0.0,
        "maxDistanceVolume": 0.0
      },
      {
        "name": "ivv:crankmedian2stop",
        "activeAnimations": [
          {
            "animationType": "visibility",
            "variable": "engine_starter"
          }
        ],
        "minDistance": 0.0,
        "minDistanceVolume": 0.0,
        "middleDistance": 0.0,
        "middleDistanceVolume": 0.0,
        "maxDistance": 0.0,
        "maxDistanceVolume": 0.0
      },
      {
        "name": "ivv:transmissionmanualgrinding",
        "activeAnimations": [
          {
            "animationType": "visibility",
            "variable": "engine_badshift",
            "clampMin": 1.0,
            "clampMax": 1.0
          }
        ],
        "pitchAnimations": [
          {
            "animationType": "translation",
            "variable": "engine_rpm_percent",
            "axis": [0.0,0.25,0.0],
            "offset": 1.0
          }
        ],
        "forceSound": true,
        "minDistance": 0.0,
        "minDistanceVolume": 0.0,
        "middleDistance": 0.0,
        "middleDistanceVolume": 0.0,
        "maxDistance": 0.0,
        "maxDistanceVolume": 0.0
      },
      {
        "name": "ivv:transmissionmanualshiftup",
        "activeAnimations": [
          {
            "animationType": "visibility",
            "variable": "engine_clutch_upshift",
            "clampMin": 1.0,
            "clampMax": 1.0,
            "forwardsDelay": 1
          }
        ],
        "minDistance": 0.0,
        "minDistanceVolume": 0.0,
        "middleDistance": 0.0,
        "middleDistanceVolume": 0.0,
        "maxDistance": 0.0,
        "maxDistanceVolume": 0.0
      },
      {
        "name": "ivv:transmissionmanualshiftdown",
        "activeAnimations": [
          {
            "animationType": "visibility",
            "variable": "engine_clutch_downshift",
            "clampMin": 1.0,
            "clampMax": 1.0,
            "forwardsDelay": 1
          }
        ],
        "minDistance": 0.0,
        "minDistanceVolume": 0.0,
        "middleDistance": 0.0,
        "middleDistanceVolume": 0.0,
        "maxDistance": 0.0,
        "maxDistanceVolume": 0.0
      },
      {
        "name": "ivv:blueboxtick",
        "activeAnimations": [
          {
            "animationType": "visibility",
            "variable": "engine_running",
            "clampMin": 1.0,
            "clampMax": 1.0,
            "reverseDelay": 420
          }
        ],
        "volumeAnimations": [
          {
            "animationType": "translation",
            "variable": "engine_running",
            "axis": [0.0,1.0,0.0],
            "offset": -1.0,
            "reverseDelay": 40
          },
          {
            "animationType": "translation",
            "variable": "throttle",
            "axis": [0.0,0.25,0.0],
            "offset": 0.75
          }
        ],
        "pitchAnimations": [
          {
            "animationType": "inhibitor",
            "variable": "fuel"
          },
          {
            "animationType": "translation",
            "variable": "engine_running",
            "axis": [0.0,1.0,0.0],
            "offset": -1.0,
            "duration": 20
          },
          {
            "animationType": "translation",
            "variable": "throttle",
            "axis": [0.0,0.05,0.0],
            "offset": 1.2
          }
        ],
        "looping": true,
        "minDistance": 0.0,
        "minDistanceVolume": 0.0,
        "middleDistance": 0.0,
        "middleDistanceVolume": 0.0,
        "maxDistance": 0.0,
        "maxDistanceVolume": 0.0
      },
      {
        "name": "ivv:i4load",
        "activeAnimations": [
          {
            "animationType": "visibility",
            "variable": "engine_running",
            "clampMin": 1.0,
            "clampMax": 1.0
          }
        ],
        "volumeAnimations": [
          {
            "animationType": "translation",
            "variable": "throttle",
            "axis": [0.0,0.5,0.0],
            "offset": -0.25
          },
          {
            "animationType": "translation",
            "variable": "engine_rpm_percent",
            "axis": [0.0,1.75,0.0],
            "offset": 0.05
          }
        ],
        "pitchAnimations": [
          {
            "animationType": "translation",
            "variable": "throttle",
            "axis": [0.0,0.0125,0.0],
            "offset": -0.0125
          },
          {
            "animationType": "translation",
            "variable": "engine_rpm_percent",
            "axis": [0.0,2.5,0.0]
          }
        ],
        "looping": true,
        "minDistance": 0.0,
        "minDistanceVolume": 0.0,
        "middleDistance": 0.0,
        "middleDistanceVolume": 0.0,
        "maxDistance": 0.0,
        "maxDistanceVolume": 0.0
      },
      {
        "name": "ivv:blueboxwhirrmid",
        "activeAnimations": [
          {
            "animationType": "visibility",
            "variable": "engine_running",
            "clampMin": 1.0,
            "clampMax": 1.0
          }
        ],
        "volumeAnimations": [
          {
            "animationType": "translation",
            "variable": "engine_rpm_percent_safe",
            "axis": [0.0,0.5,0.0],
            "clampMax": 0.5
          },
          {
            "animationType": "translation",
            "variable": "throttle",
            "axis": [0.0,0.125,0.0],
            "offset": -0.125
          },
          {
            "animationType": "translation",
            "variable": "throttle",
            "axis": [0.0,0.125,0.0],
            "offset": -0.125,
            "duration": 5
          }
        ],
        "pitchAnimations": [
          {
            "animationType": "translation",
            "variable": "engine_rpm_percent_safe",
            "axis": [0.0,0.375,0.0],
            "offset": 0.625
          }
        ],
        "looping": true,
        "minDistance": 0.0,
        "minDistanceVolume": 1.0,
        "middleDistance": 6.0,
        "middleDistanceVolume": 0.125,
        "maxDistance": 12.0,
        "maxDistanceVolume": 0.0
      }
    ],
    "particles": [
      {
        "type": "generic",
        "spawningOrientation": "entity",
        "renderingOrientation": "player",
        "quantity": 8,
        "duration": 10,
        "transparency": 0.375,
        "fadeTransparencyTime": 5,
        "scale": 0.025,
        "toScale": 0.05,
        "hitboxSize": 0.1,
        "texture": "ivv:textures/particles/pattern7.png",
        "color": "EDAC28",
        "pos": [0.0,0.25,0.375],
        "spreadRandomness": [0.25,0.5,0.25],
        "initialVelocity": [0.0,0.625,0.125],
        "movementVelocity": [0.0,-0.01,0.0],
        "terminalVelocity": [2048.0,2048.0,2048.0],
        "activeAnimations": [
          {
            "animationType": "visibility",
            "variable": "engine_hours",
            "clampMin": 500.0,
            "clampMax": 2147483647.0
          },
          {
            "animationType": "visibility",
            "variable": "engine_magneto",
            "clampMin": 1.0,
            "clampMax": 1.0
          }
        ]
      },
      {
        "type": "generic",
        "spawningOrientation": "entity",
        "renderingOrientation": "player",
        "quantity": 8,
        "duration": 10,
        "transparency": 0.375,
        "fadeTransparencyTime": 5,
        "scale": 0.025,
        "toScale": 0.05,
        "hitboxSize": 0.1,
        "texture": "ivv:textures/particles/pattern7.png",
        "color": "EDAC28",
        "pos": [0.0,0.25,0.375],
        "spreadRandomness": [0.25,0.5,0.25],
        "initialVelocity": [0.0,0.625,0.125],
        "movementVelocity": [0.0,-0.01,0.0],
        "terminalVelocity": [2048.0,2048.0,2048.0],
        "activeAnimations": [
          {
            "animationType": "visibility",
            "variable": "engine_jumper_cable",
            "clampMin": 1.0,
            "clampMax": 1.0
          }
        ]
      }
    ],
    "modelType": "obj"
  },
  "general": {
    "name": "IVLabs ''BlueBox'' Experimental Motor §9(Automatic)",
    "description": "1.8L12V Experimental IVLabs Motor\nExperimental ''fuel conservation'' self-propelled temporal dilation engine using human-attainable resources and engineering, while being feasibly mass-producable\nExperiment Results: Failure due to poor drivability, lack of reliable production using Earth-based engineering, maintenance safety risks and political sabotage",
    "health": 100,
    "materialLists": [
      [
        "mts:ivv.engineblock:0:1",
        "minecraft:ender_pearl:0:4",
        "minecraft:nether_star:0:1",
        "mts:ivv.gearboxauto:0:1"
      ]
    ],
    "repairMaterialLists": [
      [
        "mts:ivv.oilcan:0:1",
        "mts:ivv.tape:0:1"
      ]
    ],
    "radarWidth": 0.0,
    "radarRange": 0.0
  }
}
