{
  "generic": {
    "type": "engine_car",
    "forwardsDamageMultiplier": 1.0,
    "mass": 200
  },
  "engine": {
    "type": "magic",
    "disableAutomaticStarter": true,
    "shiftSpeed": 1,
    "forceShift": true,
    "revResistance": 8,
    "maxRPM": 20000,
    "maxSafeRPM": 21250,
    "revlimitRPM": -1,
    "revlimitBounce": 8,
    "idleRPM": -1,
    "startRPM": -1,
    "stallRPM": -1,
    "engineWinddownRate": 50,
    "heatingCoefficient": 0.0625,
    "coolingCoefficient": 4.0,
    "engineWearFactor": 4.0,
    "fuelConsumption": 0.33,
    "gearRatios": [-12.0,0.0,12.0],
    "fuelType": "nothing",
    "superchargerFuelConsumption": -0.33,
    "superchargerEfficiency": -0.5
  },
  "definitions": [
    {
      "subName": "",
      "extraMaterialLists": [
        []
      ]
    }
  ],
  "variableModifiers": [
    {
      "variable": "engine_gear_true",
      "animations": [
        {
          "animationType": "translation",
          "variable": "engine_gear",
          "axis": [0.0,0.0,1.0],
          "absolute": true
        }
      ]
    },
    {
      "variable": "engineWearFactor",
      "animations": [
        {
          "animationType": "translation",
          "variable": "engine_rpm_percent",
          "axis": [0.0,0.0,4.0]
        }
      ]
    },
    {
      "variable": "revResistance",
      "animations": [
        {
          "animationType": "visibility",
          "variable": "engine_gear_true"
        },
        {
          "animationType": "translation",
          "variable": "engine_rpm_percent",
          "axis": [0.0,0.0,7.0],
          "offset": 1
        }
      ]
    },
    {
      "variable": "revResistance",
      "animations": [
        {
          "animationType": "visibility",
          "variable": "engine_gear_true",
          "clampMin": 1.0,
          "clampMax": 1.0
        },
        {
          "animationType": "translation",
          "variable": "engine_gear_true",
          "axis": [0.0,0.0,12.0],
          "offset": 8
        }
      ]
    },
    {
      "variable": "idleRPM",
      "animations": [
        {
          "animationType": "translation",
          "variable": "engine_gear_true",
          "axis": [0.0,0.0,20000.0],
          "duration": 10,
          "skipReverseMovement": true
        }
      ]
    },
    {
      "variable": "stallRPM",
      "animations": [
        {
          "animationType": "translation",
          "variable": "engine_gear_true",
          "axis": [0.0,0.0,5000.0],
          "duration": 10,
          "skipReverseMovement": true
        }
      ]
    },
    {
      "variable": "currentGearRatio",
      "animations": [
        {
          "animationType": "translation",
          "variable": "engine_rpm_percent",
          "axis": [-0.5,0.0,0.0],
          "offset": 1.0,
          "clampMin": 0.5,
          "clampMax": 1.0
        }
      ]
    }
  ],
  "rendering": {
    "lightObjects": [],
    "sounds": [
      {
        "name": "ivv:electrichum",
        "activeAnimations": [
          {
            "animationType": "visibility",
            "variable": "engine_powered",
            "clampMin": 1.0,
            "clampMax": 1.0
          }
        ],
        "volumeAnimations": [
          {
            "animationType": "translation",
            "variable": "engine_rpm_percent_safe",
            "axis": [0.0,0.5,0.0]
          }
        ],
        "pitchAnimations": [
          {
            "animationType": "translation",
            "variable": "engine_rpm_percent_safe",
            "axis": [0.0,0.875,0.0]
          }
        ],
        "looping": true,
        "minDistance": 0.0,
        "minDistanceVolume": 0.0,
        "middleDistance": 0.0,
        "middleDistanceVolume": 0.0,
        "maxDistance": 0.0,
        "maxDistanceVolume": 0.0
      }
    ],
    "particles": [],
    "modelType": "obj"
  },
  "general": {
    "name": "Experimental 'Magnet' Motor",
    "description": "2x Electromagnets in a Box IVLabs Motor",
    "health": 100,
    "materialLists": [
      [
        "mts:ivv.motorcase:0:1",
        "mts:ivv.capacitor:0:2"
      ]
    ],
    "repairMaterialLists": [
      [
        "mts:ivv.capacitor:0:2",
        "mts:ivv.tape:0:1"
      ]
    ],
    "radarWidth": 0.0,
    "radarRange": 0.0
  }
}
