{
  "generic": {
    "type": "engine_car",
    "forwardsDamageMultiplier": 1.0,
    "mass": 200
  },
  "engine": {
    "type": "normal",
    "isAutomatic": true,
    "disableAutomaticStarter": true,
    "shiftSpeed": 1,
    "revResistance": 2,
    "maxRPM": 34062,
    "maxSafeRPM": 29250,
    "revlimitRPM": 22000,
    "revlimitBounce": 4,
    "idleRPM": -1,
    "startRPM": -1,
    "stallRPM": -1,
    "engineWinddownRate": 100,
    "heatingCoefficient": 0.5,
    "coolingCoefficient": 1.25,
    "engineWearFactor": 0.375,
    "fuelConsumption": 0.6875,
    "gearRatios": [-2.0,0.0,2.0],
    "fuelType": "avgas",
    "superchargerFuelConsumption": -0.515625,
    "superchargerEfficiency": -1.25
  },
  "definitions": [
    {
      "subName": "",
      "extraMaterialLists": [
        []
      ]
    }
  ],
  "variableModifiers": [
    {
      "variable": "engine_obdiii_present",
      "animations": [
        {
          "animationType": "translation",
          "variable": "!built_atlas_tough",
          "axis": [0.0,0.0,1.0]
        }
      ]
    },
    {
      "variable": "engine_obdiii_horsepower",
      "animations": [
        {
          "animationType": "translation",
          "variable": "!built_atlas_tough",
          "axis": [0.0,0.0,563.0]
        },
        {
          "animationType": "translation",
          "variable": "engine_hours",
          "axis": [-1.5E-4,0.0,0.0],
          "offset": 1.0,
          "clampMin": 0.5
        }
      ]
    },
    {
      "variable": "engine_obdiii_torque",
      "animations": [
        {
          "animationType": "translation",
          "variable": "!built_atlas_tough",
          "axis": [0.0,0.0,454.0]
        },
        {
          "animationType": "translation",
          "variable": "engine_hours",
          "axis": [-1.5E-4,0.0,0.0],
          "offset": 1.0,
          "clampMin": 0.5
        }
      ]
    },
    {
      "variable": "engine_checklight",
      "maxValue": 1.0,
      "animations": [
        {
          "animationType": "translation",
          "variable": "idiot_lightbulb",
          "axis": [0.0,0.0,1.0]
        },
        {
          "animationType": "translation",
          "variable": "engine_temp",
          "axis": [0.0,1.0,0.0],
          "offset": -250.0,
          "clampMin": 1.25E-4,
          "clampMax": 1.0
        },
        {
          "animationType": "translation",
          "variable": "engine_hours",
          "axis": [0.0,1.0,0.0],
          "offset": -110.0,
          "clampMin": 1.25E-4,
          "clampMax": 1.0
        },
        {
          "animationType": "translation",
          "variable": "engine_oilleak",
          "axis": [0.0,1.0,0.0]
        }
      ]
    },
    {
      "variable": "engine_iselectric",
      "animations": [
        {
          "animationType": "translation",
          "variable": "!bzzap",
          "axis": [0.0,0.0,1.0]
        }
      ]
    },
    {
      "variable": "revlimitRPM",
      "addValue": 7000.0,
      "animations": [
        {
          "animationType": "visibility",
          "variable": "BOOST",
          "clampMin": 1.0,
          "clampMax": 1.0
        }
      ]
    },
    {
      "variable": "fuelConsumption",
      "animations": [
        {
          "animationType": "translation",
          "variable": "BOOST",
          "axis": [0.5,0.0,0.0],
          "offset": 1.0
        },
        {
          "animationType": "translation",
          "variable": "spm",
          "axis": [0.5,0.0,0.0],
          "offset": 1.0
        },
        {
          "animationType": "translation",
          "variable": "parent_engine_rpm_percent_revlimit_1",
          "axis": [-8.0,0.0,0.0],
          "offset": 7.0,
          "clampMin": -0.125,
          "clampMax": 1.0
        }
      ]
    },
    {
      "variable": "fuelConsumption",
      "animations": [
        {
          "animationType": "translation",
          "variable": "throttle",
          "axis": [0.75,0.0,0.0],
          "offset": 0.25
        }
      ]
    },
    {
      "variable": "currentGearRatio",
      "animations": [
        {
          "animationType": "translation",
          "variable": "parent_engine_gear_1",
          "axis": [0.0,0.0,2.0],
          "clampMin": -2.0,
          "clampMax": 2.0
        },
        {
          "animationType": "translation",
          "variable": "engine_running",
          "axis": [1.0,0.0,0.0]
        }
      ]
    },
    {
      "variable": "currentGearRatio",
      "animations": [
        {
          "animationType": "translation",
          "variable": "engine_rpm_percent_safe",
          "axis": [-0.5,0.0,0.0],
          "offset": 1.25,
          "clampMin": 0.75,
          "clampMax": 1.0
        }
      ]
    },
    {
      "variable": "currentGearRatio",
      "animations": [
        {
          "animationType": "translation",
          "variable": "throttle",
          "axis": [0.5,0.0,0.0],
          "offset": 0.5,
          "duration": 2
        }
      ]
    }
  ],
  "rendering": {
    "lightObjects": [],
    "sounds": [
      {
        "name": "ivv:ultra_electricmotor_sputter",
        "activeAnimations": [
          {
            "animationType": "visibility",
            "variable": "engine_backfired",
            "clampMin": 1.0,
            "clampMax": 1.0
          }
        ],
        "forceSound": true,
        "minDistance": 0.0,
        "minDistanceVolume": 0.0,
        "middleDistance": 0.0,
        "middleDistanceVolume": 0.0,
        "maxDistance": 0.0,
        "maxDistanceVolume": 0.0
      },
      {
        "name": "ivv:electricwhirrmedium",
        "activeAnimations": [
          {
            "animationType": "visibility",
            "variable": "engine_powered",
            "clampMin": 1.0,
            "clampMax": 1.0
          }
        ],
        "volumeAnimations": [
          {
            "animationType": "translation",
            "variable": "engine_rpm_percent_safe",
            "axis": [0.0,1.25,0.0]
          }
        ],
        "pitchAnimations": [
          {
            "animationType": "translation",
            "variable": "throttle",
            "axis": [0.0,0.3,0.0],
            "offset": -0.3
          },
          {
            "animationType": "translation",
            "variable": "engine_rpm_percent_safe",
            "axis": [0.0,1.5,0.0],
            "offset": 0.5
          }
        ],
        "looping": true,
        "minDistance": 0.0,
        "minDistanceVolume": 0.0,
        "middleDistance": 0.0,
        "middleDistanceVolume": 0.0,
        "maxDistance": 0.0,
        "maxDistanceVolume": 0.0
      },
      {
        "name": "ivv:electrichum",
        "activeAnimations": [
          {
            "animationType": "visibility",
            "variable": "engine_powered",
            "clampMin": 1.0,
            "clampMax": 1.0
          }
        ],
        "volumeAnimations": [
          {
            "animationType": "translation",
            "variable": "throttle",
            "axis": [0.0,0.5,0.0]
          },
          {
            "animationType": "translation",
            "variable": "engine_rpm_percent_safe",
            "axis": [0.0,-0.25,0.0]
          }
        ],
        "pitchAnimations": [
          {
            "animationType": "translation",
            "variable": "engine_rpm_percent_safe",
            "axis": [0.0,0.25,0.0],
            "offset": -0.25
          },
          {
            "animationType": "translation",
            "variable": "throttle",
            "axis": [0.0,0.375,0.0],
            "offset": 0.625
          }
        ],
        "looping": true,
        "minDistance": 0.0,
        "minDistanceVolume": 0.0,
        "middleDistance": 0.0,
        "middleDistanceVolume": 0.0,
        "maxDistance": 0.0,
        "maxDistanceVolume": 0.0
      }
    ],
    "particles": [
    ],
    "modelType": "obj"
  },
  "general": {
    "name": "Experimental 'Magnitrox MkII' Motor",
    "description": "677kW Experimental IVLabs Motor",
    "health": 100,
    "materialLists": [
      [
        "mts:ivv.motorcase:0:1",
        "mts:ivv.motorshaft:0:1",
        "mts:ivv.capacitor:0:10",
        "mts:ivv.gearboxcvt:0:1"
      ]
    ],
    "repairMaterialLists": [
      [
        "mts:ivv.motorshaft:0:1",
        "mts:ivv.capacitor:0:5",
        "mts:ivv.tape:0:1"
      ]
    ],
    "radarWidth": 0.0,
    "radarRange": 0.0
  }
}
