{
  "generic": {
    "type": "engine_car",
    "forwardsDamageMultiplier": 1.0,
    "mass": 400,
    "movementAnimations": [
      {
        "animationType": "translation",
        "variable": "engine_piston_0_1_0_crank",
        "centerPoint": [0.0,0.0,0.0],
        "axis": [0.0,0.00625,0.0]
      },
      {
        "animationType": "rotation",
        "variable": "engine_cos",
        "centerPoint": [0.0,0.0,0.0],
        "axis": [0.0,0.0,1.0]
      },
      {
        "animationType": "rotation",
        "variable": "engine_rpm_percent",
        "centerPoint": [0.0,0.0,0.0],
        "axis": [0.0,0.0,-3.0],
        "clampMin": -3.0,
        "clampMax": 3.0
      },
      {
        "animationType": "inhibitor",
        "variable": "engine_running"
      },
      {
        "animationType": "rotation",
        "variable": "throttle",
        "centerPoint": [0.0,0.0,0.0],
        "axis": [0.0,0.0,1.0]
      },
      {
        "animationType": "rotation",
        "variable": "throttle",
        "centerPoint": [0.0,0.0,0.0],
        "axis": [0.0,0.0,1.0],
        "duration": 5
      }
    ]
  },
  "engine": {
    "type": "normal",
    "isAutomatic": true,
    "starterPower": 35,
    "shiftSpeed": 5,
    "clutchTime": 3,
    "revResistance": 8,
    "maxRPM": 13165,
    "maxSafeRPM": 8100,
    "idleRPM": 1200,
    "startRPM": 600,
    "revlimitRPM": 8000,
    "revlimitBounce": 16,
    "stallRPM": 300,
    "engineWinddownRate": 50,
    "heatingCoefficient": 0.75,
    "coolingCoefficient": 1.25,
    "engineWearFactor": 0.625,
    "fuelConsumption": 0.8,
    "gearRatios": [-3.0,0.0,4.5,3.0,2.25,1.5,1.25,1.0,0.8,0.6],
    "upShiftRPM": [0,0,32767,32767,32767,32767,32767,32767,32767,32767],
    "downShiftRPM": [0,0,-32767,-32767,-32767,-32767,-32767,-32767,-32767,-32767],
    "fuelType": "avgas",
    "superchargerFuelConsumption": 1.6,
    "superchargerEfficiency": 1.0,
    "isCrankingNotPitched": true
  },
  "definitions": [
    {
      "subName": "",
      "name": "Experimental 'Knight' V8",
      "extraMaterialLists": [
        []
      ]
    }
  ],
  "variableModifiers": [
    {
      "variable": "engine_obdiii_present",
      "animations": [
        {
          "animationType": "translation",
          "variable": "!built_atlas_tough",
          "axis": [0.0,0.0,1.0]
        }
      ]
    },
    {
      "variable": "engine_obdiii_horsepower",
      "animations": [
        {
          "animationType": "translation",
          "variable": "!built_atlas_tough",
          "axis": [0.0,0.0,1578.0]
        },
        {
          "animationType": "translation",
          "variable": "engine_hours",
          "axis": [-1.5E-4,0.0,0.0],
          "offset": 1.0,
          "clampMin": 0.5
        }
      ]
    },
    {
      "variable": "engine_obdiii_torque",
      "animations": [
        {
          "animationType": "translation",
          "variable": "!built_atlas_tough",
          "axis": [0.0,0.0,1180.0]
        },
        {
          "animationType": "translation",
          "variable": "engine_hours",
          "axis": [-1.5E-4,0.0,0.0],
          "offset": 1.0,
          "clampMin": 0.5
        }
      ]
    },
    {
      "variable": "engine_checklight",
      "maxValue": 1.0,
      "animations": [
        {
          "animationType": "translation",
          "variable": "idiot_lightbulb",
          "axis": [0.0,0.0,1.0]
        },
        {
          "animationType": "translation",
          "variable": "engine_hours",
          "axis": [0.0,1.0,0.0],
          "offset": -500.0,
          "clampMin": 1.25E-4,
          "clampMax": 1.0
        },
        {
          "animationType": "translation",
          "variable": "engine_temp",
          "axis": [0.0,1.0,0.0],
          "offset": -110.0,
          "clampMin": 1.25E-4,
          "clampMax": 1.0
        },
        {
          "animationType": "translation",
          "variable": "engine_oilleak",
          "axis": [0.0,1.0,0.0]
        }
      ]
    },
    {
      "variable": "engine_isdualclutch",
      "animations": [
        {
          "animationType": "translation",
          "variable": "parent_self_controlled",
          "axis": [0.0,0.0,1.0]
        }
      ]
    },
    {
      "variable": "isAutomatic",
      "animations": [
        {
          "animationType": "translation",
          "variable": "!parent_self_controlled",
          "axis": [0.0,0.0,1.0]
        }
      ]
    },
    {
      "variable": "currentGearRatio",
      "animations": [
        {
          "animationType": "translation",
          "variable": "throttle",
          "axis": [0.25,0.0,0.0],
          "offset": 0.75,
          "duration": 6
        },
        {
          "animationType": "translation",
          "variable": "engine_rpm_percent_revlimit",
          "axis": [-3.0,0.0,0.0],
          "offset": 4.0,
          "clampMin": 0.0125,
          "clampMax": 1.0
        },
        {
          "animationType": "translation",
          "variable": "engine_powered",
          "axis": [1.0,0.0,0.0]
        },
        {
          "animationType": "inhibitor",
          "variable": "engine_rpm_percent_safe",
          "clampMin": 0.375,
          "clampMax": 32767.0
        },
        {
          "animationType": "translation",
          "variable": "!p_brake",
          "axis": [1.0,0.0,0.0]
        }
      ]
    },
    {
      "variable": "turbineRPM",
      "maxValue": 27000.0,
      "animations": [
        {
          "animationType": "translation",
          "variable": "engine_rpm_percent_safe",
          "axis": [0.0,0.0,6.66]
        },
        {
          "animationType": "translation",
          "variable": "BOOST",
          "axis": [0.75,0.0,0.0],
          "offset": 0.25,
          "duration": 10
        }
      ]
    },
    {
      "variable": "turbineRPMpercent",
      "maxValue": 1.0,
      "animations": [
        {
          "animationType": "translation",
          "variable": "turbineRPM",
          "axis": [0.0,0.0,0.37037]
        }
      ]
    },
    {
      "variable": "fuelConsumption",
      "maxValue": 2.0,
      "animations": [
        {
          "animationType": "visibility",
          "variable": "BOOST",
          "clampMin": 1.0,
          "clampMax": 1.0,
          "forwardsDelay": 5,
          "reverseDelay": 5
        },
        {
          "animationType": "translation",
          "variable": "throttle",
          "axis": [0.0,2.0,0.0]
        }
      ]
    },
    {
      "variable": "fuelConsumption",
      "maxValue": 3.2,
      "animations": [
        {
          "animationType": "visibility",
          "variable": "BOOST",
          "clampMin": 1.0,
          "clampMax": 1.0,
          "forwardsDelay": 5,
          "reverseDelay": 5
        },
        {
          "animationType": "translation",
          "variable": "turbineRPM",
          "axis": [0.0,1.0,0.0]
        },
        {
          "animationType": "translation",
          "variable": "speed",
          "axis": [0.0875,0.0,0.0],
          "offset": 1.0
        }
      ]
    },
    {
      "variable": "fuelConsumption",
      "animations": [
        {
          "animationType": "visibility",
          "variable": "spm",
          "clampMin": 1.0,
          "clampMax": 1.0,
          "forwardsDelay": 10,
          "reverseDelay": 10
        },
        {
          "animationType": "translation",
          "variable": "speed",
          "axis": [0.075,0.0,0.0],
          "offset": 1.0
        }
      ]
    },
    {
      "variable": "superchargerFuelConsumption",
      "addValue": -2.4,
      "animations": [
        {
          "animationType": "visibility",
          "variable": "BOOST",
          "clampMin": 1.0,
          "clampMax": 1.0,
          "forwardsDelay": 5,
          "reverseDelay": 5
        }
      ]
    },
    {
      "variable": "superchargerEfficiency",
      "addValue": -3.0,
      "animations": [
        {
          "animationType": "visibility",
          "variable": "BOOST",
          "clampMin": 1.0,
          "clampMax": 1.0,
          "forwardsDelay": 5,
          "reverseDelay": 5
        }
      ]
    },
    {
      "variable": "coolingCoefficient",
      "addValue": 0.5,
      "animations": [
        {
          "animationType": "visibility",
          "variable": "engine_temp",
          "clampMin": 80.0,
          "clampMax": 1000.0
        }
      ]
    },
    {
      "variable": "idleRPM",
      "animations": [
        {
          "animationType": "visibility",
          "variable": "!engine_gear"
        },
        {
          "animationType": "translation",
          "variable": "2_4_2_cycle",
          "axis": [0.0,20.0,0.0],
          "offset": -10.0,
          "duration": 4,
          "forwardsEasing": "easeinoutback",
          "reverseEasing": "easeinoutback"
        }
      ]
    },
    {
      "variable": "idleRPM",
      "animations": [
        {
          "animationType": "visibility",
          "variable": "engine_gear"
        },
        {
          "animationType": "translation",
          "variable": "5_10_5_cycle",
          "axis": [0.0,100.0,0.0],
          "offset": -50.0,
          "duration": 10,
          "forwardsEasing": "easeinoutback",
          "reverseEasing": "easeinoutback"
        }
      ]
    },
    {
      "variable": "idleRPM",
      "animations": [
        {
          "animationType": "translation",
          "variable": "engine_powered",
          "axis": [0.0,3800.0,0.0]
        },
        {
          "animationType": "translation",
          "variable": "engine_powered",
          "axis": [0.0,-3800.0,0.0],
          "duration": 80,
          "skipReverseMovement": true
        }
      ]
    },
    {
      "variable": "maxSafeRPM",
      "animations": [
        {
          "animationType": "translation",
          "variable": "generic_engine_topend_5",
          "axis": [1.0,0.0,0.0],
          "offset": 1.0
        }
      ]
    },
    {
      "variable": "engine_shift_up",
      "animations": [
        {
          "animationType": "visibility",
          "variable": "parent_isOnGround",
          "clampMin": 1.0,
          "clampMax": 1.0
        },
        {
          "animationType": "visibility",
          "variable": "autopilot_active"
        },
        {
          "animationType": "visibility",
          "variable": "engine_rpm_percent_revlimit",
          "clampMin": 0.375,
          "clampMax": 4.0
        },
        {
          "animationType": "visibility",
          "variable": "parent_self_controlled"
        },
        {
          "animationType": "visibility",
          "variable": "engine_gear",
          "clampMin": 1.0,
          "clampMax": 7.0
        },
        {
          "animationType": "visibility",
          "variable": "throttle",
          "clampMax": 0.33
        },
        {
          "animationType": "inhibitor",
          "variable": "!engine_clutch_upshift",
          "forwardsDelay": 2
        },
        {
          "animationType": "inhibitor",
          "variable": "!engine_clutch_downshift",
          "forwardsDelay": 2
        },
        {
          "animationType": "translation",
          "variable": "!upshift",
          "axis": [0.0,0.0,1.0]
        }
      ]
    },
    {
      "variable": "engine_shift_up",
      "animations": [
        {
          "animationType": "visibility",
          "variable": "parent_isOnGround",
          "clampMin": 1.0,
          "clampMax": 1.0
        },
        {
          "animationType": "visibility",
          "variable": "autopilot_active"
        },
        {
          "animationType": "visibility",
          "variable": "engine_rpm_percent_revlimit",
          "clampMin": 0.5,
          "clampMax": 4.0
        },
        {
          "animationType": "visibility",
          "variable": "parent_self_controlled"
        },
        {
          "animationType": "visibility",
          "variable": "engine_gear",
          "clampMin": 1.0,
          "clampMax": 7.0
        },
        {
          "animationType": "visibility",
          "variable": "throttle",
          "clampMin": 0.33,
          "clampMax": 0.66
        },
        {
          "animationType": "inhibitor",
          "variable": "!engine_clutch_upshift",
          "forwardsDelay": 2
        },
        {
          "animationType": "inhibitor",
          "variable": "!engine_clutch_downshift",
          "forwardsDelay": 2
        },
        {
          "animationType": "translation",
          "variable": "!upshift",
          "axis": [0.0,0.0,1.0]
        }
      ]
    },
    {
      "variable": "engine_shift_up",
      "animations": [
        {
          "animationType": "visibility",
          "variable": "parent_isOnGround",
          "clampMin": 1.0,
          "clampMax": 1.0
        },
        {
          "animationType": "visibility",
          "variable": "autopilot_active"
        },
        {
          "animationType": "visibility",
          "variable": "engine_rpm_percent_revlimit",
          "clampMin": 0.75,
          "clampMax": 4.0
        },
        {
          "animationType": "visibility",
          "variable": "parent_self_controlled"
        },
        {
          "animationType": "visibility",
          "variable": "engine_gear",
          "clampMin": 1.0,
          "clampMax": 7.0
        },
        {
          "animationType": "visibility",
          "variable": "throttle",
          "clampMin": 0.66,
          "clampMax": 1.0
        },
        {
          "animationType": "inhibitor",
          "variable": "!engine_clutch_upshift",
          "forwardsDelay": 2
        },
        {
          "animationType": "inhibitor",
          "variable": "!engine_clutch_downshift",
          "forwardsDelay": 2
        },
        {
          "animationType": "translation",
          "variable": "!upshift_sport",
          "axis": [0.0,0.0,1.0]
        }
      ]
    },
    {
      "variable": "engine_shift_down",
      "animations": [
        {
          "animationType": "visibility",
          "variable": "parent_isOnGround",
          "clampMin": 1.0,
          "clampMax": 1.0
        },
        {
          "animationType": "visibility",
          "variable": "autopilot_active"
        },
        {
          "animationType": "visibility",
          "variable": "engine_rpm_percent_safe",
          "clampMax": 0.1875
        },
        {
          "animationType": "visibility",
          "variable": "parent_self_controlled"
        },
        {
          "animationType": "visibility",
          "variable": "engine_gear",
          "clampMin": 2.0,
          "clampMax": 8.0
        },
        {
          "animationType": "visibility",
          "variable": "throttle",
          "clampMax": 0.33
        },
        {
          "animationType": "inhibitor",
          "variable": "!engine_clutch_upshift",
          "forwardsDelay": 1
        },
        {
          "animationType": "inhibitor",
          "variable": "!engine_clutch_downshift",
          "forwardsDelay": 1
        },
        {
          "animationType": "translation",
          "variable": "!downshift",
          "axis": [0.0,0.0,1.0]
        }
      ]
    },
    {
      "variable": "engine_shift_down",
      "animations": [
        {
          "animationType": "visibility",
          "variable": "parent_isOnGround",
          "clampMin": 1.0,
          "clampMax": 1.0
        },
        {
          "animationType": "visibility",
          "variable": "autopilot_active"
        },
        {
          "animationType": "visibility",
          "variable": "engine_rpm_percent_safe",
          "clampMax": 0.25
        },
        {
          "animationType": "visibility",
          "variable": "parent_self_controlled"
        },
        {
          "animationType": "visibility",
          "variable": "engine_gear",
          "clampMin": 2.0,
          "clampMax": 8.0
        },
        {
          "animationType": "visibility",
          "variable": "throttle",
          "clampMin": 0.33,
          "clampMax": 0.66
        },
        {
          "animationType": "inhibitor",
          "variable": "!engine_clutch_upshift",
          "forwardsDelay": 1
        },
        {
          "animationType": "inhibitor",
          "variable": "!engine_clutch_downshift",
          "forwardsDelay": 1
        },
        {
          "animationType": "translation",
          "variable": "!downshift",
          "axis": [0.0,0.0,1.0]
        }
      ]
    },
    {
      "variable": "engine_shift_down",
      "animations": [
        {
          "animationType": "visibility",
          "variable": "parent_isOnGround",
          "clampMin": 1.0,
          "clampMax": 1.0
        },
        {
          "animationType": "visibility",
          "variable": "autopilot_active"
        },
        {
          "animationType": "visibility",
          "variable": "engine_rpm_percent_safe",
          "clampMax": 0.3125
        },
        {
          "animationType": "visibility",
          "variable": "parent_self_controlled"
        },
        {
          "animationType": "visibility",
          "variable": "engine_gear",
          "clampMin": 2.0,
          "clampMax": 8.0
        },
        {
          "animationType": "visibility",
          "variable": "throttle",
          "clampMin": 0.66,
          "clampMax": 1.0
        },
        {
          "animationType": "inhibitor",
          "variable": "!engine_clutch_upshift",
          "forwardsDelay": 1
        },
        {
          "animationType": "inhibitor",
          "variable": "!engine_clutch_downshift",
          "forwardsDelay": 1
        },
        {
          "animationType": "translation",
          "variable": "!downshift",
          "axis": [0.0,0.0,1.0]
        }
      ]
    },
    {
      "variable": "engine_shift_up",
      "animations": [
        {
          "animationType": "visibility",
          "variable": "parent_isOnGround",
          "clampMin": 1.0,
          "clampMax": 1.0
        },
        {
          "animationType": "visibility",
          "variable": "autopilot_active",
          "clampMin": 1.0,
          "clampMax": 1.0
        },
        {
          "animationType": "visibility",
          "variable": "engine_rpm_percent_revlimit",
          "clampMin": 0.625,
          "clampMax": 4.0
        },
        {
          "animationType": "visibility",
          "variable": "parent_self_controlled"
        },
        {
          "animationType": "visibility",
          "variable": "engine_gear",
          "clampMin": 1.0,
          "clampMax": 7.0
        },
        {
          "animationType": "inhibitor",
          "variable": "!engine_clutch_upshift",
          "forwardsDelay": 2
        },
        {
          "animationType": "inhibitor",
          "variable": "!engine_clutch_downshift",
          "forwardsDelay": 2
        },
        {
          "animationType": "translation",
          "variable": "!upshift_sport",
          "axis": [0.0,0.0,1.0]
        }
      ]
    },
    {
      "variable": "engine_shift_down",
      "animations": [
        {
          "animationType": "visibility",
          "variable": "parent_isOnGround",
          "clampMin": 1.0,
          "clampMax": 1.0
        },
        {
          "animationType": "visibility",
          "variable": "autopilot_active",
          "clampMin": 1.0,
          "clampMax": 1.0
        },
        {
          "animationType": "visibility",
          "variable": "engine_rpm_percent_safe",
          "clampMax": 0.125
        },
        {
          "animationType": "visibility",
          "variable": "parent_self_controlled"
        },
        {
          "animationType": "visibility",
          "variable": "engine_gear",
          "clampMin": 2.0,
          "clampMax": 8.0
        },
        {
          "animationType": "inhibitor",
          "variable": "!engine_clutch_upshift",
          "forwardsDelay": 1
        },
        {
          "animationType": "inhibitor",
          "variable": "!engine_clutch_downshift",
          "forwardsDelay": 1
        },
        {
          "animationType": "translation",
          "variable": "!downshift",
          "axis": [0.0,0.0,1.0]
        }
      ]
    },
    {
      "variable": "engine_clutching",
      "maxValue": 1.0,
      "animations": [
        {
          "animationType": "translation",
          "variable": "engine_clutch_upshift",
          "axis": [0.0,3.0,0.0],
          "offset": -1.0
        },
        {
          "animationType": "translation",
          "variable": "engine_clutch_downshift",
          "axis": [0.0,3.0,0.0],
          "offset": -1.0
        }
      ]
    },
    {
      "variable": "engine_revlimit_backfire",
      "animations": [
        {
          "animationType": "visibility",
          "variable": "BOOST",
          "clampMin": 1.0,
          "clampMax": 1.0
        },
        {
          "animationType": "translation",
          "variable": "nopop",
          "axis": [0.0,0.0,1.0]
        },
        {
          "animationType": "inhibitor",
          "variable": "1_2_0_cycle",
          "clampMin": 1.0,
          "clampMax": 1.0
        },
        {
          "animationType": "activator",
          "variable": "engine_gear"
        },
        {
          "animationType": "inhibitor",
          "variable": "engine_rpm_percent_revlimit",
          "clampMin": -10.0,
          "clampMax": 0.9875
        },
        {
          "animationType": "translation",
          "variable": "!poppop",
          "axis": [0.0,0.0,1.0]
        }
      ]
    }
  ],
  "rendering": {
    "lightObjects": [],
    "sounds": [
      {
        "name": "ivv:v8newperformante_starting",
        "activeAnimations": [
          {
            "animationType": "visibility",
            "variable": "engine_running",
            "clampMin": 1.0,
            "clampMax": 1.0
          }
        ],
        "minDistance": 0.0,
        "minDistanceVolume": 0.0,
        "middleDistance": 0.0,
        "middleDistanceVolume": 0.0,
        "maxDistance": 16.0,
        "maxDistanceVolume": 0.0
      },
      {
        "name": "ivv:jetbackfire",
        "activeAnimations": [
          {
            "animationType": "visibility",
            "variable": "engine_backfired",
            "clampMin": 1.0,
            "clampMax": 1.0
          }
        ],
        "forceSound": true,
        "minDistance": 0.0,
        "minDistanceVolume": 0.0,
        "middleDistance": 0.0,
        "middleDistanceVolume": 0.0,
        "maxDistance": 16.0,
        "maxDistanceVolume": 0.0
      },
      {
        "name": "ivv:enginestopping2",
        "activeAnimations": [
          {
            "animationType": "visibility",
            "variable": "engine_running"
          }
        ],
        "minDistance": 0.0,
        "minDistanceVolume": 0.0,
        "middleDistance": 0.0,
        "middleDistanceVolume": 0.0,
        "maxDistance": 16.0,
        "maxDistanceVolume": 0.0
      },
      {
        "name": "ivv:enginesputter1",
        "soundVariations": [
          "ivv:enginesputter1",
          "ivv:enginesputter2",
          "ivv:enginesputter3",
          "ivv:enginesputter4"
        ],
        "activeAnimations": [
          {
            "animationType": "visibility",
            "variable": "engine_hours",
            "clampMin": 250.0,
            "clampMax": 750.0
          },
          {
            "animationType": "visibility",
            "variable": "engine_backfired",
            "clampMin": 1.0,
            "clampMax": 1.0
          }
        ],
        "pitchAnimations": [
          {
            "animationType": "translation",
            "variable": "random",
            "axis": [0.0,0.5,0.0],
            "offset": 0.75
          }
        ],
        "forceSound": true,
        "minDistance": 0.0,
        "minDistanceVolume": 0.0,
        "middleDistance": 0.0,
        "middleDistanceVolume": 0.0,
        "maxDistance": 32.0,
        "maxDistanceVolume": 0.0
      },
      {
        "name": "ivv:enginesputterbig1",
        "soundVariations": [
          "ivv:enginesputterbig1",
          "ivv:enginesputterbig2",
          "ivv:enginesputterbig3",
          "ivv:enginesputterbig4"
        ],
        "activeAnimations": [
          {
            "animationType": "visibility",
            "variable": "engine_hours",
            "clampMin": 750.0,
            "clampMax": 10000.0
          },
          {
            "animationType": "visibility",
            "variable": "engine_backfired",
            "clampMin": 1.0,
            "clampMax": 1.0
          }
        ],
        "pitchAnimations": [
          {
            "animationType": "translation",
            "variable": "random",
            "axis": [0.0,0.125,0.0],
            "offset": 0.9375
          }
        ],
        "forceSound": true,
        "minDistance": 0.0,
        "minDistanceVolume": 1.0,
        "middleDistance": 16.0,
        "middleDistanceVolume": 0.25,
        "maxDistance": 32.0,
        "maxDistanceVolume": 0.0
      },
      {
        "name": "ivv:enginesputterfuel",
        "activeAnimations": [
          {
            "animationType": "visibility",
            "variable": "fuel"
          },
          {
            "animationType": "visibility",
            "variable": "engine_running"
          }
        ],
        "pitchAnimations": [
          {
            "animationType": "translation",
            "variable": "random",
            "axis": [0.0,0.25,0.0],
            "offset": 0.875
          }
        ],
        "minDistance": 0.0,
        "minDistanceVolume": 0.0,
        "middleDistance": 0.0,
        "middleDistanceVolume": 0.0,
        "maxDistance": 64.0,
        "maxDistanceVolume": 0.0
      },
      {
        "name": "ivv:enginebackfire1",
        "soundVariations": [
          "ivv:enginebackfire1",
          "ivv:enginebackfire2",
          "ivv:enginebackfire3",
          "ivv:enginebackfire4",
          "ivv:enginebackfire5",
          "ivv:enginebackfire6"
        ],
        "activeAnimations": [
          {
            "animationType": "visibility",
            "variable": "engine_revlimit_backfire",
            "clampMin": 1.0,
            "clampMax": 1.0
          }
        ],
        "pitchAnimations": [
          {
            "animationType": "translation",
            "variable": "random",
            "axis": [0.0,0.25,0.0],
            "offset": 0.875
          }
        ],
        "minDistance": 0.0,
        "minDistanceVolume": 1.0,
        "middleDistance": 32.0,
        "middleDistanceVolume": 0.25,
        "maxDistance": 64.0,
        "maxDistanceVolume": 0.0
      },
      {
        "name": "ivv:super1",
        "activeAnimations": [
          {
            "animationType": "visibility",
            "variable": "!speed"
          },
          {
            "animationType": "inhibitor",
            "variable": "parent_vehicle_engine_gear_straightcut",
            "clampMin": 1.0,
            "clampMax": 1.0
          },
          {
            "animationType": "visibility",
            "variable": "engine_reversed",
            "clampMin": 1.0,
            "clampMax": 1.0,
            "reverseDelay": 3
          }
        ],
        "volumeAnimations": [
          {
            "animationType": "translation",
            "variable": "speed",
            "axis": [0.0,0.1,0.0],
            "clampMax": 1.0
          },
          {
            "animationType": "translation",
            "variable": "slip",
            "axis": [0.0,0.0125,0.0],
            "clampMax": 0.5,
            "absolute": true
          },
          {
            "animationType": "translation",
            "variable": "engine_clutching",
            "axis": [0.0,-1.0,0.0],
            "duration": 3
          },
          {
            "animationType": "translation",
            "variable": "!throttle",
            "axis": [0.0,-0.375,0.0],
            "duration": 3
          }
        ],
        "pitchAnimations": [
          {
            "animationType": "translation",
            "variable": "engine_gear",
            "axis": [0.0,0.05,0.0],
            "absolute": true
          },
          {
            "animationType": "translation",
            "variable": "speed",
            "axis": [0.0,0.075,0.0],
            "offset": 0.1875
          },
          {
            "animationType": "translation",
            "variable": "slip",
            "axis": [0.0,0.0125,0.0],
            "absolute": true
          },
          {
            "animationType": "translation",
            "variable": "!throttle",
            "axis": [0.0,-0.125,0.0],
            "duration": 3
          }
        ],
        "looping": true,
        "minDistance": 0.0,
        "minDistanceVolume": 0.5,
        "middleDistance": 8.0,
        "middleDistanceVolume": 0.125,
        "maxDistance": 16.0,
        "maxDistanceVolume": 0.0
      },
      {
        "name": "ivv:transmissionfailshift1",
        "soundVariations": [
          "ivv:transmissionfailshift1",
          "ivv:transmissionfailshift2",
          "ivv:transmissionfailshift3",
          "ivv:transmissionfailshift4"
        ],
        "activeAnimations": [
          {
            "animationType": "visibility",
            "variable": "engine_badshift",
            "clampMin": 1.0,
            "clampMax": 1.0
          }
        ],
        "pitchAnimations": [
          {
            "animationType": "translation",
            "variable": "random",
            "axis": [0.0,0.125,0.0],
            "offset": -0.0625
          },
          {
            "animationType": "translation",
            "variable": "speed",
            "axis": [0.0,0.0125,0.0],
            "offset": 0.75,
            "clampMin": 0.875,
            "clampMax": 1.25
          }
        ],
        "forceSound": true,
        "minDistance": 0.0,
        "minDistanceVolume": 1.0,
        "middleDistance": 8.0,
        "middleDistanceVolume": 0.25,
        "maxDistance": 32.0,
        "maxDistanceVolume": 0.0
      },
      {
        "name": "ivv:transmissionautoselectup",
        "activeAnimations": [
          {
            "animationType": "visibility",
            "variable": "engine_running",
            "clampMin": 1.0,
            "clampMax": 1.0
          },
          {
            "animationType": "visibility",
            "variable": "engine_gear",
            "clampMin": 1.0,
            "clampMax": 60.0
          }
        ],
        "minDistance": 0.0,
        "minDistanceVolume": 0.0,
        "middleDistance": 0.0,
        "middleDistanceVolume": 0.0,
        "maxDistance": 16.0,
        "maxDistanceVolume": 0.0
      },
      {
        "name": "ivv:transmissionautoselectdown",
        "activeAnimations": [
          {
            "animationType": "visibility",
            "variable": "engine_running",
            "clampMin": 1.0,
            "clampMax": 1.0
          },
          {
            "animationType": "visibility",
            "variable": "engine_reversed",
            "clampMin": 1.0,
            "clampMax": 1.0
          }
        ],
        "minDistance": 0.0,
        "minDistanceVolume": 0.0,
        "middleDistance": 0.0,
        "middleDistanceVolume": 0.0,
        "maxDistance": 16.0,
        "maxDistanceVolume": 0.0
      },
      {
        "name": "ivv:transmissionautoshiftup",
        "activeAnimations": [
          {
            "animationType": "visibility",
            "variable": "engine_running",
            "clampMin": 1.0,
            "clampMax": 1.0
          },
          {
            "animationType": "visibility",
            "variable": "engine_clutch_upshift",
            "clampMin": 1.0,
            "clampMax": 1.0,
            "forwardsDelay": 2
          }
        ],
        "minDistance": 0.0,
        "minDistanceVolume": 0.0,
        "middleDistance": 0.0,
        "middleDistanceVolume": 0.0,
        "maxDistance": 16.0,
        "maxDistanceVolume": 0.0
      },
      {
        "name": "ivv:transmissionautoshiftdown",
        "activeAnimations": [
          {
            "animationType": "visibility",
            "variable": "engine_running",
            "clampMin": 1.0,
            "clampMax": 1.0
          },
          {
            "animationType": "visibility",
            "variable": "engine_clutch_downshift",
            "clampMin": 1.0,
            "clampMax": 1.0,
            "forwardsDelay": 2
          }
        ],
        "minDistance": 0.0,
        "minDistanceVolume": 0.0,
        "middleDistance": 0.0,
        "middleDistanceVolume": 0.0,
        "maxDistance": 16.0,
        "maxDistanceVolume": 0.0
      },
      {
        "name": "ivv:engineplinkaplink",
        "activeAnimations": [
          {
            "animationType": "visibility",
            "variable": "engine_powered",
            "clampMin": 1.0,
            "clampMax": 1.0,
            "reverseDelay": 600
          }
        ],
        "volumeAnimations": [
          {
            "animationType": "translation",
            "variable": "engine_running",
            "axis": [0.0,-0.75,0.0],
            "offset": 1.0
          }
        ],
        "pitchAnimations": [
          {
            "animationType": "translation",
            "variable": "random",
            "axis": [0.0,0.125,0.0],
            "offset": -0.0625
          },
          {
            "animationType": "translation",
            "variable": "engine_temp",
            "axis": [0.0,0.00625,0.0],
            "offset": 0.375,
            "clampMin": 0.5,
            "clampMax": 2.0
          }
        ],
        "looping": true,
        "minDistance": 0.0,
        "minDistanceVolume": 1.0,
        "middleDistance": 12.0,
        "middleDistanceVolume": 0.25,
        "maxDistance": 32.0,
        "maxDistanceVolume": 0.0
      },
      {
        "name": "ivv:hydraulicsupercushion",
        "activeAnimations": [
          {
            "animationType": "visibility",
            "variable": "engine_powered",
            "clampMin": 1.0,
            "clampMax": 1.0,
            "reverseDelay": 100
          },
          {
            "animationType": "inhibitor",
            "variable": "!parent_damage_totaled"
          },
          {
            "animationType": "visibility",
            "variable": "parent_damage_percent",
            "clampMin": 0.75,
            "clampMax": 1.0
          }
        ],
        "volumeAnimations": [
          {
            "animationType": "translation",
            "variable": "!engine_powered",
            "axis": [0.0,0.25,0.0],
            "offset": 0.25,
            "duration": 10
          }
        ],
        "pitchAnimations": [
          {
            "animationType": "translation",
            "variable": "engine_powered",
            "axis": [0.0,0.125,0.0],
            "offset": 1.125,
            "duration": 10
          }
        ],
        "looping": true,
        "minDistance": 0.0,
        "minDistanceVolume": 1.0,
        "middleDistance": 4.0,
        "middleDistanceVolume": 0.25,
        "maxDistance": 16.0,
        "maxDistanceVolume": 0.0
      },
      {
        "name": "ivv:enginepressurehiss",
        "activeAnimations": [
          {
            "animationType": "visibility",
            "variable": "engine_powered",
            "reverseDelay": 100
          },
          {
            "animationType": "inhibitor",
            "variable": "!parent_damage_totaled"
          },
          {
            "animationType": "visibility",
            "variable": "parent_damage_percent",
            "clampMin": 0.75,
            "clampMax": 1.0
          }
        ],
        "minDistance": 0.0,
        "minDistanceVolume": 0.0,
        "middleDistance": 0.0,
        "middleDistanceVolume": 0.0,
        "maxDistance": 16.0,
        "maxDistanceVolume": 0.0
      },
      {
        "name": "ivv:jumpercable",
        "activeAnimations": [
          {
            "animationType": "visibility",
            "variable": "engine_jumper_cable",
            "clampMin": 1.0,
            "clampMax": 1.0
          }
        ],
        "pitchAnimations": [
          {
            "animationType": "translation",
            "variable": "tick_sin",
            "axis": [0.0,0.0625,0.0],
            "offset": 1.0
          },
          {
            "animationType": "translation",
            "variable": "random",
            "axis": [0.0,0.0625,0.0],
            "offset": -0.0375
          }
        ],
        "minDistance": 0.0,
        "minDistanceVolume": 0.0,
        "middleDistance": 0.0,
        "middleDistanceVolume": 0.0,
        "maxDistance": 16.0,
        "maxDistanceVolume": 0.0
      },
      {
        "name": "ivv:engineoverrev",
        "activeAnimations": [
          {
            "animationType": "visibility",
            "variable": "engine_powered",
            "clampMin": 1.0,
            "clampMax": 1.0
          }
        ],
        "volumeAnimations": [
          {
            "animationType": "translation",
            "variable": "engine_rpm_percent_safe",
            "axis": [0.0,10.0,0.0],
            "offset": -10.0
          }
        ],
        "pitchAnimations": [
          {
            "animationType": "translation",
            "variable": "engine_rpm_percent_safe",
            "axis": [0.0,4.0,0.0],
            "offset": -3.5,
            "clampMax": 4.0
          }
        ],
        "looping": true,
        "minDistance": 0.0,
        "minDistanceVolume": 0.0,
        "middleDistance": 0.0,
        "middleDistanceVolume": 0.0,
        "maxDistance": 16.0,
        "maxDistanceVolume": 0.0
      },
      {
        "name": "ivv:enginehourrattle",
        "activeAnimations": [
          {
            "animationType": "visibility",
            "variable": "engine_powered",
            "clampMin": 1.0,
            "clampMax": 1.0
          },
          {
            "animationType": "inhibitor",
            "variable": "parent_damage_percent",
            "clampMin": 0.5,
            "clampMax": 1.0
          },
          {
            "animationType": "visibility",
            "variable": "engine_hours",
            "clampMin": 500.0,
            "clampMax": 999999.0
          }
        ],
        "volumeAnimations": [
          {
            "animationType": "translation",
            "variable": "throttle",
            "axis": [0.0,-1.5,0.0],
            "offset": 1.0,
            "duration": 10
          },
          {
            "animationType": "translation",
            "variable": "engine_rpm_percent",
            "axis": [0.0,1.75,0.0],
            "offset": -1.25,
            "clampMax": 1.5
          }
        ],
        "pitchAnimations": [
          {
            "animationType": "translation",
            "variable": "throttle",
            "axis": [0.0,0.25,0.0],
            "offset": 0.75,
            "duration": 20
          }
        ],
        "looping": true,
        "minDistance": 0.0,
        "minDistanceVolume": 0.0,
        "middleDistance": 0.0,
        "middleDistanceVolume": 0.0,
        "maxDistance": 16.0,
        "maxDistanceVolume": 0.0
      },
      {
        "name": "ivv:engineclunk",
        "activeAnimations": [
          {
            "animationType": "visibility",
            "variable": "engine_powered",
            "clampMin": 1.0,
            "clampMax": 1.0,
            "reverseDelay": 20
          },
          {
            "animationType": "inhibitor",
            "variable": "parent_damage_percent",
            "clampMin": 0.875,
            "clampMax": 1.0
          },
          {
            "animationType": "visibility",
            "variable": "engine_hours",
            "clampMin": 500.0,
            "clampMax": 999999.0
          }
        ],
        "volumeAnimations": [
          {
            "animationType": "translation",
            "variable": "engine_powered",
            "axis": [0.0,1.0,0.0],
            "duration": 10,
            "reverseDelay": 10
          },
          {
            "animationType": "translation",
            "variable": "throttle",
            "axis": [0.0,-0.375,0.0],
            "duration": 10
          },
          {
            "animationType": "translation",
            "variable": "throttle",
            "axis": [0.0,-0.375,0.0]
          },
          {
            "animationType": "translation",
            "variable": "engine_rpm_percent",
            "axis": [0.0,-0.25,0.0]
          }
        ],
        "pitchAnimations": [
          {
            "animationType": "translation",
            "variable": "engine_rpm_percent",
            "axis": [0.0,1.0,0.0],
            "offset": 0.9375
          },
          {
            "animationType": "translation",
            "variable": "tick_sin",
            "axis": [0.0,0.0625,0.0]
          }
        ],
        "looping": true,
        "minDistance": 0.0,
        "minDistanceVolume": 0.0,
        "middleDistance": 0.0,
        "middleDistanceVolume": 0.0,
        "maxDistance": 16.0,
        "maxDistanceVolume": 0.0
      },
      {
        "name": "ivv:crankperformante8start",
        "activeAnimations": [
          {
            "animationType": "visibility",
            "variable": "engine_starter",
            "clampMin": 1.0,
            "clampMax": 1.0
          }
        ],
        "minDistance": 0.0,
        "minDistanceVolume": 0.0,
        "middleDistance": 0.0,
        "middleDistanceVolume": 0.0,
        "maxDistance": 16.0,
        "maxDistanceVolume": 0.0
      },
      {
        "name": "ivv:crankperformante8",
        "activeAnimations": [
          {
            "animationType": "visibility",
            "variable": "engine_starter",
            "clampMin": 1.0,
            "clampMax": 1.0,
            "forwardsDelay": 9
          }
        ],
        "volumeAnimations": [
          {
            "animationType": "translation",
            "variable": "electric_power",
            "axis": [0.0,0.25,0.0],
            "offset": 1.0,
            "clampMin": 1.0,
            "clampMax": 1.0
          }
        ],
        "pitchAnimations": [
          {
            "animationType": "translation",
            "variable": "electric_power",
            "axis": [0.0,0.0,0.0],
            "offset": 1.0,
            "clampMin": 1.0,
            "clampMax": 1.0
          }
        ],
        "looping": true,
        "minDistance": 0.0,
        "minDistanceVolume": 0.0,
        "middleDistance": 0.0,
        "middleDistanceVolume": 0.0,
        "maxDistance": 16.0,
        "maxDistanceVolume": 0.0
      },
      {
        "name": "ivv:crankperformante8stop",
        "activeAnimations": [
          {
            "animationType": "visibility",
            "variable": "engine_starter"
          }
        ],
        "minDistance": 0.0,
        "minDistanceVolume": 0.0,
        "middleDistance": 0.0,
        "middleDistanceVolume": 0.0,
        "maxDistance": 16.0,
        "maxDistanceVolume": 0.0
      },
      {
        "name": "ivv:engineexhaust8cyl",
        "activeAnimations": [
          {
            "animationType": "visibility",
            "variable": "engine_powered",
            "clampMin": 1.0,
            "clampMax": 1.0
          }
        ],
        "volumeAnimations": [
          {
            "animationType": "translation",
            "variable": "generic_engine_upgrade_2",
            "axis": [0.0,0.4,0.0]
          },
          {
            "animationType": "translation",
            "variable": "throttle",
            "axis": [0.0,0.125,0.0],
            "offset": -0.125,
            "duration": 4
          },
          {
            "animationType": "translation",
            "variable": "throttle",
            "axis": [0.0,0.125,0.0],
            "offset": -0.125
          },
          {
            "animationType": "translation",
            "variable": "engine_rpm_percent_safe",
            "axis": [0.0,0.25,0.0],
            "offset": 0.25
          },
          {
            "animationType": "translation",
            "variable": "BOOST",
            "axis": [0.0,-0.25,0.0],
            "duration": 5
          }
        ],
        "pitchAnimations": [
          {
            "animationType": "translation",
            "variable": "generic_engine_upgrade_2",
            "axis": [0.0,0.4,0.0]
          },
          {
            "animationType": "translation",
            "variable": "throttle",
            "axis": [0.0,0.05,0.0],
            "offset": -0.05
          },
          {
            "animationType": "translation",
            "variable": "engine_rpm",
            "axis": [0.0,2.5E-4,0.0],
            "offset": 0.5
          }
        ],
        "looping": true,
        "isExterior": true,
        "minDistance": 0.0,
        "minDistanceVolume": 0.5,
        "middleDistance": 8.0,
        "middleDistanceVolume": 0.75,
        "maxDistance": 96.0,
        "maxDistanceVolume": -0.25
      },
      {
        "name": "ivv:v8newperformanteidling",
        "activeAnimations": [
          {
            "animationType": "visibility",
            "variable": "engine_powered",
            "clampMin": 1.0,
            "clampMax": 1.0
          }
        ],
        "volumeAnimations": [
          {
            "animationType": "translation",
            "variable": "throttle",
            "axis": [0.0,-0.125,0.0],
            "offset": 0.5
          },
          {
            "animationType": "translation",
            "variable": "throttle",
            "axis": [0.0,-0.125,0.0],
            "duration": 4
          },
          {
            "animationType": "translation",
            "variable": "engine_rpm_percent_safe",
            "axis": [0.0,-0.25,0.0]
          },
          {
            "animationType": "translation",
            "variable": "BOOST",
            "axis": [0.0,-0.0625,0.0],
            "duration": 5
          }
        ],
        "pitchAnimations": [
          {
            "animationType": "translation",
            "variable": "engine_rpm",
            "axis": [0.0,7.56757E-4,0.0],
            "offset": 1.25
          }
        ],
        "looping": true,
        "minDistance": 0.0,
        "minDistanceVolume": 0.0,
        "middleDistance": 0.0,
        "middleDistanceVolume": 0.0,
        "maxDistance": 16.0,
        "maxDistanceVolume": 0.0
      },
      {
        "name": "ivv:v8low",
        "activeAnimations": [
          {
            "animationType": "visibility",
            "variable": "engine_powered",
            "clampMin": 1.0,
            "clampMax": 1.0
          }
        ],
        "volumeAnimations": [
          {
            "animationType": "translation",
            "variable": "throttle",
            "axis": [0.0,0.375,0.0],
            "offset": -0.375,
            "duration": 4
          },
          {
            "animationType": "translation",
            "variable": "throttle",
            "axis": [0.0,0.375,0.0],
            "offset": -0.375
          },
          {
            "animationType": "translation",
            "variable": "engine_rpm_percent_safe",
            "axis": [0.0,-0.5,0.0],
            "offset": 1.0
          },
          {
            "animationType": "translation",
            "variable": "BOOST",
            "axis": [0.0,-0.0625,0.0],
            "duration": 5
          }
        ],
        "pitchAnimations": [
          {
            "animationType": "translation",
            "variable": "throttle",
            "axis": [0.0,0.05,0.0],
            "offset": -0.05
          },
          {
            "animationType": "translation",
            "variable": "engine_rpm",
            "axis": [0.0,3.75E-4,0.0],
            "offset": 0.25
          }
        ],
        "looping": true,
        "minDistance": 0.0,
        "minDistanceVolume": 0.0,
        "middleDistance": 0.0,
        "middleDistanceVolume": 0.0,
        "maxDistance": 24.0,
        "maxDistanceVolume": 0.0
      },
      {
        "name": "ivv:v8newperformanteload",
        "activeAnimations": [
          {
            "animationType": "visibility",
            "variable": "engine_powered",
            "clampMin": 1.0,
            "clampMax": 1.0
          }
        ],
        "volumeAnimations": [
          {
            "animationType": "translation",
            "variable": "throttle",
            "axis": [0.0,0.375,0.0],
            "duration": 4
          },
          {
            "animationType": "translation",
            "variable": "throttle",
            "axis": [0.0,0.25,0.0],
            "offset": -0.5
          },
          {
            "animationType": "translation",
            "variable": "engine_rpm_percent_safe",
            "axis": [0.0,1.0,0.0],
            "offset": -0.5
          },
          {
            "animationType": "translation",
            "variable": "BOOST",
            "axis": [0.0,-0.125,0.0],
            "duration": 5
          }
        ],
        "pitchAnimations": [
          {
            "animationType": "translation",
            "variable": "throttle",
            "axis": [0.0,0.05,0.0],
            "offset": -0.05
          },
          {
            "animationType": "translation",
            "variable": "engine_rpm",
            "axis": [0.0,0.001013514,0.0]
          }
        ],
        "looping": true,
        "minDistance": 0.0,
        "minDistanceVolume": 0.0,
        "middleDistance": 0.0,
        "middleDistanceVolume": 0.0,
        "maxDistance": 32.0,
        "maxDistanceVolume": 0.0
      },
      {
        "name": "ivv:jetwhirr",
        "activeAnimations": [
          {
            "animationType": "visibility",
            "variable": "engine_powered",
            "clampMin": 1.0,
            "clampMax": 1.0
          }
        ],
        "volumeAnimations": [
          {
            "animationType": "translation",
            "variable": "turbineRPMpercent",
            "axis": [0.0,0.875,0.0],
            "offset": -0.125
          }
        ],
        "pitchAnimations": [
          {
            "animationType": "translation",
            "variable": "throttle",
            "axis": [0.0,0.25,0.0],
            "duration": 5
          },
          {
            "animationType": "translation",
            "variable": "throttle",
            "axis": [0.0,0.125,0.0],
            "offset": -0.125
          },
          {
            "animationType": "translation",
            "variable": "turbineRPM",
            "axis": [0.0,0.25,0.0],
            "offset": 0.25
          }
        ],
        "looping": true,
        "isExterior": true,
        "minDistance": 0.0,
        "minDistanceVolume": 0.0,
        "middleDistance": 0.0,
        "middleDistanceVolume": 0.0,
        "maxDistance": 16.0,
        "maxDistanceVolume": 0.0
      }
    ],
    "particles": [
      {
        "type": "flame",
        "spawningOrientation": "entity",
        "renderingOrientation": "player",
        "quantity": 2,
        "duration": 20,
        "transparency": 1.0,
        "scale": 0.6,
        "toScale": 0.8,
        "hitboxSize": 0.2,
        "color": "FFFFFF",
        "pos": [0.0,0.0,0.625],
        "spreadRandomness": [0.0,0.25,0.375],
        "initialVelocity": [0.0,0.0,0.375],
        "activeAnimations": [
          {
            "animationType": "visibility",
            "variable": "2_4_2_cycle",
            "clampMin": 1.0,
            "clampMax": 1.0
          },
          {
            "animationType": "visibility",
            "variable": "engine_powered",
            "clampMin": 1.0,
            "clampMax": 1.0
          },
          {
            "animationType": "inhibitor",
            "variable": "!parent_damage_totaled"
          },
          {
            "animationType": "visibility",
            "variable": "parent_damage_percent",
            "clampMin": 0.875,
            "clampMax": 1.0
          }
        ]
      },
      {
        "type": "smoke",
        "spawningOrientation": "entity",
        "renderingOrientation": "player",
        "quantity": 4,
        "duration": 60,
        "transparency": 0.75,
        "fadeTransparencyTime": 20,
        "scale": 0.8,
        "toScale": 1.6,
        "hitboxSize": 0.2,
        "color": "555555",
        "pos": [0.0,0.0,0.625],
        "spreadRandomness": [0.0,0.25,1.0],
        "initialVelocity": [0.0,0.0,1.5],
        "activeAnimations": [
          {
            "animationType": "visibility",
            "variable": "1_2_1_cycle",
            "clampMin": 1.0,
            "clampMax": 1.0
          },
          {
            "animationType": "visibility",
            "variable": "engine_powered",
            "clampMin": 1.0,
            "clampMax": 1.0,
            "reverseDelay": 100
          },
          {
            "animationType": "inhibitor",
            "variable": "!parent_damage_totaled"
          },
          {
            "animationType": "visibility",
            "variable": "parent_damage_percent",
            "clampMin": 0.75,
            "clampMax": 1.0
          }
        ]
      },
      {
        "type": "smoke",
        "spawningOrientation": "entity",
        "renderingOrientation": "player",
        "quantity": 8,
        "duration": 40,
        "transparency": 0.75,
        "fadeTransparencyTime": 20,
        "scale": 1.2,
        "toScale": 2.4,
        "hitboxSize": 0.2,
        "color": "888888",
        "pos": [0.0,0.0,0.625],
        "spreadRandomness": [0.0,1.0,6.0],
        "initialVelocity": [0.0,0.0,0.75],
        "activeAnimations": [
          {
            "animationType": "visibility",
            "variable": "engine_powered",
            "reverseDelay": 100
          },
          {
            "animationType": "inhibitor",
            "variable": "!parent_damage_totaled"
          },
          {
            "animationType": "visibility",
            "variable": "parent_damage_percent",
            "clampMin": 0.75,
            "clampMax": 1.0
          }
        ]
      },
      {
        "type": "generic",
        "spawningOrientation": "entity",
        "renderingOrientation": "player",
        "quantity": 8,
        "duration": 10,
        "transparency": 0.375,
        "fadeTransparencyTime": 5,
        "scale": 0.025,
        "toScale": 0.05,
        "hitboxSize": 0.1,
        "texture": "ivv:textures/particles/pattern7.png",
        "color": "EDAC28",
        "pos": [0.0,0.25,0.375],
        "spreadRandomness": [0.25,0.5,0.25],
        "initialVelocity": [0.0,0.625,0.125],
        "movementVelocity": [0.0,-0.01,0.0],
        "terminalVelocity": [2048.0,2048.0,2048.0],
        "activeAnimations": [
          {
            "animationType": "visibility",
            "variable": "engine_jumper_cable",
            "clampMin": 1.0,
            "clampMax": 1.0
          }
        ]
      },
      {
        "type": "smoke",
        "spawnEveryTick": true,
        "spawningOrientation": "entity",
        "renderingOrientation": "player",
        "quantity": 2,
        "duration": 60,
        "transparency": 0.25,
        "fadeTransparencyTime": 20,
        "scale": 0.75,
        "toScale": 1.5,
        "hitboxSize": 0.2,
        "color": "F0F0F0",
        "pos": [0.0,0.25,0.375],
        "spreadRandomness": [0.25,0.25,0.25],
        "initialVelocity": [0.0,0.625,0.0],
        "movementVelocity": [0.0,-0.00125,0.0],
        "terminalVelocity": [2048.0,2048.0,2048.0],
        "activeAnimations": [
          {
            "animationType": "visibility",
            "variable": "engine_temp",
            "clampMin": 105.0,
            "clampMax": 115.0
          }
        ]
      },
      {
        "type": "smoke",
        "spawnEveryTick": true,
        "spawningOrientation": "entity",
        "renderingOrientation": "player",
        "quantity": 3,
        "duration": 80,
        "transparency": 0.375,
        "fadeTransparencyTime": 20,
        "scale": 1.0,
        "toScale": 2.0,
        "hitboxSize": 0.2,
        "color": "2F2F2F",
        "pos": [0.0,0.25,0.375],
        "spreadRandomness": [0.25,0.25,0.25],
        "initialVelocity": [0.0,0.625,0.0],
        "movementVelocity": [0.0,-0.00125,0.0],
        "terminalVelocity": [2048.0,2048.0,2048.0],
        "activeAnimations": [
          {
            "animationType": "visibility",
            "variable": "engine_temp",
            "clampMin": 115.0,
            "clampMax": 1000.0
          }
        ]
      },
      {
        "type": "flame",
        "spawnEveryTick": true,
        "spawningOrientation": "entity",
        "renderingOrientation": "player",
        "quantity": 2,
        "duration": 20,
        "transparency": 1.0,
        "scale": 0.6,
        "toScale": 0.8,
        "hitboxSize": 0.2,
        "color": "FFFFFF",
        "pos": [0.0,0.0,0.625],
        "spreadRandomness": [0.375,0.125,0.375],
        "initialVelocity": [0.0,0.25,0.0],
        "activeAnimations": [
          {
            "animationType": "visibility",
            "variable": "2_4_2_cycle",
            "clampMin": 1.0,
            "clampMax": 1.0
          },
          {
            "animationType": "visibility",
            "variable": "engine_temp",
            "clampMin": 125.0,
            "clampMax": 1000.0
          }
        ]
      }
    ],
    "modelType": "obj"
  },
  "general": {
    "name": "Performante V8 Engine §9(Automatic)",
    "description": "4.6L24V Experimental IVLabs Motor\nTurbojet intake fed hyperefficient pierospherical design",
    "health": 100,
    "materialLists": [
      [
        "mts:ivv.v8newperformante:0:1",
        "minecraft:diamond:0:8",
        "mts:ivv.microjet:0:2",
        "mts:ivv.gearboxauto:0:1",
        "mts:ivv.ecu:0:1"
      ]
    ],
    "repairMaterialLists": [
      [
        "mts:ivv.oilcan:0:1",
        "mts:ivv.microjet:0:2",
        "mts:ivv.tape:0:1"
      ]
    ],
    "radarWidth": 0.0,
    "radarRange": 0.0
  }
}
