{
  "motorized": {
    "isFrontWheelDrive": true,
    "isRearWheelDrive": true,
    "hasRunningLights": true,
    "hasHeadlights": true,
    "hasTurnSignals": true,
    "emptyMass": 1380,
    "fuelCapacity": 15000,
    "downForce": 0.65,
    "overSteer": 2,
    "underSteer": 1,
    "overSteerAccel": 2,
    "overSteerDecel": -0.5,
    "axleRatio": 3.781,
    "brakingFactor": 1.2,
    "maxTiltAngle": -4.0,
    "dragCoefficient": 0.7
  },
  "parts": [
    {
      "pos": [1.0625,0.0,0.0],
      "minValue": 1.05,
      "maxValue": 1.13,
      "types": ["ground_wheel"]
    },
    {
      "pos": [-1.0625,0.0,0.0],
      "minValue": 1.05,
      "maxValue": 1.13,
      "types": ["ground_wheel"]
    },
    {
      "pos": [1.0625,0.0,3.125],
      "turnsWithSteer": true,
      "minValue": 1.05,
      "maxValue": 1.13,
      "types": ["ground_wheel"],
      "animations": [
        {
          "animationType": "rotation",
          "variable": "rudder",
          "centerPoint": [0.0,0.0,0.0],
          "axis": [0.0,-1.0,0.0]
        }
      ]
    },
    {
      "pos": [-1.0625,0.0,3.125],
      "turnsWithSteer": true,
      "minValue": 1.05,
      "maxValue": 1.13,
      "types": ["ground_wheel"],
      "animations": [
        {
          "animationType": "rotation",
          "variable": "rudder",
          "centerPoint": [0.0,0.0,0.0],
          "axis": [0.0,-1.0,0.0]
        }
      ]
    },
    {
      "pos": [0.5625,0.4375,1.3125],
      "rot": [0.0,0.0,0.0],
      "dismountPos": [1.5625,0.4375,1.3125],
      "isController": true,
      "types": ["seat"],
      "linkedVariables": ["door_fl"]
    },
    {
      "pos": [-0.5625,0.4375,1.3125],
      "rot": [0.0,0.0,0.0],
      "dismountPos": [-1.5625,0.4375,1.3125],
      "types": ["seat"],
      "additionalParts": [
        {
          "pos": [-0.5625,0.44,1.3125],
          "rot": [0.0,90.0,0.0],
          "maxValue": 2.0,
          "types": ["interactable_luggage"]
        }
      ],
      "linkedVariables": ["door_fr"]
    },
    {
      "pos": [0.0,0.25,2.75],
      "rot": [0.0,0.0,0.0],
      "maxValue": 0.5,
      "types": ["engine_car"],
      "linkedVariables": ["door_hood"]
    },
    {
      "pos": [0.0,0.3125,4.25],
      "maxValue": 3.0,
      "defaultPart": "iv_tpp:plate_gramados",
      "types": ["generic_licenseplate_us","generic_licenseplate_euro"]
    },
    {
      "pos": [0.0,0.25,-1.01563],
      "rot": [0.0,180.0,0.0],
      "maxValue": 3.0,
      "defaultPart": "iv_tpp:plate_gramados",
      "types": ["generic_licenseplate_us","generic_licenseplate_euro"]
    },
    {
      "pos": [0.6875,0.5625,0.0],
      "rot": [0.0,-90.0,0.0],
      "types": ["seat_invisible"]
    },
    {
      "pos": [-0.6875,0.5625,0.0],
      "rot": [0.0,90.0,0.0],
      "types": ["seat_invisible"]
    },
    {
      "pos": [0.0,1.875,1.9375],
      "maxValue": 3.0,
      "types": ["generic_lightbar","generic_roofdevice","generic_gyrophare"]
    },
    {
      "pos": [0.0,1.875,1.1875],
      "maxValue": 3.0,
      "types": ["generic_lightbar","generic_roofdevice","generic_gyrophare"]
    },
    {
      "pos": [0.0,0.21875,4.125],
      "maxValue": 2.0,
      "types": ["generic_bullbar"]
    },
    {
      "pos": [0.625,0.28125,-1.00625],
      "rot": [0.0,0.0,0.0],
      "maxValue": 1.0,
      "types": ["generic_bumpersticker"]
    },
    {
      "pos": [-0.625,0.28125,-1.00625],
      "rot": [0.0,0.0,0.0],
      "maxValue": 1.0,
      "types": ["generic_bumpersticker"]
    },
    {
      "pos": [0.0,0.6875,0.0],
      "rot": [0.0,0.0,0.0],
      "maxValue": 3.0,
      "types": ["interactable_crate"],
      "linkedVariables": ["doorR"]
    }
  ],
  "collisionGroups": [
    {
      "isInterior": true,
      "collisions": [
        {
          "pos": [1.15625,0.90625,1.09375],
          "width": 0.3125,
          "height": 0.125,
          "variableName": "door_fl",
          "variableType": "toggle",
          "variableValue": 0.0
        }
      ],
      "animations": [
        {
          "animationType": "translation",
          "variable": "door_fl",
          "axis": [1.0625,0.0,0.5625]
        }
      ]
    },
    {
      "isInterior": true,
      "collisions": [
        {
          "pos": [-1.15625,0.90625,1.09375],
          "width": 0.3125,
          "height": 0.125,
          "variableName": "door_fr",
          "variableType": "toggle",
          "variableValue": 0.0
        }
      ],
      "animations": [
        {
          "animationType": "translation",
          "variable": "door_fr",
          "axis": [-1.0625,0.0,0.5625]
        }
      ]
    },
    {
      "isInterior": true,
      "collisions": [
        {
          "pos": [1.15625,0.8125,1.71875],
          "width": 0.3125,
          "height": 0.125,
          "variableName": "door_fl",
          "variableType": "toggle",
          "variableValue": 0.0
        }
      ],
      "animations": [
        {
          "animationType": "translation",
          "variable": "door_fl",
          "axis": [0.5,0.0,0.1875]
        }
      ]
    },
    {
      "isInterior": true,
      "collisions": [
        {
          "pos": [-1.15625,0.8125,1.71875],
          "width": 0.3125,
          "height": 0.125,
          "variableName": "door_fr",
          "variableType": "toggle",
          "variableValue": 0.0
        }
      ],
      "animations": [
        {
          "animationType": "translation",
          "variable": "door_fr",
          "axis": [-0.5,0.0,0.1875]
        }
      ]
    },
    {
      "isInterior": true,
      "collisions": [
        {
          "pos": [0.0,0.9375,3.625],
          "width": 1.0,
          "height": 0.5,
          "variableName": "door_hood",
          "variableType": "toggle",
          "variableValue": 0.0
        }
      ],
      "animations": [
        {
          "animationType": "translation",
          "variable": "door_hood",
          "axis": [0.0,1.3125,-0.375]
        }
      ]
    },
    {
      "isInterior": true,
      "collisions": [
        {
          "pos": [0.0,0.96875,-0.9375],
          "width": 0.3125,
          "height": 0.125,
          "variableName": "doorR",
          "variableType": "toggle",
          "variableValue": 0.0
        }
      ],
      "animations": [
        {
          "animationType": "translation",
          "variable": "doorR",
          "axis": [0.0,-0.5625,-0.65625]
        }
      ]
    },
    {
      "isInterior": true,
      "collisions": [
        {
          "pos": [0.0,0.3125,-0.0625],
          "width": 1.0,
          "height": 0.125,
          "variableValue": 0.0
        }
      ]
    },
    {
      "collisions": [
        {
          "pos": [0.0,1.125,3.0625],
          "width": 1.0,
          "height": 0.125,
          "variableValue": 0.0
        },
        {
          "pos": [0.0,1.875,1.375],
          "width": 1.0,
          "height": 0.125,
          "variableValue": 0.0
        }
      ]
    }
  ],
  "connectionGroups": [
    {
      "groupName": "HOOKUP",
      "hookup": true,
      "connections": [
        {
          "type": "tow_bumper",
          "pos": [0.0,0.125,4.125],
          "distance": 0.0
        },
        {
          "type": "tow_bumper",
          "pos": [0.0,0.15625,-0.9375],
          "distance": 0.0
        },
        {
          "type": "tow_wheel",
          "pos": [0.0,-0.5625,3.125],
          "distance": 0.0
        }
      ]
    },
    {
      "groupName": "TRAILER",
      "canIntiateConnections": true,
      "connections": [
        {
          "type": "trailer_standard",
          "pos": [0.0,0.15625,-0.9375],
          "distance": 0.0
        }
      ]
    }
  ],
  "instruments": [
    {
      "pos": [0.84375,1.0,2.17125],
      "rot": [0.0,0.0,0.0],
      "scale": 0.015625,
      "hudX": 80,
      "hudY": 36,
      "hudScale": 0.25
    },
    {
      "pos": [0.6875,1.0125,2.17125],
      "rot": [0.0,0.0,0.0],
      "scale": 0.015625,
      "hudX": 160,
      "hudY": 36,
      "hudScale": 0.5
    },
    {
      "pos": [0.4375,1.0125,2.17125],
      "rot": [0.0,0.0,0.0],
      "scale": 0.015625,
      "hudX": 240,
      "hudY": 36,
      "hudScale": 0.5
    },
    {
      "pos": [0.28125,1.0,2.17125],
      "rot": [0.0,0.0,0.0],
      "scale": 0.015625,
      "hudX": 320,
      "hudY": 36,
      "hudScale": 0.25
    }
  ],
  "definitions": [
    {
      "subName": "_jetblack_g",
      "name": "Trin Rodeo Pickup comfort trim - jet black paint, gray interior",
      "extraMaterials": ["minecraft:wool:7:2","minecraft:wool:8:3","mts:iv_tpp.paint_bucket_jetblack:0:1"]
    },
    {
      "subName": "_tungsten_g",
      "name": "Trin Rodeo Pickup comfort trim - tungsten paint, gray interior",
      "extraMaterials": ["minecraft:wool:7:2","minecraft:wool:8:3","mts:iv_tpp.paint_bucket_tungsten:0:1"]
    },
    {
      "subName": "_fireorange_g",
      "name": "Trin Rodeo Pickup comfort trim - fire orange paint, gray interior",
      "extraMaterials": ["minecraft:wool:7:2","minecraft:wool:8:3","mts:iv_tpp.paint_bucket_fireorange:0:1"]
    }
  ],
  "rendering": {
    "textObjects": [],
    "animatedObjects": [
      {
        "objectName": "steer",
        "animations": [
          {
            "animationType": "rotation",
            "variable": "rudder",
            "centerPoint": [0.5625,0.96875,2.0625],
            "axis": [0.0,0.0,1.0]
          }
        ]
      },
      {
        "objectName": "gas",
        "animations": [
          {
            "animationType": "rotation",
            "variable": "throttle",
            "centerPoint": [0.5,0.375,2.4375],
            "axis": [-30.0,0.0,0.0]
          }
        ]
      },
      {
        "objectName": "brake",
        "animations": [
          {
            "animationType": "rotation",
            "variable": "brake",
            "centerPoint": [0.6875,0.375,2.4375],
            "axis": [-30.0,0.0,0.0]
          }
        ]
      },
      {
        "objectName": "clutch",
        "animations": [
          {
            "animationType": "visibility",
            "variable": "engine_isautomatic_1"
          },
          {
            "animationType": "rotation",
            "variable": "engine_clutch_upshift_1",
            "centerPoint": [0.6875,0.375,2.4375],
            "axis": [-30.0,0.0,0.0]
          },
          {
            "animationType": "rotation",
            "variable": "engine_clutch_downshift_1",
            "centerPoint": [0.6875,0.375,2.4375],
            "axis": [-30.0,0.0,0.0]
          }
        ]
      },
      {
        "objectName": "p_brake",
        "animations": [
          {
            "animationType": "rotation",
            "variable": "p_brake",
            "centerPoint": [0.0,0.14063,1.46875],
            "axis": [-30.0,0.0,0.0]
          }
        ]
      },
      {
        "objectName": "shift",
        "animations": [
          {
            "animationType": "rotation",
            "variable": "engine_gearshift_1",
            "centerPoint": [0.0,0.21875,1.90625],
            "axis": [1.0,0.0,0.0]
          }
        ]
      },
      {
        "objectName": "doorRR",
        "animations": [
          {
            "animationType": "rotation",
            "variable": "door_fr",
            "centerPoint": [-1.25,0.0,2.25],
            "axis": [0.0,60.0,0.0],
            "duration": 20,
            "forwardsStartSound": "iv_tpp:dooropen",
            "reverseEndSound": "iv_tpp:doorclose"
          }
        ]
      },
      {
        "objectName": "doorwindowFRa",
        "applyAfter": "doorRR",
        "animations": []
      },
      {
        "objectName": "doorwindowFRb",
        "applyAfter": "doorRR",
        "animations": []
      },
      {
        "objectName": "doorRL",
        "animations": [
          {
            "animationType": "rotation",
            "variable": "door_fl",
            "centerPoint": [1.25,0.0,2.25],
            "axis": [0.0,-60.0,0.0],
            "duration": 20,
            "forwardsStartSound": "iv_tpp:dooropen",
            "reverseEndSound": "iv_tpp:doorclose"
          }
        ]
      },
      {
        "objectName": "doorwindowFLa",
        "applyAfter": "doorRL",
        "animations": []
      },
      {
        "objectName": "doorwindowFLb",
        "applyAfter": "doorRL",
        "animations": []
      },
      {
        "objectName": "hood",
        "animations": [
          {
            "animationType": "rotation",
            "variable": "door_hood",
            "centerPoint": [0.0,1.125,2.5],
            "axis": [-60.0,0.0,0.0],
            "duration": 20,
            "forwardsStartSound": "iv_tpp:hoodopen",
            "reverseStartSound": "iv_tpp:hoodclose"
          }
        ]
      },
      {
        "objectName": "doorR_pickup_cabrio",
        "animations": [
          {
            "animationType": "rotation",
            "variable": "doorR",
            "centerPoint": [0.0,0.375,-1.0],
            "axis": [-90.0,0.0,0.0],
            "duration": 20,
            "forwardsStartSound": "iv_tpp:bootopen",
            "reverseEndSound": "iv_tpp:bootclose"
          }
        ]
      }
    ],
    "lightObjects": [
      {
        "objectName": "&RightTurnLight_ff6600_FFC00_111",
        "emissive": true,
        "covered": true,
        "isElectric": true,
        "color": "FF6600",
        "brightnessAnimations": [
          {
            "animationType": "visibility",
            "variable": "right_turn_signal",
            "clampMin": 1.0,
            "clampMax": 1.0
          },
          {
            "animationType": "visibility",
            "variable": "10_10_0_cycle",
            "clampMin": 1.0,
            "clampMax": 1.0
          }
        ],
        "blendableComponents": [
          {
            "pos": [-1.234375,0.5937470048666,4.03125],
            "axis": [-1.0,0.0,0.0],
            "flareHeight": 0.5625001,
            "flareWidth": 0.5625001
          },
          {
            "pos": [-1.234375,0.46874698996543884,4.0546875],
            "axis": [-1.0,0.0,0.0],
            "flareHeight": 0.328125,
            "flareWidth": 0.328125
          },
          {
            "pos": [-1.1796875,0.46874698996543884,4.140625],
            "axis": [-0.4961000084877014,0.0,0.8682000041007996],
            "flareHeight": 0.328125,
            "flareWidth": 0.328125
          },
          {
            "pos": [0.40625,0.8562040030956268,2.154559016227722],
            "axis": [0.0,0.6690999865531921,-0.7430999875068665],
            "flareHeight": 0.1875,
            "flareWidth": 0.1875
          },
          {
            "pos": [-1.1796875,0.46875,-0.9296875],
            "axis": [-0.707099974155426,0.0,-0.707099974155426],
            "flareHeight": 0.328125,
            "flareWidth": 0.328125
          },
          {
            "pos": [-1.09375,0.46875,-0.984375],
            "axis": [0.0,0.0,-1.0],
            "flareHeight": 0.1875,
            "flareWidth": 0.1875
          }
        ]
      },
      {
        "objectName": "&BackupLight_ffffcc_FFFFF_111",
        "emissive": true,
        "covered": true,
        "isElectric": true,
        "color": "FFFFCC",
        "brightnessAnimations": [
          {
            "animationType": "visibility",
            "variable": "engine_reversed_1",
            "clampMin": 1.0,
            "clampMax": 1.0
          }
        ],
        "blendableComponents": [
          {
            "pos": [1.1796875,0.53125,-0.9296875],
            "axis": [0.707099974155426,0.0,-0.707099974155426],
            "flareHeight": 0.328125,
            "flareWidth": 0.328125
          },
          {
            "pos": [1.09375,0.53125,-0.984375],
            "axis": [0.0,0.0,-1.0],
            "flareHeight": 0.1875,
            "flareWidth": 0.1875
          },
          {
            "pos": [-1.1796875,0.53125,-0.9296875],
            "axis": [-0.707099974155426,0.0,-0.707099974155426],
            "flareHeight": 0.328125,
            "flareWidth": 0.328125
          },
          {
            "pos": [-1.09375,0.53125,-0.984375],
            "axis": [0.0,0.0,-1.0],
            "flareHeight": 0.1875,
            "flareWidth": 0.1875
          }
        ]
      },
      {
        "objectName": "&BrakeLight_e60000_FFFFF_111",
        "emissive": true,
        "covered": true,
        "isElectric": true,
        "color": "E60000",
        "brightnessAnimations": [
          {
            "animationType": "visibility",
            "variable": "brake",
            "clampMin": 0.01,
            "clampMax": 1.0
          }
        ],
        "blendableComponents": [
          {
            "pos": [1.09375,0.625,-0.984375],
            "axis": [0.0,0.0,-1.0],
            "flareHeight": 0.375,
            "flareWidth": 0.375
          },
          {
            "pos": [-1.09375,0.625,-0.984375],
            "axis": [0.0,0.0,-1.0],
            "flareHeight": 0.375,
            "flareWidth": 0.375
          }
        ]
      },
      {
        "objectName": "&Headlight_FFFFA7_FFFFF_111",
        "emissive": true,
        "covered": true,
        "isElectric": true,
        "color": "FFFFA7",
        "brightnessAnimations": [
          {
            "animationType": "visibility",
            "variable": "headlight",
            "clampMin": 1.0,
            "clampMax": 1.0
          }
        ],
        "blendableComponents": [
          {
            "pos": [0.9375,0.6093720197677612,4.21875],
            "axis": [0.0,0.0,1.0],
            "flareHeight": 0.75,
            "flareWidth": 0.75,
            "beamDiameter": 16.0,
            "beamLength": 48.0
          },
          {
            "pos": [-0.9375,0.6093720197677612,4.21875],
            "axis": [0.0,0.0,1.0],
            "flareHeight": 0.75,
            "flareWidth": 0.75,
            "beamDiameter": 16.0,
            "beamLength": 48.0
          }
        ]
      },
      {
        "objectName": "&LeftTurnLight_ff6600_FFC00_111",
        "emissive": true,
        "covered": true,
        "isElectric": true,
        "color": "FF6600",
        "brightnessAnimations": [
          {
            "animationType": "visibility",
            "variable": "left_turn_signal",
            "clampMin": 1.0,
            "clampMax": 1.0
          },
          {
            "animationType": "visibility",
            "variable": "10_10_0_cycle",
            "clampMin": 1.0,
            "clampMax": 1.0
          }
        ],
        "blendableComponents": [
          {
            "pos": [1.234375,0.46874698996543884,4.0546875],
            "axis": [1.0,0.0,0.0],
            "flareHeight": 0.328125,
            "flareWidth": 0.328125
          },
          {
            "pos": [1.1796875,0.46874698996543884,4.140625],
            "axis": [0.4961000084877014,0.0,0.8682000041007996],
            "flareHeight": 0.328125,
            "flareWidth": 0.328125
          },
          {
            "pos": [1.234375,0.5937470048666,4.03125],
            "axis": [1.0,0.0,0.0],
            "flareHeight": 0.5625001,
            "flareWidth": 0.5625001
          },
          {
            "pos": [0.71875,0.8562040030956268,2.154559016227722],
            "axis": [0.0,0.6690999865531921,-0.7430999875068665],
            "flareHeight": 0.1875,
            "flareWidth": 0.1875
          },
          {
            "pos": [1.1796875,0.46875,-0.9296875],
            "axis": [0.707099974155426,0.0,-0.707099974155426],
            "flareHeight": 0.328125,
            "flareWidth": 0.328125
          },
          {
            "pos": [1.09375,0.46875,-0.984375],
            "axis": [0.0,0.0,-1.0],
            "flareHeight": 0.1875,
            "flareWidth": 0.1875
          }
        ]
      },
      {
        "objectName": "&RunningLight_ffffcc_FFFFF_111",
        "emissive": true,
        "covered": true,
        "isElectric": true,
        "color": "FFFFCC",
        "brightnessAnimations": [
          {
            "animationType": "visibility",
            "variable": "running_light",
            "clampMin": 1.0,
            "clampMax": 1.0
          }
        ],
        "blendableComponents": [
          {
            "pos": [-0.09375,1.78125,1.78125],
            "axis": [-0.4472000002861023,-0.8944000005722046,0.0],
            "flareHeight": 0.375,
            "flareWidth": 0.375
          },
          {
            "pos": [0.09375,1.78125,1.78125],
            "axis": [0.4472000002861023,-0.8944000005722046,0.0],
            "flareHeight": 0.375,
            "flareWidth": 0.375
          },
          {
            "pos": [1.0,0.23374300450086594,4.165127515792847],
            "axis": [0.0,-0.3089999854564667,0.9510999917984009],
            "flareHeight": 0.375,
            "flareWidth": 0.375
          },
          {
            "pos": [-1.0,0.23374199867248535,4.165127515792847],
            "axis": [0.0,-0.3089999854564667,0.9510999917984009],
            "flareHeight": 0.375,
            "flareWidth": 0.375
          }
        ]
      },
      {
        "objectName": "&RunningLight_e60000_FFFFF_111",
        "emissive": true,
        "covered": true,
        "isElectric": true,
        "color": "E60000",
        "brightnessAnimations": [
          {
            "animationType": "visibility",
            "variable": "running_light",
            "clampMin": 1.0,
            "clampMax": 1.0
          }
        ],
        "blendableComponents": [
          {
            "pos": [1.1796875,0.625,-0.9296875],
            "axis": [0.707099974155426,0.0,-0.707099974155426],
            "flareHeight": 0.375,
            "flareWidth": 0.375
          },
          {
            "pos": [-1.1796875,0.625,-0.9296875],
            "axis": [-0.707099974155426,0.0,-0.707099974155426],
            "flareHeight": 0.375,
            "flareWidth": 0.375
          }
        ]
      },
      {
        "objectName": "&RunningLight_FFFFA7_FFFFF_111",
        "emissive": true,
        "covered": true,
        "isElectric": true,
        "color": "FFFFA7",
        "brightnessAnimations": [
          {
            "animationType": "visibility",
            "variable": "running_light",
            "clampMin": 1.0,
            "clampMax": 1.0
          }
        ],
        "blendableComponents": [
          {
            "pos": [1.234375,0.5937470048666,4.0859375],
            "axis": [1.0,0.0,0.0],
            "flareHeight": 0.5625001,
            "flareWidth": 0.5625001
          },
          {
            "pos": [1.1796875,0.5937470048666,4.140625],
            "axis": [0.4961000084877014,0.0,0.8682000041007996],
            "flareHeight": 0.5625001,
            "flareWidth": 0.5625001
          },
          {
            "pos": [0.9375,0.7031220197677612,4.21875],
            "axis": [0.0,0.0,1.0],
            "flareHeight": 0.75,
            "flareWidth": 0.75
          },
          {
            "pos": [0.9375,0.5156220048666,4.21875],
            "axis": [0.0,0.0,1.0],
            "flareHeight": 0.75,
            "flareWidth": 0.75
          },
          {
            "pos": [-0.9375,0.5156220048666,4.21875],
            "axis": [0.0,0.0,1.0],
            "flareHeight": 0.75,
            "flareWidth": 0.75
          },
          {
            "pos": [-0.9375,0.7031220197677612,4.21875],
            "axis": [0.0,0.0,1.0],
            "flareHeight": 0.75,
            "flareWidth": 0.75
          },
          {
            "pos": [-1.234375,0.5937470048666,4.0859375],
            "axis": [-1.0,0.0,0.0],
            "flareHeight": 0.5625001,
            "flareWidth": 0.5625001
          },
          {
            "pos": [-1.1796875,0.5937470048666,4.140625],
            "axis": [-0.4961000084877014,0.0,0.8682000041007996],
            "flareHeight": 0.5625001,
            "flareWidth": 0.5625001
          },
          {
            "pos": [0.28125,0.8562040030956268,2.154559016227722],
            "axis": [0.0,0.6690999865531921,-0.7430999875068665],
            "flareHeight": 0.1875,
            "flareWidth": 0.1875
          },
          {
            "pos": [0.6875,0.5156220048666,4.234375],
            "axis": [0.0,0.0,1.0],
            "flareHeight": 0.75,
            "flareWidth": 0.75
          },
          {
            "pos": [0.6875,0.6093720197677612,4.234375],
            "axis": [0.0,0.0,1.0],
            "flareHeight": 0.75,
            "flareWidth": 0.75
          },
          {
            "pos": [0.6875,0.7031220197677612,4.234375],
            "axis": [0.0,0.0,1.0],
            "flareHeight": 0.75,
            "flareWidth": 0.75
          },
          {
            "pos": [-0.6875,0.6093720197677612,4.234375],
            "axis": [0.0,0.0,1.0],
            "flareHeight": 0.75,
            "flareWidth": 0.75
          },
          {
            "pos": [-0.6875,0.7031220197677612,4.234375],
            "axis": [0.0,0.0,1.0],
            "flareHeight": 0.75,
            "flareWidth": 0.75
          },
          {
            "pos": [-0.6875,0.5156220048666,4.234375],
            "axis": [0.0,0.0,1.0],
            "flareHeight": 0.75,
            "flareWidth": 0.75
          }
        ]
      },
      {
        "objectName": "&EmergencyLight_ff6600_00F0F_111",
        "emissive": true,
        "covered": true,
        "isElectric": true,
        "color": "FF6600",
        "brightnessAnimations": [
          {
            "animationType": "visibility",
            "variable": "EMERLTS",
            "clampMin": 1.0,
            "clampMax": 1.0
          },
          {
            "animationType": "visibility",
            "variable": "0_4_16_cycle",
            "clampMin": 1.0,
            "clampMax": 1.0
          }
        ],
        "blendableComponents": [
          {
            "pos": [0.84375,0.8562040030956268,2.154559016227722],
            "axis": [0.0,0.6690999865531921,-0.7430999875068665],
            "flareHeight": 0.1875,
            "flareWidth": 0.1875
          }
        ]
      }
    ],
    "customVariables": ["EMERLTS"],
    "initialVariables": ["door_fr","door_hood","door_fl"],
    "sounds": [
      {
        "name": "iv_tcp_v3:horn_1",
        "activeAnimations": [
          {
            "animationType": "visibility",
            "variable": "horn",
            "clampMin": 1.0,
            "clampMax": 1.0
          }
        ],
        "looping": true
      }
    ],
    "particles": [
      {
        "type": "smoke",
        "transparency": 0.25,
        "toTransparency": 0.25,
        "scale": 1.0,
        "color": "D9D9D9",
        "pos": [-0.3125,0.0,-0.9375],
        "initialVelocity": [0.0,0.0,-1.0],
        "activeAnimations": [
          {
            "animationType": "visibility",
            "variable": "engine_piston_1_2_cam_1",
            "clampMin": 1.0,
            "clampMax": 1.0
          }
        ]
      },
      {
        "type": "smoke",
        "quantity": 5,
        "scale": 2.5,
        "color": "000000",
        "pos": [-0.3125,0.0,-0.9375],
        "initialVelocity": [0.0,0.0,-1.0],
        "activeAnimations": [
          {
            "animationType": "visibility",
            "variable": "engine_backfired_1",
            "clampMin": 1.0,
            "clampMax": 1.0
          }
        ]
      },
      {
        "type": "smoke",
        "transparency": 0.25,
        "toTransparency": 0.25,
        "scale": 1.0,
        "color": "D9D9D9",
        "pos": [0.3125,0.0,-0.9375],
        "initialVelocity": [0.0,0.0,-1.0],
        "activeAnimations": [
          {
            "animationType": "visibility",
            "variable": "engine_piston_2_2_cam_1",
            "clampMin": 1.0,
            "clampMax": 1.0
          }
        ]
      },
      {
        "type": "smoke",
        "quantity": 5,
        "scale": 2.5,
        "color": "000000",
        "pos": [0.3125,0.0,-0.9375],
        "initialVelocity": [0.0,0.0,-1.0],
        "activeAnimations": [
          {
            "animationType": "visibility",
            "variable": "engine_backfired_1",
            "clampMin": 1.0,
            "clampMax": 1.0
          }
        ]
      }
    ]
  },
  "general": {
    "description": "Low end compact Pickup\n\nRecommended parts:\nHuge Sized Wheels\ni4 Engine\nModel 1 Seats",
    "materials": ["mts:iv_tpp.chassis_md4_l5m_t18_i4_rodeo:0:1","minecraft:iron_ingot:0:16","minecraft:iron_block:0:5","minecraft:glowstone_dust:0:16","minecraft:glass_pane:0:9","mts:iv_tpp.metal_pile_2:0:2","mts:iv_tpp.metal_pile_4:0:1","mts:iv_tpp.metal_pile_1:0:2"]
  }
}
