{
  "generic": {
    "type": "ground_wheel"
  },
  "ground": {
    "isWheel": true,
    "width": 0.625,
    "height": 1.25,
    "motiveFriction": 1.0,
    "lateralFriction": 1.0,
    "frictionModifiers": {
      "snow": -0.125,
      "ice": -0.375,
      "dirt": 0.0,
      "dirt_wet": -0.125,
      "sand": 0.0,
      "sand_wet": -0.125,
      "normal_wet": -0.25,
      "normal": -0.125
    }
  },
  "definitions": [
    {
      "subName": "",
      "modelName": "wheel_20h_6w_rim1",
      "name": "Giant Alloy (type 1) Wheel With Off Road Tire (20*6)",
      "extraMaterials": []
    }
  ],
  "rendering": {
    "lightObjects": [],
    "sounds": [
      {
        "name": "mts:wheel_blowout",
        "activeAnimations": [
          {
            "animationType": "visibility",
            "variable": "ground_isflat",
            "clampMin": 1.0,
            "clampMax": 1.0
          }
        ]
      },
      {
        "name": "mts:wheel_striking",
        "activeAnimations": [
          {
            "animationType": "visibility",
            "variable": "ground_contacted",
            "clampMin": 1.0,
            "clampMax": 1.0
          }
        ],
        "forceSound": true
      },
      {
        "name": "mts:wheel_skidding",
        "activeAnimations": [
          {
            "animationType": "visibility",
            "variable": "ground_slipping",
            "clampMin": 1.0,
            "clampMax": 1.0
          }
        ],
        "looping": true
      }
    ],
    "particles": [
      {
        "type": "smoke",
        "quantity": 4,
        "color": "FFFFFF",
        "initialVelocity": [0.0,0.15,0.0],
        "activeAnimations": [
          {
            "animationType": "visibility",
            "variable": "ground_contacted",
            "clampMin": 1.0,
            "clampMax": 1.0
          }
        ]
      },
      {
        "type": "smoke",
        "quantity": 4,
        "color": "FFFFFF",
        "initialVelocity": [0.0,0.15,0.0],
        "activeAnimations": [
          {
            "animationType": "visibility",
            "variable": "ground_slipping",
            "clampMin": 1.0,
            "clampMax": 1.0
          }
        ]
      },
      {
        "type": "break",
        "quantity": 1,
        "color": "FFFFFF",
        "initialVelocity": [0.0,0.2,-0.2],
        "activeAnimations": [
          {
            "animationType": "visibility",
            "variable": "ground_slipping",
            "clampMin": 1.0,
            "clampMax": 1.0
          }
        ]
      }
    ]
  },
  "general": {
    "name": "Giant Alloy (type 1) Wheel With Off Road Tire (20*6)",
    "materials": ["minecraft:dye:0:11","minecraft:iron_nugget:0:120","minecraft:wool:15:4"]
  }
}
