{
  "generic": {
    "type": "ground_wheel"
  },
  "ground": {
    "isWheel": true,
    "width": 0.16,
    "height": 0.32,
    "motiveFriction": 0.75,
    "lateralFriction": 0.75,
    "frictionModifiers": {
      "snow": -0.5,
      "ice": -0.625,
      "dirt": -0.25,
      "dirt_wet": -0.5,
      "sand": -0.25,
      "sand_wet": -0.5,
      "normal_wet": -0.25,
      "normal": 0.0
    }
  },
  "definitions": [
    {
      "subName": "",
      "modelName": "wheel_5h_2w",
      "name": "Tiny Wheel With Classic Tire (5*2)",
      "extraMaterials": []
    }
  ],
  "rendering": {
    "lightObjects": [],
    "sounds": [
      {
        "name": "mts:wheel_blowout",
        "activeAnimations": [
          {
            "animationType": "visibility",
            "variable": "ground_isflat",
            "clampMin": 1.0,
            "clampMax": 1.0
          }
        ]
      },
      {
        "name": "mts:wheel_striking",
        "activeAnimations": [
          {
            "animationType": "visibility",
            "variable": "ground_contacted",
            "clampMin": 1.0,
            "clampMax": 1.0
          }
        ],
        "forceSound": true
      },
      {
        "name": "mts:wheel_skidding",
        "activeAnimations": [
          {
            "animationType": "visibility",
            "variable": "ground_slipping",
            "clampMin": 1.0,
            "clampMax": 1.0
          }
        ],
        "looping": true
      }
    ],
    "particles": [
      {
        "type": "smoke",
        "quantity": 4,
        "color": "FFFFFF",
        "initialVelocity": [0.0,0.15,0.0],
        "activeAnimations": [
          {
            "animationType": "visibility",
            "variable": "ground_contacted",
            "clampMin": 1.0,
            "clampMax": 1.0
          }
        ]
      },
      {
        "type": "smoke",
        "quantity": 4,
        "color": "FFFFFF",
        "initialVelocity": [0.0,0.15,0.0],
        "activeAnimations": [
          {
            "animationType": "visibility",
            "variable": "ground_slipping",
            "clampMin": 1.0,
            "clampMax": 1.0
          }
        ]
      },
      {
        "type": "break",
        "quantity": 1,
        "color": "FFFFFF",
        "initialVelocity": [0.0,0.2,-0.2],
        "activeAnimations": [
          {
            "animationType": "visibility",
            "variable": "ground_slipping",
            "clampMin": 1.0,
            "clampMax": 1.0
          }
        ]
      }
    ]
  },
  "general": {
    "name": "Tiny Wheel With Classic Tire (5*2)",
    "materials": ["minecraft:dye:0:3","minecraft:iron_nugget:0:5","minecraft:wool:15:2"]
  }
}
