{
  "generic": {
    "type": "ground_wheel"
  },
  "ground": {
    "isWheel": true,
    "width": 0.4375,
    "height": 0.875,
    "motiveFriction": 2.0,
    "lateralFriction": 3.0,
    "frictionModifiers": {
      "snow": -1.5,
      "ice": -1.875,
      "dirt": -1,
      "dirt_wet": -1.5,
      "sand": -1.25,
      "sand_wet": -1.75,
      "normal_wet": -1.875,
      "normal": 0.0
    }
  },
  "definitions": [
    {
      "subName": "",
      "modelName": "wheel_txs_14h_7w",
      "name": "TXS Average Wheels (14*7)",
      "extraMaterials": []
    }
  ],
  "rendering": {
    "lightObjects": [],
    "sounds": [
      {
        "name": "mts:wheel_blowout",
        "activeAnimations": [
          {
            "animationType": "visibility",
            "variable": "ground_isflat",
            "clampMin": 1.0,
            "clampMax": 1.0
          }
        ]
      },
      {
        "name": "mts:wheel_striking",
        "activeAnimations": [
          {
            "animationType": "visibility",
            "variable": "ground_contacted",
            "clampMin": 1.0,
            "clampMax": 1.0
          }
        ],
        "forceSound": true
      },
      {
        "name": "mts:wheel_skidding",
        "activeAnimations": [
          {
            "animationType": "visibility",
            "variable": "ground_slipping",
            "clampMin": 1.0,
            "clampMax": 1.0
          }
        ],
        "looping": true
      }
    ],
    "particles": [
      {
        "type": "smoke",
        "quantity": 4,
        "color": "FFFFFF",
        "initialVelocity": [0.0,0.15,0.0],
        "activeAnimations": [
          {
            "animationType": "visibility",
            "variable": "ground_contacted",
            "clampMin": 1.0,
            "clampMax": 1.0
          }
        ]
      },
      {
        "type": "smoke",
        "quantity": 4,
        "color": "FFFFFF",
        "initialVelocity": [0.0,0.15,0.0],
        "activeAnimations": [
          {
            "animationType": "visibility",
            "variable": "ground_slipping",
            "clampMin": 1.0,
            "clampMax": 1.0
          }
        ]
      },
      {
        "type": "break",
        "quantity": 1,
        "color": "FFFFFF",
        "initialVelocity": [0.0,0.2,-0.2],
        "activeAnimations": [
          {
            "animationType": "visibility",
            "variable": "ground_slipping",
            "clampMin": 1.0,
            "clampMax": 1.0
          }
        ]
      }
    ]
  },
  "general": {
    "name": "TXS Average Wheels (14*7)",
    "materials": ["minecraft:dye:0:8","minecraft:iron_nugget:0:42","minecraft:wool:15:2"]
  }
}
