{
  "generic": {
    "type": "engine_boat",
    "forwardsDamageMultiplier": 1.0,
    "mass": 135
  },
  "engine": {
    "type": "normal",
    "isAutomatic": true,
    "disableAutomaticStarter": true,
    "starterPower": 250,
    "shiftSpeed": 8,
    "revResistance": 7,
    "maxRPM": 10500,
    "maxSafeRPM": 7000,
    "idleRPM": 600,
    "startRPM": 400,
    "revlimitRPM": -1,
    "revlimitBounce": 7,
    "stallRPM": 390,
    "engineWinddownRate": 25,
    "heatingCoefficient": 0.75,
    "coolingCoefficient": 2.0,
    "engineWearFactor": 0.875,
    "fuelConsumption": 1.0,
    "gearRatios": [-1.0,0.0,1.0],
    "fuelType": "gasoline",
    "superchargerFuelConsumption": 0.25,
    "superchargerEfficiency": 1.0,
    "isCrankingNotPitched": true
  },
  "parts": [
    {
      "pos": [0.0,-1.0,-0.2685],
      "maxValue": 12.0,
      "types": [
        "propeller"
      ]
    },
    {
      "pos": [0.0,-0.125,0.2875],
      "allowParentRemoval": true,
      "maxValue": 4.0,
      "partScale": [0.48,0.48,0.48],
      "types": [
        "generic_effect_particle"
      ],
      "customTypes": [
        "drip"
      ],
      "interactableVariables": [
        [
          "!parent_bench_status"
        ]
      ],
      "animations": [
        {
          "animationType": "visibility",
          "variable": "parent_bench_status"
        }
      ]
    }
  ],
  "definitions": [
    {
      "subName": "",
      "name": "Anchovy I2 Outboard Motor",
      "extraMaterialLists": [
        []
      ]
    }
  ],
  "constantValues": {
    "generic_effect_particle_drip_slow": 1.0
  },
  "rendering": {
    "lightObjects": [],
    "sounds": [
      {
        "name": "ivv:v1g_starting",
        "activeAnimations": [
          {
            "animationType": "visibility",
            "variable": "engine_running",
            "clampMin": 1.0,
            "clampMax": 1.0
          }
        ],
        "minDistance": 0.0,
        "minDistanceVolume": 0.0,
        "middleDistance": 0.0,
        "middleDistanceVolume": 0.0,
        "maxDistance": 0.0,
        "maxDistanceVolume": 0.0
      },
      {
        "name": "ivv:v1g_stopping",
        "activeAnimations": [
          {
            "animationType": "visibility",
            "variable": "engine_running"
          }
        ],
        "minDistance": 0.0,
        "minDistanceVolume": 0.0,
        "middleDistance": 0.0,
        "middleDistanceVolume": 0.0,
        "maxDistance": 0.0,
        "maxDistanceVolume": 0.0
      },
      {
        "name": "ivv:v1g_sputter",
        "activeAnimations": [
          {
            "animationType": "visibility",
            "variable": "engine_backfired",
            "clampMin": 1.0,
            "clampMax": 1.0
          }
        ],
        "forceSound": true,
        "minDistance": 0.0,
        "minDistanceVolume": 0.0,
        "middleDistance": 0.0,
        "middleDistanceVolume": 0.0,
        "maxDistance": 0.0,
        "maxDistanceVolume": 0.0
      },
      {
        "name": "ivv:crankhand1",
        "activeAnimations": [
          {
            "animationType": "visibility",
            "variable": "engine_starter_hand",
            "clampMin": 1.0,
            "clampMax": 1.0
          }
        ],
        "forceSound": true,
        "minDistance": 0.0,
        "minDistanceVolume": 0.0,
        "middleDistance": 0.0,
        "middleDistanceVolume": 0.0,
        "maxDistance": 0.0,
        "maxDistanceVolume": 0.0
      },
      {
        "name": "ivv:v1gidling",
        "activeAnimations": [
          {
            "animationType": "visibility",
            "variable": "engine_powered",
            "clampMin": 1.0,
            "clampMax": 1.0
          }
        ],
        "volumeAnimations": [
          {
            "animationType": "translation",
            "variable": "engine_rpm_percent_safe",
            "axis": [0.0,-0.5499999523162842,0.0],
            "offset": 0.7
          }
        ],
        "pitchAnimations": [
          {
            "animationType": "translation",
            "variable": "engine_rpm_percent_safe",
            "axis": [0.0,2.049999952316284,0.0],
            "offset": 0.95
          }
        ],
        "looping": true,
        "minDistance": 0.0,
        "minDistanceVolume": 0.0,
        "middleDistance": 0.0,
        "middleDistanceVolume": 0.0,
        "maxDistance": 0.0,
        "maxDistanceVolume": 0.0
      },
      {
        "name": "ivv:v1gload",
        "activeAnimations": [
          {
            "animationType": "visibility",
            "variable": "engine_powered",
            "clampMin": 1.0,
            "clampMax": 1.0
          }
        ],
        "volumeAnimations": [
          {
            "animationType": "translation",
            "variable": "throttle",
            "axis": [0.0,1.0,0.0],
            "offset": -0.5
          },
          {
            "animationType": "translation",
            "variable": "engine_rpm_percent_safe",
            "axis": [0.0,2.0999999046325684,0.0],
            "offset": -0.1
          }
        ],
        "pitchAnimations": [
          {
            "animationType": "translation",
            "variable": "throttle",
            "axis": [0.0,0.1,0.0],
            "offset": -0.1
          },
          {
            "animationType": "translation",
            "variable": "engine_rpm_percent_safe",
            "axis": [0.0,0.5499999523162842,0.0],
            "offset": 0.6
          }
        ],
        "looping": true,
        "minDistance": 0.0,
        "minDistanceVolume": 0.0,
        "middleDistance": 0.0,
        "middleDistanceVolume": 0.0,
        "maxDistance": 0.0,
        "maxDistanceVolume": 0.0
      },
      {
        "name": "ivv:engineoverrev",
        "activeAnimations": [
          {
            "animationType": "visibility",
            "variable": "engine_powered",
            "clampMin": 1.0,
            "clampMax": 1.0
          }
        ],
        "volumeAnimations": [
          {
            "animationType": "translation",
            "variable": "engine_rpm_percent_safe",
            "axis": [0.0,10.0,0.0],
            "offset": -10.0
          }
        ],
        "pitchAnimations": [
          {
            "animationType": "translation",
            "variable": "engine_rpm_percent_safe",
            "axis": [0.0,4.0,0.0],
            "offset": -3.5,
            "clampMax": 4.0
          }
        ],
        "looping": true,
        "minDistance": 0.0,
        "minDistanceVolume": 0.0,
        "middleDistance": 0.0,
        "middleDistanceVolume": 0.0,
        "maxDistance": 0.0,
        "maxDistanceVolume": 0.0
      },
      {
        "name": "ivv:enginehourrattle",
        "activeAnimations": [
          {
            "animationType": "visibility",
            "variable": "engine_powered",
            "clampMin": 1.0,
            "clampMax": 1.0
          },
          {
            "animationType": "inhibitor",
            "variable": "parent_damage_percent",
            "clampMin": 0.5,
            "clampMax": 1.0
          },
          {
            "animationType": "visibility",
            "variable": "engine_hours",
            "clampMin": 500.0,
            "clampMax": 999999.0
          }
        ],
        "volumeAnimations": [
          {
            "animationType": "translation",
            "variable": "throttle",
            "axis": [0.0,-1.5,0.0],
            "offset": 1.0,
            "duration": 10
          },
          {
            "animationType": "translation",
            "variable": "engine_rpm_percent",
            "axis": [0.0,1.75,0.0],
            "offset": -1.25,
            "clampMax": 1.5
          }
        ],
        "pitchAnimations": [
          {
            "animationType": "translation",
            "variable": "throttle",
            "axis": [0.0,0.25,0.0],
            "offset": 0.75,
            "duration": 20
          }
        ],
        "looping": true,
        "minDistance": 0.0,
        "minDistanceVolume": 0.0,
        "middleDistance": 0.0,
        "middleDistanceVolume": 0.0,
        "maxDistance": 0.0,
        "maxDistanceVolume": 0.0
      }
    ],
    "particles": [
      {
        "type": "flame",
        "spawningOrientation": "entity",
        "renderingOrientation": "player",
        "quantity": 2,
        "duration": 20,
        "transparency": 1.0,
        "scale": 0.6,
        "toScale": 0.8,
        "hitboxSize": 0.2,
        "color": "FFFFFF",
        "pos": [0.0,0.0,0.625],
        "spreadRandomness": [0.0,0.25,0.375],
        "initialVelocity": [0.0,0.0,0.375],
        "activeAnimations": [
          {
            "animationType": "visibility",
            "variable": "2_4_2_cycle",
            "clampMin": 1.0,
            "clampMax": 1.0
          },
          {
            "animationType": "visibility",
            "variable": "engine_powered",
            "clampMin": 1.0,
            "clampMax": 1.0
          },
          {
            "animationType": "inhibitor",
            "variable": "!parent_damage_totaled"
          },
          {
            "animationType": "visibility",
            "variable": "parent_damage_percent",
            "clampMin": 0.875,
            "clampMax": 1.0
          }
        ]
      },
      {
        "type": "smoke",
        "spawningOrientation": "entity",
        "renderingOrientation": "player",
        "quantity": 4,
        "duration": 60,
        "transparency": 0.75,
        "fadeTransparencyTime": 20,
        "scale": 0.8,
        "toScale": 1.6,
        "hitboxSize": 0.2,
        "color": "555555",
        "pos": [0.0,0.0,0.625],
        "spreadRandomness": [0.0,0.25,1.0],
        "initialVelocity": [0.0,0.0,1.5],
        "activeAnimations": [
          {
            "animationType": "visibility",
            "variable": "1_2_1_cycle",
            "clampMin": 1.0,
            "clampMax": 1.0
          },
          {
            "animationType": "visibility",
            "variable": "engine_powered",
            "clampMin": 1.0,
            "clampMax": 1.0,
            "reverseDelay": 100
          },
          {
            "animationType": "inhibitor",
            "variable": "!parent_damage_totaled"
          },
          {
            "animationType": "visibility",
            "variable": "parent_damage_percent",
            "clampMin": 0.75,
            "clampMax": 1.0
          }
        ]
      },
      {
        "type": "smoke",
        "spawningOrientation": "entity",
        "renderingOrientation": "player",
        "quantity": 8,
        "duration": 40,
        "transparency": 0.75,
        "fadeTransparencyTime": 20,
        "scale": 1.2,
        "toScale": 2.4,
        "hitboxSize": 0.2,
        "color": "888888",
        "pos": [0.0,0.0,0.625],
        "spreadRandomness": [0.0,1.0,6.0],
        "initialVelocity": [0.0,0.0,0.75],
        "activeAnimations": [
          {
            "animationType": "visibility",
            "variable": "engine_powered",
            "reverseDelay": 100
          },
          {
            "animationType": "inhibitor",
            "variable": "!parent_damage_totaled"
          },
          {
            "animationType": "visibility",
            "variable": "parent_damage_percent",
            "clampMin": 0.75,
            "clampMax": 1.0
          }
        ]
      },
      {
        "type": "generic",
        "spawningOrientation": "entity",
        "renderingOrientation": "player",
        "quantity": 8,
        "duration": 10,
        "transparency": 0.375,
        "fadeTransparencyTime": 5,
        "scale": 0.025,
        "toScale": 0.05,
        "hitboxSize": 0.1,
        "texture": "ivv:textures/particles/pattern7.png",
        "color": "EDAC28",
        "pos": [0.0,0.25,0.375],
        "spreadRandomness": [0.25,0.5,0.25],
        "initialVelocity": [0.0,0.625,0.125],
        "movementVelocity": [0.0,-0.01,0.0],
        "terminalVelocity": [2048.0,2048.0,2048.0],
        "activeAnimations": [
          {
            "animationType": "visibility",
            "variable": "engine_jumper_cable",
            "clampMin": 1.0,
            "clampMax": 1.0
          }
        ]
      },
      {
        "type": "smoke",
        "spawnEveryTick": true,
        "spawningOrientation": "entity",
        "renderingOrientation": "player",
        "quantity": 2,
        "duration": 60,
        "transparency": 0.25,
        "fadeTransparencyTime": 20,
        "scale": 0.75,
        "toScale": 1.5,
        "hitboxSize": 0.2,
        "color": "F0F0F0",
        "pos": [0.0,0.25,0.375],
        "spreadRandomness": [0.25,0.25,0.25],
        "initialVelocity": [0.0,0.625,0.0],
        "movementVelocity": [0.0,-0.00125,0.0],
        "terminalVelocity": [2048.0,2048,2048.0],
        "activeAnimations": [
          {
            "animationType": "visibility",
            "variable": "engine_temp",
            "clampMin": 105.0,
            "clampMax": 115.0
          }
        ]
      },
      {
        "type": "smoke",
        "spawnEveryTick": true,
        "spawningOrientation": "entity",
        "renderingOrientation": "player",
        "quantity": 3,
        "duration": 80,
        "transparency": 0.375,
        "fadeTransparencyTime": 20,
        "scale": 1.0,
        "toScale": 2.0,
        "hitboxSize": 0.2,
        "color": "2F2F2F",
        "pos": [0.0,0.25,0.375],
        "spreadRandomness": [0.25,0.25,0.25],
        "initialVelocity": [0.0,0.625,0.0],
        "movementVelocity": [0.0,-0.00125,0.0],
        "terminalVelocity": [2048.0,2048,2048.0],
        "activeAnimations": [
          {
            "animationType": "visibility",
            "variable": "engine_temp",
            "clampMin": 115.0,
            "clampMax": 1000.0
          }
        ]
      },
      {
        "type": "flame",
        "spawnEveryTick": true,
        "spawningOrientation": "entity",
        "renderingOrientation": "player",
        "quantity": 2,
        "duration": 20,
        "transparency": 1.0,
        "scale": 0.6,
        "toScale": 0.8,
        "hitboxSize": 0.2,
        "color": "FFFFFF",
        "pos": [0.0,0.0,0.625],
        "spreadRandomness": [0.375,0.125,0.375],
        "initialVelocity": [0.0,0.25,0.0],
        "activeAnimations": [
          {
            "animationType": "visibility",
            "variable": "2_4_2_cycle",
            "clampMin": 1.0,
            "clampMax": 1.0
          },
          {
            "animationType": "visibility",
            "variable": "engine_temp",
            "clampMin": 125.0,
            "clampMax": 1000.0
          }
        ]
      }
    ],
    "modelType": "obj"
  },
  "general": {
    "name": "Anchovy V2 Outboard Motor",
    "description": "0.6L4V Utility IVLabs Motor\nPullcord starter, punch to crank",
    "health": 100,
    "materialLists": [
      [
        "mts:ivv.engineblock:0:1",
        "mts:ivv.enginepiston:0:2",
        "mts:ivv.fuelcarb:0:1"
      ]
    ],
    "repairMaterialLists": [
      [
        "mts:ivv.tape:0:1"
      ]
    ],
    "radarWidth": 0.0,
    "radarRange": 0.0
  }
}