{
  "generic": {
    "type": "propeller",
    "forwardsDamageMultiplier": 0.0,
    "movementAnimations": [
      {
        "animationType": "rotation",
        "variable": "propeller_rotation",
        "centerPoint": [0.0,0.0,0.0],
        "axis": [0.0,0.0,1.0]
      }
    ]
  },
  "propeller": {
    "pitch": 30,
    "diameter": 12
  },
  "definitions": [
    {
      "subName": "",
      "name": "IVLabs-Patented Anchovy Boat Propeller",
      "extraMaterialLists": [
        []
      ]
    }
  ],
  "rendering": {
    "lightObjects": [],
    "particles": [],
    "modelType": "obj"
  },
  "general": {
    "name": "IVLabs-Patented Anchovy Boat Propeller",
    "description": "Required for both outboard motors",
    "health": 100,
    "materialLists": [
      [
        "oredict:ingotIron:1"
      ]
    ],
    "repairMaterialLists": [
      [
        "mts:ivv.tape:0:1"
      ]
    ],
    "radarWidth": 0.0,
    "radarRange": 0.0
  }
}