{
  "motorized": {
    "isRearWheelDrive": true,
    "hasOpenTop": true,
    "emptyMass": 1500,
    "fuelCapacity": 15000,
    "axleRatio": 4.1,
    "brakingFactor": 1.0,
    "dragCoefficient": 0.6,
    "downForce": 0.25,
    "overSteer": 2.5,
    "maxTiltAngle": -3.85
  },
  "parts": [
    {
      "pos": [1.125,0.0,0.0],
      "minValue": 0.4,
      "maxValue": 1.0,
      "types": ["ground_wheel"]
    },
    {
      "pos": [-1.125,0.0,0.0],
      "minValue": 0.4,
      "maxValue": 1.0,
      "types": ["ground_wheel"]
    },
    {
      "pos": [1.125,0.0,4.0],
      "turnsWithSteer": true,
      "minValue": 0.4,
      "maxValue": 1.0,
      "types": ["ground_wheel"]
    },
    {
      "pos": [-1.125,0.0,4.0],
      "turnsWithSteer": true,
      "minValue": 0.4,
      "maxValue": 1.0,
      "types": ["ground_wheel"]
    },
    {
      "pos": [0.563,0.25,2.406],
      "isController": true,
      "types": ["seat"]
    },
    {
      "pos": [-0.563,0.25,2.406],
      "types": ["seat"],
      "additionalParts": [
        {
          "pos": [-0.563,0.3,2.406],
          "rot": [0.0,90.0,0.0],
          "maxValue": 2.0,
          "types": ["interactable_luggage"]
        }
      ]
    },
    {
      "pos": [0.563,0.25,1.094],
      "types": ["seat"],
      "additionalParts": [
        {
          "pos": [0.563,0.3,1.094],
          "rot": [0.0,90.0,0.0],
          "maxValue": 2.0,
          "types": ["interactable_luggage"]
        }
      ]
    },
    {
      "pos": [-0.563,0.25,1.094],
      "types": ["seat"],
      "additionalParts": [
        {
          "pos": [-0.563,0.3,1.094],
          "rot": [0.0,90.0,0.0],
          "maxValue": 2.0,
          "types": ["interactable_luggage"]
        }
      ]
    },
    {
      "pos": [0.0,0.125,3.438],
      "maxValue": 0.9,
      "types": ["engine_car"]
    },
    {
      "pos": [0.563,-0.125,-0.063],
      "rot": [0.0,-9.0,0.0],
      "maxValue": 3.0,
      "types": ["interactable_luggage"]
    },
    {
      "pos": [0.0,-0.125,-0.063],
      "rot": [0.0,3.0,0.0],
      "maxValue": 3.0,
      "types": ["interactable_luggage"]
    },
    {
      "pos": [-0.563,-0.125,-0.063],
      "rot": [0.0,-3.0,0.0],
      "maxValue": 3.0,
      "types": ["interactable_luggage"]
    },
    {
      "pos": [0.0,0.0,-0.875],
      "rot": [0.0,81.0,0.0],
      "maxValue": 3.0,
      "types": ["interactable_luggage"]
    },
    {
      "pos": [0.0,0.0,5.188],
      "maxValue": 2.0,
      "types": ["generic_bullbar"]
    },
    {
      "pos": [0.0,1.625,2.25],
      "maxValue": 3.0,
      "types": ["generic_roofdevice"]
    },
    {
      "pos": [0.0,1.625,2.563],
      "maxValue": 3.0,
      "types": ["generic_lightbar"]
    },
    {
      "pos": [0.625,0.078,5.3],
      "rot": [0.0,180.0,0.0],
      "maxValue": 1.0,
      "types": ["generic_bumpersticker"]
    },
    {
      "pos": [-0.625,0.078,5.3],
      "rot": [0.0,-10.0,0.0],
      "maxValue": 1.0,
      "types": ["generic_bumpersticker"]
    },
    {
      "pos": [0.625,0.078,-1.3],
      "maxValue": 1.0,
      "types": ["generic_bumpersticker"]
    },
    {
      "pos": [0.0,0.078,-1.3],
      "maxValue": 1.0,
      "types": ["generic_bumpersticker"]
    },
    {
      "pos": [-0.625,0.078,-1.3],
      "maxValue": 1.0,
      "types": ["generic_bumpersticker"]
    }
  ],
  "collision": [
    {
      "pos": [0.0,0.813,4.281],
      "width": 2.0,
      "height": 0.125
    },
    {
      "pos": [0.0,1.563,1.813],
      "width": 2.0,
      "height": 0.125
    },
    {
      "pos": [0.0,0.813,-0.344],
      "width": 2.0,
      "height": 0.125
    }
  ],
  "connectionGroups": [
    {
      "groupName": "HOOKUP",
      "hookup": true,
      "connections": [
        {
          "type": "tow_bumper",
          "pos": [0.0,-0.1,5.306],
          "distance": 0.0
        },
        {
          "type": "tow_bumper",
          "pos": [0.0,0.266,-1.3],
          "distance": 0.0
        },
        {
          "type": "tow_wheel",
          "pos": [0.0,-0.4375,4.0],
          "distance": 0.0
        }
      ]
    },
    {
      "groupName": "TRAILER",
      "canIntiateConnections": true,
      "connections": [
        {
          "type": "trailer_standard",
          "pos": [0.0,0.266,-1.3],
          "distance": 0.0
        }
      ]
    }
  ],
  "instruments": [
    {
      "pos": [0.875,0.8125,3.247],
      "rot": [0.0,0.0,0.0],
      "scale": 0.015625,
      "hudX": 80,
      "hudY": 36,
      "hudScale": 0.25
    },
    {
      "pos": [0.688,0.844,3.265],
      "rot": [0.0,0.0,0.0],
      "scale": 0.015625,
      "hudX": 160,
      "hudY": 36,
      "hudScale": 0.5
    },
    {
      "pos": [0.438,0.844,3.265],
      "rot": [0.0,0.0,0.0],
      "scale": 0.015625,
      "hudX": 240,
      "hudY": 36,
      "hudScale": 0.5
    },
    {
      "pos": [0.25,0.813,3.247],
      "rot": [0.0,0.0,0.0],
      "scale": 0.015625,
      "hudX": 320,
      "hudY": 36,
      "hudScale": 0.25
    }
  ],
  "definitions": [
    {
      "subName": "_blue",
      "name": "Trin Urlon",
      "extraMaterials": ["minecraft:dye:4:5"]
    },
    {
      "subName": "_brown",
      "name": "Trin Urlon",
      "extraMaterials": ["minecraft:dye:3:5"]
    },
    {
      "subName": "_light_blue",
      "name": "Trin Urlon",
      "extraMaterials": ["minecraft:dye:12:5"]
    },
    {
      "subName": "_light_gray",
      "name": "Trin Urlon",
      "extraMaterials": ["minecraft:dye:7:5"]
    },
    {
      "subName": "_olive",
      "name": "Trin Urlon",
      "extraMaterials": ["minecraft:dye:2:5"]
    },
    {
      "subName": "_red",
      "name": "Trin Urlon",
      "extraMaterials": ["minecraft:dye:1:5"]
    },
    {
      "subName": "_pure_black",
      "name": "Trin Urlon",
      "extraMaterials": ["minecraft:dye:0:10"]
    },
    {
      "subName": "_pure_white",
      "name": "Trin Urlon",
      "extraMaterials": ["minecraft:dye:15:10"]
    },
    {
      "subName": "_diamond",
      "name": "Trin Urlon",
      "extraMaterials": ["minecraft:dye:12:4","minecraft:diamond:0:1"]
    }
  ],
  "rendering": {
    "textObjects": [
      {
        "pos": [0.0,0.078,5.306],
        "rot": [0.0,0.0,0.0],
        "scale": 0.13,
        "fieldName": "Text",
        "defaultText": "tcp-000",
        "maxLength": 7,
        "color": "#000000"
      },
      {
        "pos": [0.0,0.266,-1.3],
        "rot": [0.0,180.0,0.0],
        "scale": 0.13,
        "fieldName": "Text",
        "defaultText": "tcp-000",
        "maxLength": 7,
        "color": "#000000"
      }
    ],
    "animatedObjects": [
      {
        "objectName": "$gas",
        "animations": [
          {
            "animationType": "rotation",
            "variable": "throttle",
            "centerPoint": [0.0,0.063,3.156],
            "axis": [25.0,0.0,0.0]
          }
        ]
      },
      {
        "objectName": "$brake",
        "animations": [
          {
            "animationType": "rotation",
            "variable": "brake",
            "centerPoint": [0.0,0.063,3.156],
            "axis": [25.0,0.0,0.0]
          }
        ]
      },
      {
        "objectName": "$p_brake",
        "animations": [
          {
            "animationType": "rotation",
            "variable": "p_brake",
            "centerPoint": [0.0,0.094,3.125],
            "axis": [30.0,0.0,0.0]
          }
        ]
      },
      {
        "objectName": "$shift",
        "animations": [
          {
            "animationType": "rotation",
            "variable": "engine_gearshift_1",
            "centerPoint": [0.0,0.313,3.156],
            "axis": [1.0,0.0,0.0]
          }
        ]
      },
      {
        "objectName": "$steer",
        "animations": [
          {
            "animationType": "rotation",
            "variable": "rudder",
            "centerPoint": [0.563,0.734,3.172],
            "axis": [-0.0,-0.0,1.0]
          }
        ]
      },
      {
        "objectName": "$doorFL",
        "animations": [
          {
            "animationType": "rotation",
            "variable": "door",
            "centerPoint": [1.25,0.813,3.344],
            "axis": [0.0,-60.0,0.0],
            "duration": 30
          }
        ]
      },
      {
        "objectName": "$doorFR",
        "animations": [
          {
            "animationType": "rotation",
            "variable": "door",
            "centerPoint": [-1.25,0.813,3.344],
            "axis": [0.0,60.0,0.0],
            "duration": 30
          }
        ]
      },
      {
        "objectName": "$doorwindowFL",
        "animations": [
          {
            "animationType": "rotation",
            "variable": "door",
            "centerPoint": [1.25,0.813,3.344],
            "axis": [0.0,-60.0,0.0],
            "duration": 30
          }
        ]
      },
      {
        "objectName": "$doorwindowFR",
        "animations": [
          {
            "animationType": "rotation",
            "variable": "door",
            "centerPoint": [-1.25,0.813,3.344],
            "axis": [0.0,60.0,0.0],
            "duration": 30
          }
        ]
      },
      {
        "objectName": "$doorRL",
        "animations": [
          {
            "animationType": "rotation",
            "variable": "door",
            "centerPoint": [1.25,0.813,1.969],
            "axis": [0.0,-60.0,0.0],
            "duration": 30
          }
        ]
      },
      {
        "objectName": "$doorRR",
        "animations": [
          {
            "animationType": "rotation",
            "variable": "door",
            "centerPoint": [-1.25,0.813,1.969],
            "axis": [0.0,60.0,0.0],
            "duration": 30
          }
        ]
      },
      {
        "objectName": "$doorwindowRL",
        "animations": [
          {
            "animationType": "rotation",
            "variable": "door",
            "centerPoint": [1.25,0.813,1.969],
            "axis": [0.0,-60.0,0.0],
            "duration": 30
          }
        ]
      },
      {
        "objectName": "$doorwindowRR",
        "animations": [
          {
            "animationType": "rotation",
            "variable": "door",
            "centerPoint": [-1.25,0.813,1.969],
            "axis": [0.0,60.0,0.0],
            "duration": 30
          }
        ]
      },
      {
        "objectName": "$hood",
        "animations": [
          {
            "animationType": "rotation",
            "variable": "hood",
            "centerPoint": [0.0,0.875,3.469],
            "axis": [-60.0,0.0,0.0]
          }
        ]
      },
      {
        "objectName": "$boot",
        "animations": [
          {
            "animationType": "rotation",
            "variable": "door",
            "centerPoint": [0.0,0.938,-0.281],
            "axis": [60.0,0.0,0.0],
            "duration": 30
          }
        ]
      }
    ],
    "sounds": [
      {
        "name": "iv_tcp:horn_1",
        "activeAnimations": [
          {
            "animationType": "visibility",
            "variable": "horn",
            "clampMin": 1.0,
            "clampMax": 1.0
          }
        ],
        "looping": true
      }
    ],
    "particles": []
  },
  "prefixFolders": "",
  "packID": "iv_tcp",
  "systemName": "trin_urlon",
  "classification": "vehicle",
  "general": {
    "description": "Recommended parts:\nAverage Sized Wheels\ni5 Engine\nModel 1 Seats",
    "materials": ["iv_tcp:pile_of_v2_junk:0:6"]
  }
}
