{
  "motorized": {
    "isRearWheelDrive": true,
    "emptyMass": 5000,
    "fuelCapacity": 30000,
    "axleRatio": 3.3,
    "brakingFactor": 1.0,
    "dragCoefficient": 0.9,
    "downForce": 0.25,
    "overSteer": 1.0,
    "maxTiltAngle": -1.5
  },
  "parts": [
    {
      "pos": [1.5,0.0,0.0],
      "minValue": 0.5,
      "maxValue": 1.1,
      "types": ["ground_wheel"]
    },
    {
      "pos": [-1.5,0.0,0.0],
      "minValue": 0.5,
      "maxValue": 1.1,
      "types": ["ground_wheel"]
    },
    {
      "pos": [1.5,0.0,7.375],
      "turnsWithSteer": true,
      "minValue": 0.5,
      "maxValue": 1.1,
      "types": ["ground_wheel"]
    },
    {
      "pos": [-1.5,0.0,7.375],
      "turnsWithSteer": true,
      "minValue": 0.5,
      "maxValue": 1.1,
      "types": ["ground_wheel"]
    },
    {
      "pos": [0.9375,0.5,8.5625],
      "isController": true,
      "types": ["seat"]
    },
    {
      "pos": [0.8125,0.25,7.75],
      "rot": [0.0,180.0,0.0],
      "types": ["seat_bus"]
    },
    {
      "pos": [1.125,0.25,6.5625],
      "rot": [0.0,180.0,0.0],
      "types": ["seat_bus"]
    },
    {
      "pos": [0.375,0.25,6.5625],
      "rot": [0.0,180.0,0.0],
      "types": ["seat_bus"]
    },
    {
      "pos": [-1.125,0.25,6.5625],
      "rot": [0.0,180.0,0.0],
      "types": ["seat_bus"]
    },
    {
      "pos": [1.125,0.25,4.6875],
      "rot": [0.0,0.0,0.0],
      "types": ["seat_bus"]
    },
    {
      "pos": [0.375,0.25,4.6875],
      "rot": [0.0,0.0,0.0],
      "types": ["seat_bus"]
    },
    {
      "pos": [-1.125,0.25,4.6875],
      "rot": [0.0,0.0,0.0],
      "types": ["seat_bus"]
    },
    {
      "pos": [1.3125,0.25,4.0625],
      "rot": [0.0,-90.0,0.0],
      "types": ["seat_bus"]
    },
    {
      "pos": [1.3125,0.25,3.3125],
      "rot": [0.0,-90.0,0.0],
      "types": ["seat_bus"]
    },
    {
      "pos": [1.125,0.25,2.6875],
      "rot": [0.0,180.0,0.0],
      "types": ["seat_bus"]
    },
    {
      "pos": [0.375,0.25,2.6875],
      "rot": [0.0,180.0,0.0],
      "types": ["seat_bus"]
    },
    {
      "pos": [-1.125,0.25,2.6875],
      "rot": [0.0,180.0,0.0],
      "types": ["seat_bus"]
    },
    {
      "pos": [1.125,0.25,0.8125],
      "rot": [0.0,0.0,0.0],
      "types": ["seat_bus"]
    },
    {
      "pos": [0.375,0.25,0.8125],
      "rot": [0.0,0.0,0.0],
      "types": ["seat_bus"]
    },
    {
      "pos": [-1.125,0.25,0.8125],
      "rot": [0.0,0.0,0.0],
      "types": ["seat_bus"]
    },
    {
      "pos": [0.8125,0.25,0.4375],
      "rot": [0.0,180.0,0.0],
      "types": ["seat_bus"]
    },
    {
      "pos": [1.125,0.25,-0.8125],
      "rot": [0.0,180.0,0.0],
      "types": ["seat_bus"]
    },
    {
      "pos": [0.375,0.25,-0.8125],
      "rot": [0.0,180.0,0.0],
      "types": ["seat_bus"]
    },
    {
      "pos": [1.125,0.25,-3.0],
      "rot": [0.0,0.0,0.0],
      "types": ["seat_bus"]
    },
    {
      "pos": [-1.125,0.25,-3.0],
      "rot": [0.0,0.0,0.0],
      "types": ["seat_bus"]
    },
    {
      "pos": [0.0,0.125,-3.125],
      "rot": [-90.0,0.0,0.0],
      "maxValue": 2.0,
      "types": ["engine_car"]
    }
  ],
  "collision": [
    {
      "pos": [0.0,2.375,9.0],
      "width": 1.0,
      "height": 0.125
    },
    {
      "pos": [0.0,2.375,7.0],
      "width": 3.0,
      "height": 0.125
    },
    {
      "pos": [0.0,2.375,4.0],
      "width": 3.0,
      "height": 0.125
    },
    {
      "pos": [0.0,2.375,1.0],
      "width": 3.0,
      "height": 0.125
    },
    {
      "pos": [0.0,2.375,-2.0],
      "width": 3.0,
      "height": 0.125
    },
    {
      "pos": [-1.5,1.0,7.375],
      "width": 0.0625,
      "height": 0.0625
    },
    {
      "pos": [1.5,1.0,7.375],
      "width": 0.0625,
      "height": 0.0625
    },
    {
      "pos": [-1.5,1.0,0.0],
      "width": 0.0625,
      "height": 0.0625
    },
    {
      "pos": [1.5,1.0,0.0],
      "width": 0.0625,
      "height": 0.0625
    }
  ],
  "connectionGroups": [
    {
      "groupName": "HOOKUP",
      "hookup": true,
      "connections": [
        {
          "type": "tow_bumper_heavy",
          "pos": [0.0,-0.25,9.9375],
          "distance": 0.0
        },
        {
          "type": "tow_bumper_heavy",
          "pos": [0.0,-0.0625,-1.21875],
          "distance": 0.0
        },
        {
          "type": "tow_wheel_heavy",
          "pos": [0.0,-0.5,7.375],
          "distance": 0.0
        }
      ]
    }
  ],
  "instruments": [
    {
      "pos": [1.3125,0.875,9.28063],
      "rot": [0.0,0.0,0.0],
      "scale": 0.015625,
      "hudX": 80,
      "hudY": 36,
      "hudScale": 0.25
    },
    {
      "pos": [1.125,0.9375,9.28063],
      "rot": [0.0,0.0,0.0],
      "scale": 0.015625,
      "hudX": 160,
      "hudY": 36,
      "hudScale": 0.5
    },
    {
      "pos": [0.75,0.9375,9.28063],
      "rot": [0.0,0.0,0.0],
      "scale": 0.015625,
      "hudX": 240,
      "hudY": 36,
      "hudScale": 0.5
    },
    {
      "pos": [0.5625,0.875,9.28063],
      "rot": [0.0,0.0,0.0],
      "scale": 0.015625,
      "hudX": 320,
      "hudY": 36,
      "hudScale": 0.25
    }
  ],
  "definitions": [
    {
      "subName": "_blue",
      "name": "Trin Transortus",
      "extraMaterials": ["minecraft:dye:4:5"]
    },
    {
      "subName": "_brown",
      "name": "Trin Transortus",
      "extraMaterials": ["minecraft:dye:3:5"]
    },
    {
      "subName": "_light_blue",
      "name": "Trin Transortus",
      "extraMaterials": ["minecraft:dye:12:5"]
    },
    {
      "subName": "_light_gray",
      "name": "Trin Transortus",
      "extraMaterials": ["minecraft:dye:7:5"]
    },
    {
      "subName": "_olive",
      "name": "Trin Transortus",
      "extraMaterials": ["minecraft:dye:2:5"]
    },
    {
      "subName": "_red",
      "name": "Trin Transortus",
      "extraMaterials": ["minecraft:dye:1:5"]
    },
    {
      "subName": "_pure_black",
      "name": "Trin Transortus",
      "extraMaterials": ["minecraft:dye:0:10"]
    },
    {
      "subName": "_pure_white",
      "name": "Trin Transortus",
      "extraMaterials": ["minecraft:dye:15:10"]
    },
    {
      "subName": "_diamond",
      "name": "Trin Transortus",
      "extraMaterials": ["minecraft:dye:12:4","minecraft:diamond:0:1"]
    }
  ],
  "rendering": {
    "textObjects": [
      {
        "pos": [0.0,-0.15625,9.95375],
        "rot": [0.0,0.0,0.0],
        "scale": 0.13,
        "fieldName": "Text",
        "defaultText": "tcp-000",
        "maxLength": 7,
        "color": "#000000"
      },
      {
        "pos": [0.0,0.03125,-3.76625],
        "rot": [0.0,180.0,0.0],
        "scale": 0.13,
        "fieldName": "Text",
        "defaultText": "tcp-000",
        "maxLength": 7,
        "color": "#000000"
      }
    ],
    "animatedObjects": [
      {
        "objectName": "$gas",
        "animations": [
          {
            "animationType": "rotation",
            "variable": "throttle",
            "centerPoint": [0.0,0.3125,9.03125],
            "axis": [25.0,0.0,0.0]
          }
        ]
      },
      {
        "objectName": "$brake",
        "animations": [
          {
            "animationType": "rotation",
            "variable": "brake",
            "centerPoint": [0.0,0.3125,9.03125],
            "axis": [25.0,0.0,0.0]
          }
        ]
      },
      {
        "objectName": "$p_brake",
        "animations": [
          {
            "animationType": "rotation",
            "variable": "p_brake",
            "centerPoint": [0.0,0.375,9.0625],
            "axis": [30.0,0.0,0.0]
          }
        ]
      },
      {
        "objectName": "$shift",
        "animations": [
          {
            "animationType": "rotation",
            "variable": "engine_gearshift_1",
            "centerPoint": [0.0,0.375,8.71875],
            "axis": [1.0,0.0,0.0]
          }
        ]
      },
      {
        "objectName": "$steer",
        "animations": [
          {
            "animationType": "rotation",
            "variable": "rudder",
            "centerPoint": [0.9375,0.90625,9.2],
            "axis": [-0.0,-0.0,1.0]
          }
        ]
      },
      {
        "objectName": "$hood",
        "animations": [
          {
            "animationType": "rotation",
            "variable": "hood",
            "centerPoint": [0.0,1.0625,-3.75],
            "axis": [60.0,0.0,0.0]
          }
        ]
      },
      {
        "objectName": "%doorFF",
        "animations": [
          {
            "animationType": "translation",
            "variable": "door",
            "axis": [-7.5,0.0,48.75],
            "duration": 30
          }
        ]
      },
      {
        "objectName": "%doorwindowFFa",
        "animations": [
          {
            "animationType": "translation",
            "variable": "door",
            "axis": [-7.5,0.0,48.75],
            "duration": 30
          }
        ]
      },
      {
        "objectName": "%doorwindowFFb",
        "animations": [
          {
            "animationType": "translation",
            "variable": "door",
            "axis": [-7.5,0.0,48.75],
            "duration": 30
          }
        ]
      },
      {
        "objectName": "%doorFR",
        "animations": [
          {
            "animationType": "translation",
            "variable": "door",
            "axis": [-7.5,0.0,-48.75],
            "duration": 30
          }
        ]
      },
      {
        "objectName": "%doorwindowFRa",
        "animations": [
          {
            "animationType": "translation",
            "variable": "door",
            "axis": [-7.5,0.0,-48.75],
            "duration": 30
          }
        ]
      },
      {
        "objectName": "%doorwindowFRb",
        "animations": [
          {
            "animationType": "translation",
            "variable": "door",
            "axis": [-7.5,0.0,-48.75],
            "duration": 30
          }
        ]
      },
      {
        "objectName": "%doorCF",
        "animations": [
          {
            "animationType": "translation",
            "variable": "door",
            "axis": [-7.5,0.0,48.75],
            "duration": 30
          }
        ]
      },
      {
        "objectName": "%doorwindowCFa",
        "animations": [
          {
            "animationType": "translation",
            "variable": "door",
            "axis": [-7.5,0.0,48.75],
            "duration": 30
          }
        ]
      },
      {
        "objectName": "%doorwindowCFb",
        "animations": [
          {
            "animationType": "translation",
            "variable": "door",
            "axis": [-7.5,0.0,48.75],
            "duration": 30
          }
        ]
      },
      {
        "objectName": "%doorCR",
        "animations": [
          {
            "animationType": "translation",
            "variable": "door",
            "axis": [-7.5,0.0,-48.75],
            "duration": 30
          }
        ]
      },
      {
        "objectName": "%doorwindowCRa",
        "animations": [
          {
            "animationType": "translation",
            "variable": "door",
            "axis": [-7.5,0.0,-48.75],
            "duration": 30
          }
        ]
      },
      {
        "objectName": "%doorwindowCRb",
        "animations": [
          {
            "animationType": "translation",
            "variable": "door",
            "axis": [-7.5,0.0,-48.75],
            "duration": 30
          }
        ]
      },
      {
        "objectName": "%doorRF",
        "animations": [
          {
            "animationType": "translation",
            "variable": "door",
            "axis": [-7.5,0.0,48.75],
            "duration": 30
          }
        ]
      },
      {
        "objectName": "%doorwindowRFa",
        "animations": [
          {
            "animationType": "translation",
            "variable": "door",
            "axis": [-7.5,0.0,48.75],
            "duration": 30
          }
        ]
      },
      {
        "objectName": "%doorwindowRFb",
        "animations": [
          {
            "animationType": "translation",
            "variable": "door",
            "axis": [-7.5,0.0,48.75],
            "duration": 30
          }
        ]
      },
      {
        "objectName": "%doorRR",
        "animations": [
          {
            "animationType": "translation",
            "variable": "door",
            "axis": [-7.5,0.0,-48.75],
            "duration": 30
          }
        ]
      },
      {
        "objectName": "%doorwindowRRa",
        "animations": [
          {
            "animationType": "translation",
            "variable": "door",
            "axis": [-7.5,0.0,-48.75],
            "duration": 30
          }
        ]
      },
      {
        "objectName": "%doorwindowRRb",
        "animations": [
          {
            "animationType": "translation",
            "variable": "door",
            "axis": [-7.5,0.0,-48.75],
            "duration": 30
          }
        ]
      }
    ],
    "sounds": [
      {
        "name": "iv_tcp:horn_1",
        "activeAnimations": [
          {
            "animationType": "visibility",
            "variable": "horn",
            "clampMin": 1.0,
            "clampMax": 1.0
          }
        ],
        "looping": true
      },
      {
        "name": "mts:air_brake_activating",
        "activeAnimations": [
          {
            "animationType": "visibility",
            "variable": "p_brake",
            "clampMin": 1.0,
            "clampMax": 1.0
          }
        ]
      },
      {
        "name": "mts:backup_beeper",
        "activeAnimations": [
          {
            "animationType": "visibility",
            "variable": "engine_gear_1",
            "clampMin": -10.0,
            "clampMax": -1.0
          }
        ],
        "looping": true
      }
    ],
    "particles": []
  },
  "prefixFolders": "",
  "packID": "iv_tcp",
  "systemName": "trin_transortus",
  "classification": "vehicle",
  "general": {
    "description": "Recommended parts:\nLarge Sized Wheels\nHeavy V8 Engine\nModel 1 Seat & bus seats",
    "materials": ["iv_tcp:pile_of_v2_junk:0:14"]
  }
}
