{
  "motorized": {
    "isFrontWheelDrive": true,
    "isRearWheelDrive": true,
    "emptyMass": 1150,
    "fuelCapacity": 10000,
    "axleRatio": 4.0,
    "brakingFactor": 1.0,
    "downForce": 0.2,
    "overSteer": 2.0,
    "maxTiltAngle": -3
  },
  "parts": [
    {
      "pos": [0.875,0.0,0.0],
      "minValue": 0.4,
      "maxValue": 1.125,
      "types": ["ground_wheel"]
    },
    {
      "pos": [-0.875,0.0,0.0],
      "minValue": 0.4,
      "maxValue": 1.125,
      "types": ["ground_wheel"]
    },
    {
      "pos": [0.875,0.0,3.094],
      "turnsWithSteer": true,
      "minValue": 0.4,
      "maxValue": 1.125,
      "types": ["ground_wheel"]
    },
    {
      "pos": [-0.875,0.0,3.094],
      "turnsWithSteer": true,
      "minValue": 0.4,
      "maxValue": 1.125,
      "types": ["ground_wheel"]
    },
    {
      "pos": [0.469,0.438,1.4],
      "isController": true,
      "types": ["seat"]
    },
    {
      "pos": [-0.469,0.438,1.4],
      "types": ["seat"],
      "additionalParts": [
        {
          "pos": [-0.469,0.5,1.4],
          "rot": [0.0,90.0,0.0],
          "maxValue": 2.0,
          "types": ["interactable_luggage"]
        }
      ]
    },
    {
      "pos": [0.0,0.313,2.375],
      "maxValue": 0.7,
      "types": ["engine_car"]
    },
    {
      "pos": [0.0,1.813,1.563],
      "maxValue": 3.0,
      "types": ["generic_roofdevice"]
    },
    {
      "pos": [0.0,1.813,1.813],
      "maxValue": 3.0,
      "types": ["generic_lightbar"]
    },
    {
      "pos": [0.0,0.3125,3.9375],
      "maxValue": 2.0,
      "types": ["generic_bullbar"]
    },
    {
      "pos": [0.0,0.21875,-0.94375],
      "rot": [0.0,0.0,0.0],
      "maxValue": 1.0,
      "types": ["generic_bumpersticker"]
    },
    {
      "pos": [-0.65625,0.21875,-0.94375],
      "rot": [0.0,0.0,27.0],
      "maxValue": 1.0,
      "types": ["generic_bumpersticker"]
    },
    {
      "pos": [0.0,0.28125,3.38125],
      "rot": [0.0,180.0,0.0],
      "maxValue": 1.0,
      "types": ["generic_bumpersticker"]
    },
    {
      "pos": [-0.65625,0.28125,3.38125],
      "rot": [0.0,180.0,27.0],
      "maxValue": 1.0,
      "types": ["generic_bumpersticker"]
    },
    {
      "pos": [-0.1875,0.625,-0.40625],
      "rot": [0.0,0.0,0.0],
      "maxValue": 3.0,
      "types": ["interactable_crate"]
    },
    {
      "pos": [0.1875,0.625,0.34375],
      "rot": [0.0,-9.0,0.0],
      "maxValue": 3.0,
      "types": ["interactable_crate"]
    }
  ],
  "collision": [
    {
      "pos": [0.0,0.9375,3.03125],
      "width": 2.0,
      "height": 0.125
    },
    {
      "pos": [0.0,1.8125,1.40625],
      "width": 1.0,
      "height": 0.125
    },
    {
      "pos": [0.0,0.9375,-0.03125],
      "width": 2.0,
      "height": 0.125
    }
  ],
  "doors": [
    {
      "name": "door_hood",
      "closedPos": [0.0,1.0,3.375],
      "openPos": [0.0,2.0,2.8125],
      "width": 0.5,
      "height": 0.25
    },
    {
      "name": "door_boot",
      "closedPos": [0.0,0.84375,-0.84375],
      "openPos": [0.0,0.34375,-1.40625],
      "width": 0.3125,
      "height": 0.125
    }
  ],
  "connectionGroups": [
    {
      "groupName": "HOOKUP",
      "hookup": true,
      "connections": [
        {
          "type": "tow_bumper",
          "pos": [0.0,0.0,4.06938],
          "distance": 0.0
        },
        {
          "type": "tow_bumper",
          "pos": [0.0,0.21875,-0.94438],
          "distance": 0.0
        },
        {
          "type": "tow_wheel",
          "pos": [0.0,-0.5,3.094],
          "distance": 0.0
        }
      ]
    },
    {
      "groupName": "TRAILER",
      "canIntiateConnections": true,
      "connections": [
        {
          "type": "trailer_standard",
          "pos": [0.0,0.21875,-0.94438],
          "distance": 0.0
        }
      ]
    }
  ],
  "instruments": [
    {
      "pos": [0.844,0.906,2.109],
      "rot": [0.0,0.0,0.0],
      "scale": 0.015625,
      "hudX": 80,
      "hudY": 36,
      "hudScale": 0.25
    },
    {
      "pos": [0.688,0.906,2.109],
      "rot": [0.0,0.0,0.0],
      "scale": 0.015625,
      "hudX": 160,
      "hudY": 36,
      "hudScale": 0.5
    },
    {
      "pos": [0.375,0.906,2.109],
      "rot": [0.0,0.0,0.0],
      "scale": 0.015625,
      "hudX": 240,
      "hudY": 36,
      "hudScale": 0.5
    },
    {
      "pos": [0.219,0.906,2.109],
      "rot": [0.0,0.0,0.0],
      "scale": 0.015625,
      "hudX": 320,
      "hudY": 36,
      "hudScale": 0.25
    }
  ],
  "definitions": [
    {
      "subName": "_blue",
      "name": "Trin Banto Pick-up",
      "extraMaterials": ["minecraft:dye:4:5"]
    },
    {
      "subName": "_brown",
      "name": "Trin Banto Pick-up",
      "extraMaterials": ["minecraft:dye:3:5"]
    },
    {
      "subName": "_light_blue",
      "name": "Trin Banto Pick-up",
      "extraMaterials": ["minecraft:dye:12:5"]
    },
    {
      "subName": "_light_gray",
      "name": "Trin Banto Pick-up",
      "extraMaterials": ["minecraft:dye:7:5"]
    },
    {
      "subName": "_olive",
      "name": "Trin Banto Pick-up",
      "extraMaterials": ["minecraft:dye:2:5"]
    },
    {
      "subName": "_red",
      "name": "Trin Banto Pick-up",
      "extraMaterials": ["minecraft:dye:1:5"]
    },
    {
      "subName": "_pure_black",
      "name": "Trin Banto Pick-up",
      "extraMaterials": ["minecraft:dye:0:10"]
    },
    {
      "subName": "_pure_white",
      "name": "Trin Banto Pick-up",
      "extraMaterials": ["minecraft:dye:15:10"]
    },
    {
      "subName": "_diamond",
      "name": "Trin Banto Pick-up",
      "extraMaterials": ["minecraft:dye:12:4","minecraft:diamond:0:1"]
    }
  ],
  "rendering": {
    "textObjects": [
      {
        "pos": [0.65625,0.28125,4.06938],
        "rot": [0.0,0.0,0.0],
        "scale": 0.13,
        "fieldName": "Text",
        "defaultText": "tcp-000",
        "maxLength": 7,
        "color": "#000000"
      },
      {
        "pos": [0.65625,0.21875,-0.94438],
        "rot": [0.0,180.0,0.0],
        "scale": 0.13,
        "fieldName": "Text",
        "defaultText": "tcp-000",
        "maxLength": 7,
        "color": "#000000"
      }
    ],
    "animatedObjects": [
      {
        "objectName": "$gas",
        "animations": [
          {
            "animationType": "rotation",
            "variable": "throttle",
            "centerPoint": [0.0,0.1875,2.125],
            "axis": [25.0,0.0,0.0]
          }
        ]
      },
      {
        "objectName": "$brake",
        "animations": [
          {
            "animationType": "rotation",
            "variable": "brake",
            "centerPoint": [0.0,0.1875,2.125],
            "axis": [25.0,0.0,0.0]
          }
        ]
      },
      {
        "objectName": "$p_brake",
        "animations": [
          {
            "animationType": "rotation",
            "variable": "p_brake",
            "centerPoint": [0.1875,0.375,2.25],
            "axis": [-30.0,0.0,0.0]
          }
        ]
      },
      {
        "objectName": "$shift",
        "animations": [
          {
            "animationType": "rotation",
            "variable": "engine_gearshift_1",
            "centerPoint": [0.03125,0.25,2.03125],
            "axis": [1.0,0.0,0.0]
          }
        ]
      },
      {
        "objectName": "$steer",
        "animations": [
          {
            "animationType": "rotation",
            "variable": "rudder",
            "centerPoint": [0.53125,0.90625,1.9375],
            "axis": [-0.0,-0.0,1.0]
          }
        ]
      },
      {
        "objectName": "$doorFL",
        "animations": [
          {
            "animationType": "rotation",
            "variable": "door",
            "centerPoint": [1.063,0.875,2.125],
            "axis": [0.0,-60.0,0.0],
            "duration": 30
          }
        ]
      },
      {
        "objectName": "$doorwindowFLa",
        "animations": [
          {
            "animationType": "rotation",
            "variable": "door",
            "centerPoint": [1.063,0.875,2.125],
            "axis": [0.0,-60.0,0.0],
            "duration": 30
          }
        ]
      },
      {
        "objectName": "$doorwindowFLb",
        "animations": [
          {
            "animationType": "rotation",
            "variable": "door",
            "centerPoint": [1.063,0.875,2.125],
            "axis": [0.0,-60.0,0.0],
            "duration": 30
          }
        ]
      },
      {
        "objectName": "$doorFR",
        "animations": [
          {
            "animationType": "rotation",
            "variable": "door",
            "centerPoint": [-1.063,0.875,2.125],
            "axis": [0.0,60.0,0.0],
            "duration": 30
          }
        ]
      },
      {
        "objectName": "$doorwindowFRa",
        "animations": [
          {
            "animationType": "rotation",
            "variable": "door",
            "centerPoint": [-1.063,0.875,2.125],
            "axis": [0.0,60.0,0.0],
            "duration": 30
          }
        ]
      },
      {
        "objectName": "$doorwindowFRb",
        "animations": [
          {
            "animationType": "rotation",
            "variable": "door",
            "centerPoint": [-1.063,0.875,2.125],
            "axis": [0.0,60.0,0.0],
            "duration": 30
          }
        ]
      },
      {
        "objectName": "$hood",
        "animations": [
          {
            "animationType": "rotation",
            "variable": "hood",
            "centerPoint": [0.0,1.063,2.188],
            "axis": [-60.0,0.0,0.0]
          }
        ]
      },
      {
        "objectName": "$bootD",
        "animations": [
          {
            "animationType": "rotation",
            "variable": "door",
            "centerPoint": [0.0,0.313,-0.875],
            "axis": [-90.0,0.0,0.0],
            "duration": 30
          }
        ]
      }
    ],
    "sounds": [
      {
        "name": "iv_tcp:horn_1",
        "activeAnimations": [
          {
            "animationType": "visibility",
            "variable": "horn",
            "clampMin": 1.0,
            "clampMax": 1.0
          }
        ],
        "looping": true
      }
    ],
    "particles": []
  },
  "prefixFolders": "",
  "packID": "iv_tcp",
  "systemName": "trin_banto_pu",
  "classification": "vehicle",
  "general": {
    "description": "Recommended parts:\nLarge Sized Wheels\ni5 Engine\nModel 3 Seats",
    "materials": ["iv_tcp:pile_of_v2_junk:0:5"]
  }
}
