{
  "motorized": {
    "isRearWheelDrive": true,
    "emptyMass": 1000,
    "fuelCapacity": 15000,
    "axleRatio": 3.2,
    "brakingFactor": 1.1,
    "dragCoefficient": 0.3,
    "downForce": 0.5,
    "overSteer": 1.5,
    "maxTiltAngle": -4
  },
  "parts": [
    {
      "pos": [1.34375,0.0,0.0],
      "minValue": 0.4,
      "maxValue": 0.9,
      "types": ["ground_wheel"]
    },
    {
      "pos": [-1.34375,0.0,0.0],
      "minValue": 0.4,
      "maxValue": 0.9,
      "types": ["ground_wheel"]
    },
    {
      "pos": [1.34375,0.0,4.0],
      "turnsWithSteer": true,
      "minValue": 0.4,
      "maxValue": 0.9,
      "types": ["ground_wheel"]
    },
    {
      "pos": [-1.34375,0.0,4.0],
      "turnsWithSteer": true,
      "minValue": 0.4,
      "maxValue": 0.9,
      "types": ["ground_wheel"]
    },
    {
      "pos": [0.625,0.0,2.3125],
      "isController": true,
      "types": ["seat"]
    },
    {
      "pos": [-0.625,0.0,2.3125],
      "types": ["seat"],
      "additionalParts": [
        {
          "pos": [-0.625,0.1,2.3125],
          "rot": [0.0,90.0,0.0],
          "maxValue": 2.0,
          "types": ["interactable_luggage"]
        }
      ]
    },
    {
      "pos": [0.0,0.1875,-0.3125],
      "rot": [0.0,0.0,0.0],
      "maxValue": 1.0,
      "types": ["engine_car"]
    },
    {
      "pos": [0.0,1.4375,2.5],
      "maxValue": 3.0,
      "types": ["generic_lightbar"]
    },
    {
      "pos": [0.0,1.4375,2.0625],
      "maxValue": 3.0,
      "types": ["generic_roofdevice"]
    },
    {
      "pos": [0.0,-0.1875,4.75],
      "rot": [0.0,0.0,0.0],
      "maxValue": 2.0,
      "types": ["interactable_luggage"]
    },
    {
      "pos": [-0.75,-0.1875,4.75],
      "rot": [0.0,0.0,0.0],
      "maxValue": 2.0,
      "types": ["interactable_luggage"]
    },
    {
      "pos": [0.75,-0.1875,4.75],
      "rot": [0.0,0.0,0.0],
      "maxValue": 2.0,
      "types": ["interactable_luggage"]
    },
    {
      "pos": [0.75,0.0625,-1.20938],
      "rot": [0.0,0.0,0.0],
      "maxValue": 1.0,
      "types": ["generic_bumpersticker"]
    },
    {
      "pos": [-0.75,0.0625,-1.20938],
      "rot": [0.0,0.0,0.0],
      "maxValue": 1.0,
      "types": ["generic_bumpersticker"]
    },
    {
      "pos": [0.0,0.0625,-1.20938],
      "rot": [0.0,0.0,0.0],
      "maxValue": 1.0,
      "types": ["generic_bumpersticker"]
    }
  ],
  "collision": [
    {
      "pos": [0.0,0.5625,4.375],
      "width": 2.0,
      "height": 0.125
    },
    {
      "pos": [0.0,1.4375,1.75],
      "width": 2.0,
      "height": 0.125
    },
    {
      "pos": [0.0,0.6875,0.0625],
      "width": 2.0,
      "height": 0.125
    }
  ],
  "connectionGroups": [
    {
      "groupName": "HOOKUP",
      "hookup": true,
      "connections": [
        {
          "type": "tow_bumper",
          "pos": [0.0,-0.15625,5.40625],
          "distance": 0.0
        },
        {
          "type": "tow_bumper",
          "pos": [0.0,-0.0625,-1.21875],
          "distance": 0.0
        },
        {
          "type": "tow_wheel",
          "pos": [0.0,-0.4375,4.0],
          "distance": 0.0
        }
      ]
    },
    {
      "groupName": "TRAILER",
      "canIntiateConnections": true,
      "connections": [
        {
          "type": "trailer_standard",
          "pos": [0.0,-0.0625,-1.21875],
          "distance": 0.0
        }
      ]
    }
  ],
  "instruments": [
    {
      "pos": [0.96875,0.55625,3.17438],
      "rot": [0.0,0.0,0.0],
      "scale": 0.015625,
      "hudX": 80,
      "hudY": 36,
      "hudScale": 0.25
    },
    {
      "pos": [0.71875,0.65,3.17438],
      "rot": [0.0,0.0,0.0],
      "scale": 0.015625,
      "hudX": 160,
      "hudY": 36,
      "hudScale": 0.5
    },
    {
      "pos": [0.53125,0.65,3.17438],
      "rot": [0.0,0.0,0.0],
      "scale": 0.015625,
      "hudX": 240,
      "hudY": 36,
      "hudScale": 0.5
    },
    {
      "pos": [0.28125,0.55625,3.17438],
      "rot": [0.0,0.0,0.0],
      "scale": 0.015625,
      "hudX": 320,
      "hudY": 36,
      "hudScale": 0.25
    }
  ],
  "definitions": [
    {
      "subName": "_blue",
      "name": "Trin Bullenite",
      "extraMaterials": ["minecraft:dye:4:5"]
    },
    {
      "subName": "_brown",
      "name": "Trin Bullenite",
      "extraMaterials": ["minecraft:dye:3:5"]
    },
    {
      "subName": "_light_blue",
      "name": "Trin Bullenite",
      "extraMaterials": ["minecraft:dye:12:5"]
    },
    {
      "subName": "_light_gray",
      "name": "Trin Bullenite",
      "extraMaterials": ["minecraft:dye:7:5"]
    },
    {
      "subName": "_olive",
      "name": "Trin Bullenite",
      "extraMaterials": ["minecraft:dye:2:5"]
    },
    {
      "subName": "_red",
      "name": "Trin Bullenite",
      "extraMaterials": ["minecraft:dye:1:5"]
    },
    {
      "subName": "_pure_black",
      "name": "Trin Bullenite",
      "extraMaterials": ["minecraft:dye:0:10"]
    },
    {
      "subName": "_pure_white",
      "name": "Trin Bullenite",
      "extraMaterials": ["minecraft:dye:15:10"]
    },
    {
      "subName": "_diamond",
      "name": "Trin Bullenite",
      "extraMaterials": ["minecraft:dye:12:4","minecraft:diamond:0:1"]
    }
  ],
  "rendering": {
    "textObjects": [
      {
        "pos": [0.0,-0.15625,5.4063],
        "rot": [0.0,0.0,0.0],
        "scale": 0.13,
        "fieldName": "Text",
        "defaultText": "tcp-000",
        "maxLength": 7,
        "color": "#000000"
      },
      {
        "pos": [0.0,0.0,-1.21875],
        "rot": [0.0,180.0,0.0],
        "scale": 0.13,
        "fieldName": "Text",
        "defaultText": "tcp-000",
        "maxLength": 7,
        "color": "#000000"
      }
    ],
    "animatedObjects": [
      {
        "objectName": "$gas",
        "animations": [
          {
            "animationType": "rotation",
            "variable": "throttle",
            "centerPoint": [0.0,-0.25625,3.05],
            "axis": [25.0,0.0,0.0]
          }
        ]
      },
      {
        "objectName": "$brake",
        "animations": [
          {
            "animationType": "rotation",
            "variable": "brake",
            "centerPoint": [0.0,-0.25625,3.05],
            "axis": [25.0,0.0,0.0]
          }
        ]
      },
      {
        "objectName": "$p_brake",
        "animations": [
          {
            "animationType": "rotation",
            "variable": "p_brake",
            "centerPoint": [0.0,-0.125,3.1875],
            "axis": [30.0,0.0,0.0]
          }
        ]
      },
      {
        "objectName": "$shift",
        "animations": [
          {
            "animationType": "rotation",
            "variable": "engine_gearshift_1",
            "centerPoint": [0.0,-0.125,2.875],
            "axis": [1.0,0.0,0.0]
          }
        ]
      },
      {
        "objectName": "$steer",
        "animations": [
          {
            "animationType": "rotation",
            "variable": "rudder",
            "centerPoint": [0.625,0.525,3.125],
            "axis": [-0.0,-0.0,1.0]
          }
        ]
      },
      {
        "objectName": "$doorFL",
        "animations": [
          {
            "animationType": "rotation",
            "variable": "door",
            "centerPoint": [0.125,1.4375,2.0],
            "axis": [0.0,0.0,60.0],
            "duration": 30
          }
        ]
      },
      {
        "objectName": "$doorwindowFLa",
        "animations": [
          {
            "animationType": "rotation",
            "variable": "door",
            "centerPoint": [0.125,1.4375,2.0],
            "axis": [0.0,0.0,60.0],
            "duration": 30
          }
        ]
      },
      {
        "objectName": "$doorwindowFLb",
        "animations": [
          {
            "animationType": "rotation",
            "variable": "door",
            "centerPoint": [0.125,1.4375,2.0],
            "axis": [0.0,0.0,60.0],
            "duration": 30
          }
        ]
      },
      {
        "objectName": "$doorFR",
        "animations": [
          {
            "animationType": "rotation",
            "variable": "door",
            "centerPoint": [-0.125,1.4375,2.0],
            "axis": [0.0,0.0,-60.0],
            "duration": 30
          }
        ]
      },
      {
        "objectName": "$doorwindowFRa",
        "animations": [
          {
            "animationType": "rotation",
            "variable": "door",
            "centerPoint": [-0.125,1.4375,2.0],
            "axis": [0.0,0.0,-60.0],
            "duration": 30
          }
        ]
      },
      {
        "objectName": "$doorwindowFRb",
        "animations": [
          {
            "animationType": "rotation",
            "variable": "door",
            "centerPoint": [-0.125,1.4375,2.0],
            "axis": [0.0,0.0,-60.0],
            "duration": 30
          }
        ]
      },
      {
        "objectName": "$doorR",
        "animations": [
          {
            "animationType": "rotation",
            "variable": "door",
            "centerPoint": [0.0,0.67188,3.75],
            "axis": [-60.0,0.0,0.0],
            "duration": 30
          }
        ]
      },
      {
        "objectName": "$hood",
        "animations": [
          {
            "animationType": "rotation",
            "variable": "hood",
            "centerPoint": [0.0,1.4375,1.4375],
            "axis": [60.0,0.0,0.0]
          }
        ]
      },
      {
        "objectName": "$windowhood",
        "animations": [
          {
            "animationType": "rotation",
            "variable": "hood",
            "centerPoint": [0.0,1.4375,1.4375],
            "axis": [60.0,0.0,0.0]
          }
        ]
      }
    ],
    "sounds": [
      {
        "name": "iv_tcp:horn_1",
        "activeAnimations": [
          {
            "animationType": "visibility",
            "variable": "horn",
            "clampMin": 1.0,
            "clampMax": 1.0
          }
        ],
        "looping": true
      }
    ],
    "particles": []
  },
  "prefixFolders": "",
  "packID": "iv_tcp",
  "systemName": "trin_bullenite",
  "classification": "vehicle",
  "general": {
    "description": "Recommended parts:\nAverage Sized Wheels\nV12 Engine\nModel 1 Seats",
    "materials": ["iv_tcp:pile_of_v2_junk:0:6"]
  }
}
