{
  "motorized": {
    "isFrontWheelDrive": true,
    "emptyMass": 4700,
    "fuelCapacity": 13000,
    "axleRatio": 3.45,
    "brakingFactor": 1.0,
    "dragCoefficient": 0.6,
    "downForce": 0.25,
    "overSteer": 1.3,
    "maxTiltAngle": -4.4
  },
  "parts": [
    {
      "pos": [1.0,-0.03125,0.0],
      "minValue": 0.4,
      "maxValue": 1.1625,
      "types": ["ground_wheel"]
    },
    {
      "pos": [1.25,-0.03125,0.0],
      "minValue": 0.4,
      "maxValue": 1.1625,
      "types": ["ground_wheel"]
    },
    {
      "pos": [-1.0,-0.03125,0.0],
      "minValue": 0.4,
      "maxValue": 1.1625,
      "types": ["ground_wheel"]
    },
    {
      "pos": [-1.25,-0.03125,0.0],
      "minValue": 0.4,
      "maxValue": 1.1625,
      "types": ["ground_wheel"]
    },
    {
      "pos": [1.0,-0.03125,7.59375],
      "turnsWithSteer": true,
      "minValue": 0.4,
      "maxValue": 1.1625,
      "types": ["ground_wheel"]
    },
    {
      "pos": [-1.0,-0.03125,7.59375],
      "turnsWithSteer": true,
      "minValue": 0.4,
      "maxValue": 1.1625,
      "types": ["ground_wheel"]
    },
    {
      "pos": [-0.625,0.625,6.3125],
      "types": ["seat"]
    },
    {
      "pos": [0.625,0.625,6.3125],
      "isController": true,
      "types": ["seat"]
    },
    {
      "pos": [0.0,0.0625,7.3125],
      "maxValue": 2.0,
      "types": ["engine_car"]
    },
    {
      "pos": [0.0,3.8125,6.875],
      "maxValue": 3.0,
      "types": ["generic_roofdevice"]
    },
    {
      "pos": [-0.5625,3.8125,5.6875],
      "maxValue": 3.0,
      "types": ["interactable_crate_roof"]
    },
    {
      "pos": [0.5625,3.8125,5.6875],
      "maxValue": 3.0,
      "types": ["interactable_crate_roof"]
    },
    {
      "pos": [-0.5625,3.8125,3.375],
      "maxValue": 3.0,
      "types": ["interactable_crate_roof"]
    },
    {
      "pos": [0.5625,3.8125,3.375],
      "maxValue": 3.0,
      "types": ["interactable_crate_roof"]
    },
    {
      "pos": [-0.5625,3.8125,1.0625],
      "maxValue": 3.0,
      "types": ["interactable_crate_roof"]
    },
    {
      "pos": [0.5625,3.8125,1.0625],
      "maxValue": 3.0,
      "types": ["interactable_crate_roof"]
    },
    {
      "pos": [-0.5625,3.8125,-1.25],
      "maxValue": 3.0,
      "types": ["interactable_crate_roof"]
    },
    {
      "pos": [0.5625,3.8125,-1.25],
      "maxValue": 3.0,
      "types": ["interactable_crate_roof"]
    },
    {
      "pos": [0.0,3.8125,7.1875],
      "maxValue": 3.0,
      "types": ["generic_lightbar"]
    },
    {
      "pos": [0.0,0.14063,8.6875],
      "maxValue": 2.0,
      "types": ["generic_bullbar"]
    },
    {
      "pos": [1.0,3.0625,-2.0],
      "rot": [0.0,90.0,0.0],
      "maxValue": 3.0,
      "types": ["seat_furniture","interactable_furniture","generic_furniture"]
    },
    {
      "pos": [1.0,2.0625,-2.0],
      "rot": [0.0,90.0,0.0],
      "maxValue": 3.0,
      "types": ["seat_furniture","interactable_furniture","generic_furniture"]
    },
    {
      "pos": [1.0,1.0625,-2.0],
      "rot": [0.0,90.0,0.0],
      "maxValue": 3.0,
      "types": ["seat_furniture","interactable_furniture","generic_furniture"]
    },
    {
      "pos": [0.0,3.0625,-2.0],
      "rot": [0.0,0.0,0.0],
      "maxValue": 3.0,
      "types": ["seat_furniture","interactable_furniture","generic_furniture"]
    },
    {
      "pos": [0.0,2.0625,-2.0],
      "rot": [0.0,0.0,0.0],
      "maxValue": 3.0,
      "types": ["seat_furniture","interactable_furniture","generic_furniture"]
    },
    {
      "pos": [0.0,1.0625,-2.0],
      "rot": [0.0,0.0,0.0],
      "maxValue": 3.0,
      "types": ["seat_furniture","interactable_furniture","generic_furniture"]
    },
    {
      "pos": [-1.0,3.0625,-2.0],
      "rot": [0.0,90.0,0.0],
      "maxValue": 3.0,
      "types": ["seat_furniture","interactable_furniture","generic_furniture"]
    },
    {
      "pos": [-1.0,2.0625,-2.0],
      "rot": [0.0,90.0,0.0],
      "maxValue": 3.0,
      "types": ["seat_furniture","interactable_furniture","generic_furniture"]
    },
    {
      "pos": [-1.0,1.0625,-2.0],
      "rot": [0.0,90.0,0.0],
      "maxValue": 3.0,
      "types": ["seat_furniture","interactable_furniture","generic_furniture"]
    },
    {
      "pos": [1.0,3.0625,-1.0],
      "rot": [0.0,90.0,0.0],
      "maxValue": 3.0,
      "types": ["seat_furniture","interactable_furniture","generic_furniture"]
    },
    {
      "pos": [1.0,2.0625,-1.0],
      "rot": [0.0,90.0,0.0],
      "maxValue": 3.0,
      "types": ["seat_furniture","interactable_furniture","generic_furniture"]
    },
    {
      "pos": [1.0,1.0625,-1.0],
      "rot": [0.0,90.0,0.0],
      "maxValue": 3.0,
      "types": ["seat_furniture","interactable_furniture","generic_furniture"]
    },
    {
      "pos": [0.0,3.0625,-1.0],
      "rot": [0.0,0.0,0.0],
      "maxValue": 3.0,
      "types": ["seat_furniture","interactable_furniture","generic_furniture"]
    },
    {
      "pos": [0.0,2.0625,-1.0],
      "rot": [0.0,0.0,0.0],
      "maxValue": 3.0,
      "types": ["seat_furniture","interactable_furniture","generic_furniture"]
    },
    {
      "pos": [0.0,1.0625,-1.0],
      "rot": [0.0,0.0,0.0],
      "maxValue": 3.0,
      "types": ["seat_furniture","interactable_furniture","generic_furniture"]
    },
    {
      "pos": [-1.0,3.0625,-1.0],
      "rot": [0.0,90.0,0.0],
      "maxValue": 3.0,
      "types": ["seat_furniture","interactable_furniture","generic_furniture"]
    },
    {
      "pos": [1.0,3.0625,0.0],
      "rot": [0.0,90.0,0.0],
      "maxValue": 3.0,
      "types": ["seat_furniture","interactable_furniture","generic_furniture"]
    },
    {
      "pos": [1.0,2.0625,0.0],
      "rot": [0.0,90.0,0.0],
      "maxValue": 3.0,
      "types": ["seat_furniture","interactable_furniture","generic_furniture"]
    },
    {
      "pos": [1.0,1.0625,0.0],
      "rot": [0.0,90.0,0.0],
      "maxValue": 3.0,
      "types": ["seat_furniture","interactable_furniture","generic_furniture"]
    },
    {
      "pos": [0.0,3.0625,0.0],
      "rot": [0.0,0.0,0.0],
      "maxValue": 3.0,
      "types": ["seat_furniture","interactable_furniture","generic_furniture"]
    },
    {
      "pos": [0.0,2.0625,0.0],
      "rot": [0.0,0.0,0.0],
      "maxValue": 3.0,
      "types": ["seat_furniture","interactable_furniture","generic_furniture"]
    },
    {
      "pos": [0.0,1.0625,0.0],
      "rot": [0.0,0.0,0.0],
      "maxValue": 3.0,
      "types": ["seat_furniture","interactable_furniture","generic_furniture"]
    },
    {
      "pos": [1.0,3.0625,1.0],
      "rot": [0.0,90.0,0.0],
      "maxValue": 3.0,
      "types": ["seat_furniture","interactable_furniture","generic_furniture"]
    },
    {
      "pos": [1.0,2.0625,1.0],
      "rot": [0.0,90.0,0.0],
      "maxValue": 3.0,
      "types": ["seat_furniture","interactable_furniture","generic_furniture"]
    },
    {
      "pos": [1.0,1.0625,1.0],
      "rot": [0.0,90.0,0.0],
      "maxValue": 3.0,
      "types": ["seat_furniture","interactable_furniture","generic_furniture"]
    },
    {
      "pos": [0.0,3.0625,1.0],
      "rot": [0.0,270.0,0.0],
      "maxValue": 3.0,
      "types": ["seat_furniture","interactable_furniture","generic_furniture"]
    },
    {
      "pos": [1.0,3.0625,2.0],
      "rot": [0.0,90.0,0.0],
      "maxValue": 3.0,
      "types": ["seat_furniture","interactable_furniture","generic_furniture"]
    },
    {
      "pos": [1.0,2.0625,2.0],
      "rot": [0.0,90.0,0.0],
      "maxValue": 3.0,
      "types": ["seat_furniture","interactable_furniture","generic_furniture"]
    },
    {
      "pos": [1.0,1.0625,2.0],
      "rot": [0.0,90.0,0.0],
      "maxValue": 3.0,
      "types": ["seat_furniture","interactable_furniture","generic_furniture"]
    },
    {
      "pos": [0.0,3.0625,2.0],
      "rot": [0.0,0.0,0.0],
      "maxValue": 3.0,
      "types": ["seat_furniture","interactable_furniture","generic_furniture"]
    },
    {
      "pos": [0.0,2.0625,2.0],
      "rot": [0.0,0.0,0.0],
      "maxValue": 3.0,
      "types": ["seat_furniture","interactable_furniture","generic_furniture"]
    },
    {
      "pos": [0.0,1.0625,2.0],
      "rot": [0.0,0.0,0.0],
      "maxValue": 3.0,
      "types": ["seat_furniture","interactable_furniture","generic_furniture"]
    },
    {
      "pos": [-1.0,3.0625,2.0],
      "rot": [0.0,90.0,0.0],
      "maxValue": 3.0,
      "types": ["seat_furniture","interactable_furniture","generic_furniture"]
    },
    {
      "pos": [1.0,3.0625,3.0],
      "rot": [0.0,90.0,0.0],
      "maxValue": 3.0,
      "types": ["seat_furniture","interactable_furniture","generic_furniture"]
    },
    {
      "pos": [1.0,2.0625,3.0],
      "rot": [0.0,90.0,0.0],
      "maxValue": 3.0,
      "types": ["seat_furniture","interactable_furniture","generic_furniture"]
    },
    {
      "pos": [1.0,1.0625,3.0],
      "rot": [0.0,90.0,0.0],
      "maxValue": 3.0,
      "types": ["seat_furniture","interactable_furniture","generic_furniture"]
    },
    {
      "pos": [0.0,3.0625,3.0],
      "rot": [0.0,0.0,0.0],
      "maxValue": 3.0,
      "types": ["seat_furniture","interactable_furniture","generic_furniture"]
    },
    {
      "pos": [0.0,2.0625,3.0],
      "rot": [0.0,0.0,0.0],
      "maxValue": 3.0,
      "types": ["seat_furniture","interactable_furniture","generic_furniture"]
    },
    {
      "pos": [0.0,1.0625,3.0],
      "rot": [0.0,0.0,0.0],
      "maxValue": 3.0,
      "types": ["seat_furniture","interactable_furniture","generic_furniture"]
    },
    {
      "pos": [-1.0,3.0625,3.0],
      "rot": [0.0,90.0,0.0],
      "maxValue": 3.0,
      "types": ["seat_furniture","interactable_furniture","generic_furniture"]
    },
    {
      "pos": [-1.0,2.0625,3.0],
      "rot": [0.0,90.0,0.0],
      "maxValue": 3.0,
      "types": ["seat_furniture","interactable_furniture","generic_furniture"]
    },
    {
      "pos": [-1.0,1.0625,3.0],
      "rot": [0.0,90.0,0.0],
      "maxValue": 3.0,
      "types": ["seat_furniture","interactable_furniture","generic_furniture"]
    },
    {
      "pos": [1.0,3.0625,4.0],
      "rot": [0.0,90.0,0.0],
      "maxValue": 3.0,
      "types": ["seat_furniture","interactable_furniture","generic_furniture"]
    },
    {
      "pos": [1.0,2.0625,4.0],
      "rot": [0.0,90.0,0.0],
      "maxValue": 3.0,
      "types": ["seat_furniture","interactable_furniture","generic_furniture"]
    },
    {
      "pos": [1.0,1.0625,4.0],
      "rot": [0.0,90.0,0.0],
      "maxValue": 3.0,
      "types": ["seat_furniture","interactable_furniture","generic_furniture"]
    },
    {
      "pos": [1.0,1.0625,5.0],
      "rot": [0.0,90.0,0.0],
      "maxValue": 3.0,
      "types": ["seat_furniture","interactable_furniture","generic_furniture"]
    },
    {
      "pos": [1.0,3.0625,5.0],
      "rot": [0.0,90.0,0.0],
      "maxValue": 3.0,
      "types": ["seat_furniture","interactable_furniture","generic_furniture"]
    },
    {
      "pos": [0.0,3.0625,5.0],
      "rot": [0.0,0.0,0.0],
      "maxValue": 3.0,
      "types": ["seat_furniture","interactable_furniture","generic_furniture"]
    },
    {
      "pos": [1.0,3.0625,6.0],
      "rot": [0.0,90.0,0.0],
      "maxValue": 3.0,
      "types": ["seat_furniture","interactable_furniture","generic_furniture"]
    },
    {
      "pos": [0.0,3.0625,6.0],
      "rot": [0.0,0.0,0.0],
      "maxValue": 3.0,
      "types": ["seat_furniture","interactable_furniture","generic_furniture"]
    },
    {
      "pos": [-1.0,3.0625,6.0],
      "rot": [0.0,90.0,0.0],
      "maxValue": 3.0,
      "types": ["seat_furniture","interactable_furniture","generic_furniture"]
    }
  ],
  "collision": [
    {
      "pos": [0.0,3.75,6.625],
      "width": 1.25,
      "height": 0.125
    },
    {
      "pos": [0.0,3.75,4.375],
      "width": 2.5,
      "height": 0.125
    },
    {
      "pos": [0.0,3.75,1.625],
      "width": 2.5,
      "height": 0.125
    },
    {
      "pos": [0.0,3.75,-1.125],
      "width": 2.5,
      "height": 0.125
    },
    {
      "pos": [-1.0,0.5,5.1875],
      "width": 0.5,
      "height": 0.125
    },
    {
      "pos": [1.0,0.5,5.1875],
      "width": 0.5,
      "height": 0.125
    },
    {
      "pos": [-0.6875,0.5,3.9375],
      "width": 1.75,
      "height": 0.125
    },
    {
      "pos": [0.6875,0.5,3.9375],
      "width": 1.75,
      "height": 0.125
    },
    {
      "pos": [0.0,0.5,1.625],
      "width": 2.625,
      "height": 0.125
    },
    {
      "pos": [0.0,0.5,-1.125],
      "width": 2.625,
      "height": 0.125
    },
    {
      "pos": [-1.5625,2.0,5.0],
      "width": 0.0625,
      "height": 2.0
    },
    {
      "pos": [-1.5625,2.0,3.5],
      "width": 0.0625,
      "height": 2.0
    },
    {
      "pos": [-1.5625,2.0,3.0],
      "width": 0.0625,
      "height": 2.0
    },
    {
      "pos": [-1.5625,2.0,2.5],
      "width": 0.0625,
      "height": 2.0
    },
    {
      "pos": [-1.5625,2.0,2.0],
      "width": 0.0625,
      "height": 2.0
    },
    {
      "pos": [-1.5625,2.0,1.5],
      "width": 0.0625,
      "height": 2.0
    },
    {
      "pos": [-1.5625,2.0,0.0],
      "width": 0.0625,
      "height": 2.0
    },
    {
      "pos": [-1.5625,2.0,1.5],
      "width": 0.0625,
      "height": 2.0
    },
    {
      "pos": [-1.5625,2.0,1.0],
      "width": 0.0625,
      "height": 2.0
    },
    {
      "pos": [-1.5625,2.0,0.5],
      "width": 0.0625,
      "height": 2.0
    },
    {
      "pos": [-1.5625,2.0,0.0],
      "width": 0.0625,
      "height": 2.0
    },
    {
      "pos": [-1.5625,2.0,-0.5],
      "width": 0.0625,
      "height": 2.0
    },
    {
      "pos": [-1.5625,2.0,-1.0],
      "width": 0.0625,
      "height": 2.0
    },
    {
      "pos": [-1.5625,2.0,-1.5],
      "width": 0.0625,
      "height": 2.0
    },
    {
      "pos": [1.5625,2.0,5.0],
      "width": 0.0625,
      "height": 2.0
    },
    {
      "pos": [1.5625,2.0,4.5],
      "width": 0.0625,
      "height": 2.0
    },
    {
      "pos": [1.5625,2.0,4.0],
      "width": 0.0625,
      "height": 2.0
    },
    {
      "pos": [1.5625,2.0,3.5],
      "width": 0.0625,
      "height": 2.0
    },
    {
      "pos": [1.5625,2.0,3.0],
      "width": 0.0625,
      "height": 2.0
    },
    {
      "pos": [1.5625,2.0,2.5],
      "width": 0.0625,
      "height": 2.0
    },
    {
      "pos": [1.5625,2.0,2.0],
      "width": 0.0625,
      "height": 2.0
    },
    {
      "pos": [1.5625,2.0,1.5],
      "width": 0.0625,
      "height": 2.0
    },
    {
      "pos": [1.5625,2.0,0.0],
      "width": 0.0625,
      "height": 2.0
    },
    {
      "pos": [1.5625,2.0,1.5],
      "width": 0.0625,
      "height": 2.0
    },
    {
      "pos": [1.5625,2.0,1.0],
      "width": 0.0625,
      "height": 2.0
    },
    {
      "pos": [1.5625,2.0,0.5],
      "width": 0.0625,
      "height": 2.0
    },
    {
      "pos": [1.5625,2.0,0.0],
      "width": 0.0625,
      "height": 2.0
    },
    {
      "pos": [1.5625,2.0,-0.5],
      "width": 0.0625,
      "height": 2.0
    },
    {
      "pos": [1.5625,2.0,-1.0],
      "width": 0.0625,
      "height": 2.0
    },
    {
      "pos": [1.5625,2.0,-1.5],
      "width": 0.0625,
      "height": 2.0
    },
    {
      "pos": [-1.0,2.0,-2.5625],
      "width": 0.0625,
      "height": 3.0
    },
    {
      "pos": [-0.5,2.0,-2.5625],
      "width": 0.0625,
      "height": 3.0
    },
    {
      "pos": [0.0,2.0,-2.5625],
      "width": 0.0625,
      "height": 3.0
    },
    {
      "pos": [0.5,2.0,-2.5625],
      "width": 0.0625,
      "height": 3.0
    },
    {
      "pos": [1.0,2.0,-2.5625],
      "width": 0.0625,
      "height": 3.0
    },
    {
      "pos": [0.0,1.25,7.9375],
      "width": 1.5,
      "height": 0.125
    }
  ],
  "connectionGroups": [
    {
      "groupName": "HOOKUP",
      "hookup": true,
      "connections": [
        {
          "type": "tow_bumper_heavy",
          "pos": [0.0,0.0,8.76625],
          "distance": 0.0
        },
        {
          "type": "tow_bumper_heavy",
          "pos": [0.0,0.625,-2.64125],
          "distance": 0.0
        },
        {
          "type": "tow_wheel_heavy",
          "pos": [0.0,-0.5,7.59375],
          "distance": 0.0
        }
      ]
    },
    {
      "groupName": "TRAILER",
      "canIntiateConnections": true,
      "connections": [
        {
          "type": "trailer_standard",
          "pos": [0.0,0.625,-2.64125],
          "distance": 0.0
        }
      ]
    }
  ],
  "instruments": [
    {
      "pos": [0.9375,1.03125,6.96188],
      "rot": [0.0,0.0,0.0],
      "scale": 0.015625,
      "hudX": 80,
      "hudY": 36,
      "hudScale": 0.25
    },
    {
      "pos": [0.8125,1.21875,6.96188],
      "rot": [0.0,0.0,0.0],
      "scale": 0.015625,
      "hudX": 160,
      "hudY": 36,
      "hudScale": 0.5
    },
    {
      "pos": [0.625,1.21875,6.96188],
      "rot": [0.0,0.0,0.0],
      "scale": 0.015625,
      "hudX": 240,
      "hudY": 36,
      "hudScale": 0.5
    },
    {
      "pos": [0.4375,1.21875,6.96188],
      "rot": [0.0,0.0,0.0],
      "scale": 0.015625,
      "hudX": 320,
      "hudY": 36,
      "hudScale": 0.25
    }
  ],
  "definitions": [
    {
      "subName": "_blue",
      "name": "Trin Camporal N",
      "extraMaterials": ["minecraft:dye:4:5"]
    },
    {
      "subName": "_brown",
      "name": "Trin Camporal N",
      "extraMaterials": ["minecraft:dye:3:5"]
    },
    {
      "subName": "_light_blue",
      "name": "Trin Camporal N",
      "extraMaterials": ["minecraft:dye:12:5"]
    },
    {
      "subName": "_light_gray",
      "name": "Trin Camporal N",
      "extraMaterials": ["minecraft:dye:7:5"]
    },
    {
      "subName": "_olive",
      "name": "Trin Camporal N",
      "extraMaterials": ["minecraft:dye:2:5"]
    },
    {
      "subName": "_red",
      "name": "Trin Camporal N",
      "extraMaterials": ["minecraft:dye:1:5"]
    },
    {
      "subName": "_pure_black",
      "name": "Trin Camporal N",
      "extraMaterials": ["minecraft:dye:0:10"]
    },
    {
      "subName": "_pure_white",
      "name": "Trin Camporal N",
      "extraMaterials": ["minecraft:dye:15:10"]
    },
    {
      "subName": "_diamond",
      "name": "Trin Camporal N",
      "extraMaterials": ["minecraft:dye:12:4","minecraft:diamond:0:1"]
    }
  ],
  "rendering": {
    "textObjects": [
      {
        "pos": [0.0,0.3125,8.76625],
        "rot": [0.0,0.0,0.0],
        "scale": 0.13,
        "fieldName": "Text",
        "defaultText": "tcp-000",
        "maxLength": 7,
        "color": "#000000"
      },
      {
        "pos": [0.0,0.625,-2.64125],
        "rot": [0.0,180.0,0.0],
        "scale": 0.13,
        "fieldName": "Text",
        "defaultText": "tcp-000",
        "maxLength": 7,
        "color": "#000000"
      }
    ],
    "animatedObjects": [
      {
        "objectName": "$gas",
        "animations": [
          {
            "animationType": "rotation",
            "variable": "throttle",
            "centerPoint": [0.625,0.125,7.0],
            "axis": [12.5,0.0,0.0]
          }
        ]
      },
      {
        "objectName": "$brake",
        "animations": [
          {
            "animationType": "rotation",
            "variable": "brake",
            "centerPoint": [0.625,0.125,7.0],
            "axis": [12.5,0.0,0.0]
          }
        ]
      },
      {
        "objectName": "$shift",
        "animations": [
          {
            "animationType": "rotation",
            "variable": "engine_gearshift_1",
            "centerPoint": [0.0,0.125,7.0],
            "axis": [1.0,0.0,0.0]
          }
        ]
      },
      {
        "objectName": "$p_brake",
        "animations": [
          {
            "animationType": "rotation",
            "variable": "p_brake",
            "centerPoint": [0.1875,0.8125,6.96875],
            "axis": [-30.0,0.0,0.0]
          }
        ]
      },
      {
        "objectName": "$steer",
        "animations": [
          {
            "animationType": "rotation",
            "variable": "rudder",
            "centerPoint": [0.625,1.0,6.875],
            "axis": [-0.0,-0.0,1.0]
          }
        ]
      },
      {
        "objectName": "$hood",
        "animations": [
          {
            "animationType": "rotation",
            "variable": "hood",
            "centerPoint": [0.0,1.1875,7.3125],
            "axis": [-60.0,0.0,0.0]
          }
        ]
      },
      {
        "objectName": "$doorFL",
        "animations": [
          {
            "animationType": "rotation",
            "variable": "door",
            "centerPoint": [1.25,1.1875,6.9375],
            "axis": [0.0,-60.0,0.0],
            "duration": 30
          }
        ]
      },
      {
        "objectName": "$doorwindowFL",
        "animations": [
          {
            "animationType": "rotation",
            "variable": "door",
            "centerPoint": [1.25,1.1875,6.9375],
            "axis": [0.0,-60.0,0.0],
            "duration": 30
          }
        ]
      },
      {
        "objectName": "$doorFR",
        "animations": [
          {
            "animationType": "rotation",
            "variable": "door",
            "centerPoint": [-1.25,1.1875,6.9375],
            "axis": [0.0,60.0,0.0],
            "duration": 30
          }
        ]
      },
      {
        "objectName": "$doorwindowFR",
        "animations": [
          {
            "animationType": "rotation",
            "variable": "door",
            "centerPoint": [-1.25,1.1875,6.9375],
            "axis": [0.0,60.0,0.0],
            "duration": 30
          }
        ]
      },
      {
        "objectName": "$doorRR",
        "animations": [
          {
            "animationType": "rotation",
            "variable": "door",
            "centerPoint": [-1.59375,1.5625,5.0],
            "axis": [0.0,60.0,0.0],
            "duration": 30
          }
        ]
      },
      {
        "objectName": "$doorWC",
        "animations": [
          {
            "animationType": "rotation",
            "variable": "door",
            "centerPoint": [-0.53125,1.5625,1.4375],
            "axis": [0.0,120.0,0.0],
            "duration": 30
          }
        ]
      }
    ],
    "sounds": [
      {
        "name": "iv_tcp:horn_1",
        "activeAnimations": [
          {
            "animationType": "visibility",
            "variable": "horn",
            "clampMin": 1.0,
            "clampMax": 1.0
          }
        ],
        "looping": true
      }
    ],
    "particles": []
  },
  "prefixFolders": "",
  "packID": "iv_tcp",
  "systemName": "trin_camporal_n",
  "classification": "vehicle",
  "general": {
    "description": "Recommended parts:\nLareg Sized Wheels\nV10 Engine\nModel 2 Seats",
    "materials": ["iv_tcp:pile_of_v2_junk:0:12"]
  }
}
