{
  "motorized": {
    "isFrontWheelDrive": true,
    "emptyMass": 2000,
    "fuelCapacity": 20000,
    "axleRatio": 4.1,
    "brakingFactor": 1.25,
    "dragCoefficient": 0.6,
    "downForce": 0.2,
    "overSteer": 2.0,
    "maxTiltAngle": -4.25
  },
  "parts": [
    {
      "pos": [0.9375,0.0,0.0],
      "minValue": 0.4,
      "maxValue": 1.1,
      "types": ["ground_wheel"]
    },
    {
      "pos": [-0.9375,0.0,0.0],
      "minValue": 0.4,
      "maxValue": 1.1,
      "types": ["ground_wheel"]
    },
    {
      "pos": [0.9375,0.0,5.25],
      "turnsWithSteer": true,
      "minValue": 0.4,
      "maxValue": 1.1,
      "types": ["ground_wheel"]
    },
    {
      "pos": [-0.9375,0.0,5.25],
      "turnsWithSteer": true,
      "minValue": 0.4,
      "maxValue": 1.1,
      "types": ["ground_wheel"]
    },
    {
      "pos": [0.5,0.375,3.875],
      "isController": true,
      "linkedDoor": "door_frontleft",
      "types": ["seat"]
    },
    {
      "pos": [-0.5,0.375,3.875],
      "types": ["seat"],
      "linkedDoor": "door_frontright",
      "additionalParts": [
        {
          "pos": [-0.5,0.36,3.875],
          "rot": [0.0,90.0,0.0],
          "maxValue": 2.0,
      "linkedDoor": "door_frontright",
          "types": ["interactable_luggage"]
        }
      ]
    },
    {
      "pos": [0.0,0.125,4.6875],
      "rot": [0.0,0.0,0.0],
      "maxValue": 0.7,
      "types": ["engine_car"],
      "linkedDoor": "door_hood"
    },
    {
      "pos": [0.0,2.0625,3.8125],
      "maxValue": 3.0,
      "types": ["generic_lightbar"]
    },
    {
      "pos": [0.0,2.0625,3.375],
      "maxValue": 3.0,
      "types": ["generic_roofdevice"]
    },
    {
      "pos": [0.0,0.0625,6.125],
      "maxValue": 2.0,
      "types": ["generic_bullbar"]
    },
    {
      "pos": [0.0,2.0625,1.875],
      "maxValue": 3.0,
      "types": ["interactable_crate_roof"]
    },
    {
      "pos": [0.0,2.0625,-0.375],
      "maxValue": 3.0,
      "types": ["interactable_crate_roof"]
    }
  ],
  "collision": [
    {
      "pos": [0.0,0.875,5.375],
      "width": 1.0,
      "height": 0.125
    },
    {
      "pos": [0.0,2.0,3.3125],
      "width": 2.0,
      "height": 0.125
    },
    {
      "pos": [0.0,2.0,1.3125],
      "width": 2.0,
      "height": 0.125
    },
    {
      "pos": [0.0,2.0,-0.6875],
      "width": 2.0,
      "height": 0.125
    },
    {
      "pos": [0.0,0.05,3.3125],
      "width": 2.0,
      "height": 0.125,
      "isInterior": true
    },
    {
      "pos": [0.0,0.05,1.3125],
      "width": 2.0,
      "height": 0.125,
      "isInterior": true
    },
    {
      "pos": [0.0,0.05,-0.6875],
      "width": 2.0,
      "height": 0.125,
      "isInterior": true
    }
  ],
  "doors":
[
	{
            "name": "door_frontleft",
            "closedPos":[1.05, 0.865, 3.475],
            "openPos":[2, 0.865, 4.0125],
            "width": 0.25, 
            "height": 0.125,
            "activateOnSeated" : true
        },
        {
            "name": "door_frontright",
            "closedPos":[-1.05, 0.865, 3.475],
            "openPos":[-2, 0.865, 4.0125],
            "width": 0.25, 
            "height": 0.125,
            "activateOnSeated" : true
        },
        {
            "name": "door_sideleft",
            "closedPos":[1.05, 0.775, 2.675],
            "openPos":[1.15, 0.775, 1.5],
            "width": 0.25, 
            "height": 0.25,
            "activateOnSeated" : true,
            "closedByDefault" : true
        },
        {
            "name": "door_sideleft",
            "closedPos":[1.05, 0.95, 2.675],
            "openPos":[1.15, 0.776, 1.5],
            "width": 0.25, 
            "height": 0.25,
            "activateOnSeated" : true,
            "closedByDefault" : true
        },
        {
            "name": "door_back",
            "closedPos":[0, 0.9, -1.6],
            "openPos":[-0.4, 0.9, -2.3],
            "width": 0.25, 
            "height": 0.25
        },
        {
            "name": "door_hood",
            "closedPos":[0.0,0.75,5.45],
            "openPos":[0.0,1.65,4.95],
            "width": 1.25, 
            "height": 0.5
        }
],
  "connectionGroups": [
    {
      "groupName": "HOOKUP",
      "hookup": true,
      "connections": [
        {
          "type": "tow_bumper",
          "pos": [0.0,-0.1,6.21],
          "distance": 0.0
        },
        {
          "type": "tow_bumper",
          "pos": [0.0,0.23438,-1.70375],
          "distance": 0.0
        },
        {
          "type": "tow_wheel",
          "pos": [0.0,-0.5,5.25],
          "distance": 0.0
        }
      ]
    },
    {
      "groupName": "TRAILER",
      "canIntiateConnections": true,
      "connections": [
        {
          "type": "trailer_standard",
          "pos": [0.0,0.23438,-1.70375],
          "distance": 0.0
        }
      ]
    }
  ],
  "instruments": [
    {
      "pos": [0.8125,0.875,4.4062],
      "rot": [13.0,0.0,0.0],
      "scale": 0.015625,
      "hudX": 80,
      "hudY": 36,
      "hudScale": 0.25
    },
    {
      "pos": [0.625,0.9725,4.4218],
      "rot": [6.0,0.0,0.0],
      "scale": 0.015625,
      "hudX": 160,
      "hudY": 36,
      "hudScale": 0.5
    },
    {
      "pos": [0.375,0.9725,4.4218],
      "rot": [6.0,0.0,0.0],
      "scale": 0.015625,
      "hudX": 240,
      "hudY": 36,
      "hudScale": 0.5
    },
    {
      "pos": [0.1875,0.875,4.4062],
      "rot": [13.0,0.0,0.0],
      "scale": 0.015625,
      "hudX": 320,
      "hudY": 36,
      "hudScale": 0.25
    }
  ],
  "definitions": [
    {
      "subName": "_blue",
      "name": "Trin Vonger Windowed",
      "extraMaterials": ["minecraft:dye:4:5"]
    },
    {
      "subName": "_brown",
      "name": "Trin Vonger Windowed",
      "extraMaterials": ["minecraft:dye:3:5"]
    },
    {
      "subName": "_light_blue",
      "name": "Trin Vonger Windowed",
      "extraMaterials": ["minecraft:dye:12:5"]
    },
    {
      "subName": "_light_gray",
      "name": "Trin Vonger Windowed",
      "extraMaterials": ["minecraft:dye:7:5"]
    },
    {
      "subName": "_olive",
      "name": "Trin Vonger Windowed",
      "extraMaterials": ["minecraft:dye:2:5"]
    },
    {
      "subName": "_red",
      "name": "Trin Vonger Windowed",
      "extraMaterials": ["minecraft:dye:1:5"]
    },
    {
      "subName": "_pure_black",
      "name": "Trin Vonger Windowed",
      "extraMaterials": ["minecraft:dye:0:10"]
    },
    {
      "subName": "_pure_white",
      "name": "Trin Vonger Windowed",
      "extraMaterials": ["minecraft:dye:15:10"]
    },
    {
      "subName": "_diamond",
      "name": "Trin Vonger Windowed",
      "extraMaterials": ["minecraft:dye:12:4","minecraft:diamond:0:1"]
    }
  ],
  "rendering": {
    "textObjects": [
      {
        "pos": [0.0,0.101,6.21],
        "rot": [0.0,0.0,0.0],
        "scale": 0.13,
        "fieldName": "Text",
        "defaultText": "tcp-000",
        "maxLength": 7,
        "color": "#000000"
      },
      {
        "pos": [0.0,0.23438,-1.70375],
        "rot": [0.0,180.0,0.0],
        "scale": 0.13,
        "fieldName": "Text",
        "defaultText": "tcp-000",
        "maxLength": 7,
        "color": "#000000"
      }
    ],
    "animatedObjects": [
      {
        "objectName": "$gas",
        "animations": [
          {
            "animationType": "rotation",
            "variable": "throttle",
            "centerPoint": [0.0,0.1875,4.40625],
            "axis": [25.0,0.0,0.0]
          }
        ]
      },
      {
        "objectName": "$brake",
        "animations": [
          {
            "animationType": "rotation",
            "variable": "brake",
            "centerPoint": [0.0,0.1875,4.40625],
            "axis": [25.0,0.0,0.0]
          }
        ]
      },
      {
        "objectName": "$p_brake",
        "animations": [
          {
            "animationType": "rotation",
            "variable": "p_brake",
            "centerPoint": [0.0,0.40625,3.96875],
            "axis": [30.0,0.0,0.0]
          }
        ]
      },
      {
        "objectName": "$shift",
        "animations": [
          {
            "animationType": "rotation",
            "variable": "engine_gearshift_1",
            "centerPoint": [0.0,0.4375,4.1875],
            "axis": [1.0,0.0,0.0]
          }
        ]
      },
      {
        "objectName": "$steer",
        "animations": [
          {
            "animationType": "rotation",
            "variable": "rudder",
            "centerPoint": [0.5,1.0625,4.3125],
            "axis": [-0.0,-0.0,1.0]
          }
        ]
      },
      {
        "objectName": "$doorFL",
        "animations": [
          {
            "animationType": "rotation",
            "variable": "door_frontleft",
            "centerPoint": [1.125,0.9375,4.5625],
            "axis": [0.0,-60.0,0.0],
            "duration": 20,
            "forwardsStartSound": "iv_tpp:dooropen",
            "reverseEndSound": "iv_tpp:doorclose"
          }
        ]
      },
      {
        "objectName": "$doorwindowFL",
        "animations": [
          {
            "animationType": "rotation",
            "variable": "door_frontleft",
            "centerPoint": [1.125,0.9375,4.5625],
            "axis": [0.0,-60.0,0.0],
            "duration": 20
          }
        ]
      },
      {
        "objectName": "$doorFR",
        "animations": [
          {
            "animationType": "rotation",
            "variable": "door_frontright",
            "centerPoint": [-1.125,0.9375,4.5625],
            "axis": [0.0,60.0,0.0],
            "duration": 20,
            "forwardsStartSound": "iv_tpp:dooropen",
            "reverseEndSound": "iv_tpp:doorclose"
          }
        ]
      },
      {
        "objectName": "$doorwindowFR",
        "animations": [
          {
            "animationType": "rotation",
            "variable": "door_frontright",
            "centerPoint": [-1.125,0.9375,4.5625],
            "axis": [0.0,60.0,0.0],
            "duration": 20
          }
        ]
      },
      {
        "objectName": "$doorRRL",
        "animations": [
          {
            "animationType": "rotation",
            "variable": "door_back",
            "centerPoint": [0.75,1.875,-1.6875],
            "axis": [0.0,-60.0,0.0],
            "duration": 20,
            "forwardsStartSound": "iv_tpp:dooropen",
            "reverseEndSound": "iv_tpp:doorclose"
          }
        ]
      },
      {
        "objectName": "$doorwindowRRL",
        "animations": [
          {
            "animationType": "rotation",
            "variable": "door_back",
            "centerPoint": [0.75,1.875,-1.6875],
            "axis": [0.0,-60.0,0.0],
            "duration": 20
          }
        ]
      },
      {
        "objectName": "$doorRRR",
        "animations": [
          {
            "animationType": "rotation",
            "variable": "door_back",
            "centerPoint": [-0.75,1.875,-1.6875],
            "axis": [0.0,60.0,0.0],
            "duration": 20,
            "forwardsStartSound": "iv_tpp:dooropen",
            "reverseEndSound": "iv_tpp:doorclose"
          }
        ]
      },
      {
        "objectName": "$doorwindowRRR",
        "animations": [
          {
            "animationType": "rotation",
            "variable": "door_back",
            "centerPoint": [-0.75,1.875,-1.6875],
            "axis": [0.0,60.0,0.0],
            "duration": 20
          }
        ]
      },
      {
        "objectName": "$hood",
        "animations": [
          {
            "animationType": "rotation",
            "variable": "door_hood",
            "centerPoint": [-0.0625,1.0,4.6875],
            "axis": [-60.0,0.0,0.0],
            "duration": 20,
            "forwardsStartSound": "iv_tpp:hoodopen",
            "reverseStartSound": "iv_tpp:hoodclose"
          }
        ]
      },
      {
        "objectName": "%doorRL",
        "animations": [
          {
            "animationType": "translation",
            "variable": "door_sideleft",
            "axis": [0.075,0.0,0.0],
            "duration": 10,
            "reverseDelay": 30,
            "forwardsStartSound": "iv_tpp:bootopen",
            "reverseEndSound": "iv_tpp:bootclose"
          },
          {
            "animationType": "translation",
            "variable": "door_sideleft",
            "axis": [0.0,0.0,-1.15],
            "duration": 30,
            "forwardsDelay": 10,
            "forwardsStartSound": "iv_tpp:hoodopen",
            "reverseStartSound": "iv_tpp:hoodclose"
          }
        ]
      },
      {
        "objectName": "%doorwindowRL",
        "animations": [
          {
            "animationType": "translation",
            "variable": "door_sideleft",
            "axis": [0.075,0.0,0.0],
            "duration": 10,
            "reverseDelay": 30
          },
          {
            "animationType": "translation",
            "variable": "door_sideleft",
            "axis": [0.0,0.0,-1.15],
            "duration": 30,
            "forwardsDelay": 10
          }
        ]
      }
    ],
    "sounds": [
      {
        "name": "iv_tcp:horn_1",
        "activeAnimations": [
          {
            "animationType": "visibility",
            "variable": "horn",
            "clampMin": 1.0,
            "clampMax": 1.0
          }
        ],
        "looping": true
      }
    ],
    "particles": []
  },
  "prefixFolders": "",
  "packID": "iv_tcp",
  "systemName": "trin_vonger_windowed",
  "classification": "vehicle",
  "general": {
    "description": "Recommended parts:\nLareg Sized Wheels\ni5 Engine\nModel 1 Seats",
    "materials": ["iv_tcp:pile_of_v2_junk:0:8"]
  }
}
