{
  "motorized": {
    "isFrontWheelDrive": true,
    "isRearWheelDrive": true,
    "emptyMass": 2000,
    "fuelCapacity": 20000,
    "axleRatio": 4.1,
    "brakingFactor": 1.5,
    "dragCoefficient": 0.7,
    "downForce": 0.3,
    "overSteer": 2.5,
    "maxTiltAngle": -3
  },
  "parts": [
    {
      "pos": [1.25,0.0,0.0],
      "minValue": 0.4,
      "maxValue": 1.2,
      "types": ["ground_wheel"]
    },
    {
      "pos": [-1.25,0.0,0.0],
      "minValue": 0.4,
      "maxValue": 1.2,
      "types": ["ground_wheel"]
    },
    {
      "pos": [1.25,0.0,3.5],
      "turnsWithSteer": true,
      "minValue": 0.4,
      "maxValue": 1.2,
      "types": ["ground_wheel"]
    },
    {
      "pos": [-1.25,0.0,3.5],
      "turnsWithSteer": true,
      "minValue": 0.4,
      "maxValue": 1.2,
      "types": ["ground_wheel"]
    },
    {
      "pos": [0.6875,0.875,3.3125],
      "isController": true,
      "types": ["seat"]
    },
    {
      "pos": [-0.6875,0.875,3.3125],
      "types": ["seat"],
      "additionalParts": [
        {
          "pos": [-0.6875,0.9,3.3125],
          "rot": [0.0,90.0,0.0],
          "maxValue": 2.0,
          "types": ["interactable_luggage"]
        }
      ]
    },
    {
      "pos": [0.0,-0.0625,2.0625],
      "rot": [0.0,0.0,0.0],
      "maxValue": 2.0,
      "types": ["engine_car"]
    },
    {
      "pos": [0.0,2.9375,3.125],
      "maxValue": 3.0,
      "types": ["generic_lightbar"]
    },
    {
      "pos": [0.0,2.9375,2.625],
      "maxValue": 3.0,
      "types": ["generic_roofdevice"]
    },
    {
      "pos": [0.0,-0.0625,4.6875],
      "maxValue": 2.0,
      "types": ["generic_bullbar"]
    }
  ],
  "collision": [
    {
      "pos": [0.0,0.5625,3.75],
      "width": 2.0,
      "height": 0.125
    },
    {
      "pos": [0.0,0.5625,1.75],
      "width": 2.0,
      "height": 0.125
    },
    {
      "pos": [0.0,2.8125,3.1875],
      "width": 2.0,
      "height": 0.125
    },
    {
      "pos": [0.0,0.75,0.25],
      "width": 1.0,
      "height": 0.125
    }
  ],
  "connectionGroups": [
    {
      "groupName": "HOOKUP",
      "hookup": true,
      "connections": [
        {
          "type": "tow_bumper_heavy",
          "pos": [0.0,0.0,4.78125],
          "distance": 0.0
        },
        {
          "type": "tow_bumper_heavy",
          "pos": [0.0,0.0,4.78125],
          "distance": 0.0
        },
        {
          "type": "tow_wheel_heavy",
          "pos": [0.0,-0.5,3.5],
          "distance": 0.0
        }
      ]
    },
    {
      "groupName": "TRAILER",
      "canIntiateConnections": true,
      "connections": [
        {
          "type": "trailer_fifthwheel",
          "pos": [0.0,0.75,-0.0625],
          "distance": 0.0
        }
      ]
    }
  ],
  "instruments": [
    {
      "pos": [1.0,1.375,4.35563],
      "rot": [0.0,0.0,0.0],
      "scale": 0.015625,
      "hudX": 80,
      "hudY": 36,
      "hudScale": 0.25
    },
    {
      "pos": [0.8125,1.375,4.35563],
      "rot": [0.0,0.0,0.0],
      "scale": 0.015625,
      "hudX": 160,
      "hudY": 36,
      "hudScale": 0.5
    },
    {
      "pos": [0.4375,1.375,4.35563],
      "rot": [0.0,0.0,0.0],
      "scale": 0.015625,
      "hudX": 240,
      "hudY": 36,
      "hudScale": 0.5
    },
    {
      "pos": [0.25,1.375,4.35563],
      "rot": [0.0,0.0,0.0],
      "scale": 0.015625,
      "hudX": 320,
      "hudY": 36,
      "hudScale": 0.25
    }
  ],
  "definitions": [
    {
      "subName": "_blue",
      "name": "Trin Portahead",
      "extraMaterials": ["minecraft:dye:4:5"]
    },
    {
      "subName": "_brown",
      "name": "Trin Portahead",
      "extraMaterials": ["minecraft:dye:3:5"]
    },
    {
      "subName": "_light_blue",
      "name": "Trin Portahead",
      "extraMaterials": ["minecraft:dye:12:5"]
    },
    {
      "subName": "_light_gray",
      "name": "Trin Portahead",
      "extraMaterials": ["minecraft:dye:7:5"]
    },
    {
      "subName": "_olive",
      "name": "Trin Portahead",
      "extraMaterials": ["minecraft:dye:2:5"]
    },
    {
      "subName": "_red",
      "name": "Trin Portahead",
      "extraMaterials": ["minecraft:dye:1:5"]
    },
    {
      "subName": "_pure_black",
      "name": "Trin Portahead",
      "extraMaterials": ["minecraft:dye:0:10"]
    },
    {
      "subName": "_pure_white",
      "name": "Trin Portahead",
      "extraMaterials": ["minecraft:dye:15:10"]
    },
    {
      "subName": "_diamond",
      "name": "Trin Portahead",
      "extraMaterials": ["minecraft:dye:12:4","minecraft:diamond:0:1"]
    }
  ],
  "rendering": {
    "textObjects": [
      {
        "pos": [0.0,-0.03125,4.78188],
        "rot": [0.0,0.0,0.0],
        "scale": 0.13,
        "fieldName": "Text",
        "defaultText": "tcp-000",
        "maxLength": 7,
        "color": "#000000"
      },
      {
        "pos": [0.0,-0.03125,-0.71938],
        "rot": [0.0,180.0,0.0],
        "scale": 0.13,
        "fieldName": "Text",
        "defaultText": "tcp-000",
        "maxLength": 7,
        "color": "#000000"
      }
    ],
    "animatedObjects": [
      {
        "objectName": "$gas",
        "animations": [
          {
            "animationType": "rotation",
            "variable": "throttle",
            "centerPoint": [0.0,0.6875,4.15625],
            "axis": [25.0,0.0,0.0]
          }
        ]
      },
      {
        "objectName": "$brake",
        "animations": [
          {
            "animationType": "rotation",
            "variable": "brake",
            "centerPoint": [0.0,0.6875,4.15625],
            "axis": [25.0,0.0,0.0]
          }
        ]
      },
      {
        "objectName": "$p_brake",
        "animations": [
          {
            "animationType": "rotation",
            "variable": "p_brake",
            "centerPoint": [0.0,0.75,4.25],
            "axis": [30.0,0.0,0.0]
          }
        ]
      },
      {
        "objectName": "$shift",
        "animations": [
          {
            "animationType": "rotation",
            "variable": "engine_gearshift_1",
            "centerPoint": [0.0,0.78125,4.0],
            "axis": [1.0,0.0,0.0]
          }
        ]
      },
      {
        "objectName": "$steer",
        "animations": [
          {
            "animationType": "rotation",
            "variable": "rudder",
            "centerPoint": [0.625,1.3125,4.16875],
            "axis": [-0.0,-0.0,1.0]
          }
        ]
      },
      {
        "objectName": "$doorFL",
        "animations": [
          {
            "animationType": "rotation",
            "variable": "door",
            "centerPoint": [1.3125,1.25,4.5],
            "axis": [0.0,-60.0,0.0],
            "duration": 30
          }
        ]
      },
      {
        "objectName": "$doorwindowFL",
        "animations": [
          {
            "animationType": "rotation",
            "variable": "door",
            "centerPoint": [1.3125,1.25,4.5],
            "axis": [0.0,-60.0,0.0],
            "duration": 30
          }
        ]
      },
      {
        "objectName": "$doorFR",
        "animations": [
          {
            "animationType": "rotation",
            "variable": "door",
            "centerPoint": [-1.3125,1.25,4.5],
            "axis": [0.0,60.0,0.0],
            "duration": 30
          }
        ]
      },
      {
        "objectName": "$doorwindowFR",
        "animations": [
          {
            "animationType": "rotation",
            "variable": "door",
            "centerPoint": [-1.3125,1.25,4.5],
            "axis": [0.0,60.0,0.0],
            "duration": 30
          }
        ]
      }
    ],
    "sounds": [
      {
        "name": "iv_tcp:horn_1",
        "activeAnimations": [
          {
            "animationType": "visibility",
            "variable": "horn",
            "clampMin": 1.0,
            "clampMax": 1.0
          }
        ],
        "looping": true
      },
      {
        "name": "mts:air_brake_activating",
        "activeAnimations": [
          {
            "animationType": "visibility",
            "variable": "p_brake",
            "clampMin": 1.0,
            "clampMax": 1.0
          }
        ]
      },
      {
        "name": "mts:backup_beeper",
        "activeAnimations": [
          {
            "animationType": "visibility",
            "variable": "engine_gear_1",
            "clampMin": -10.0,
            "clampMax": -1.0
          }
        ],
        "looping": true
      }
    ],
    "particles": []
  },
  "prefixFolders": "",
  "packID": "iv_tcp",
  "systemName": "trin_portahead",
  "classification": "vehicle",
  "general": {
    "description": "Recommended parts:\nLarge Sized Wheels\nV10 Engine\nModel 2 Seats",
    "materials": ["iv_tcp:pile_of_v2_junk:0:5"]
  }
}
