{
  "motorized": {
    "isRearWheelDrive": true,
    "emptyMass": 1329,
    "fuelCapacity": 10000,
    "axleRatio": 4.5,
    "brakingFactor": 1.15,
    "dragCoefficient": 0.33,
    "downForce": 0.325,
    "overSteer": 1.5,
    "maxTiltAngle": -3.25
  },
  "parts": [
    {
      "pos": [1.125,0.0,0.0],
      "minValue": 0.4,
      "maxValue": 1.1,
      "types": ["ground_wheel"]
    },
    {
      "pos": [-1.125,0.0,0.0],
      "minValue": 0.4,
      "maxValue": 1.1,
      "types": ["ground_wheel"]
    },
    {
      "pos": [1.125,0.0,3.5625],
      "turnsWithSteer": true,
      "minValue": 0.4,
      "maxValue": 1.1,
      "types": ["ground_wheel"]
    },
    {
      "pos": [-1.125,0.0,3.5625],
      "turnsWithSteer": true,
      "minValue": 0.4,
      "maxValue": 1.1,
      "types": ["ground_wheel"]
    },
    {
      "pos": [0.5625,0.1875,1.3125],
      "isController": true,
      "types": ["seat"]
    },
    {
      "pos": [-0.5625,0.1875,1.3125],
      "types": ["seat"],
      "additionalParts": [
        {
          "pos": [-0.5625,0.25,1.3125],
          "rot": [0.0,90.0,0.0],
          "maxValue": 2.0,
          "types": ["interactable_luggage"]
        }
      ]
    },
    {
      "pos": [0.0,0.125,2.6875],
      "maxValue": 3.0,
      "types": ["engine_car"]
    },
    {
      "pos": [0.0,1.625,0.875],
      "maxValue": 1.0,
      "types": ["generic_roofdevice"]
    },
    {
      "pos": [0.0,1.625,1.1875],
      "maxValue": 2.0,
      "types": ["generic_lightbar"]
    },
    {
      "pos": [0.0,0.125,-1.125],
      "maxValue": 3.0,
      "types": ["interactable_luggage"]
    },
    {
      "pos": [-0.6875,0.125,-1.125],
      "maxValue": 3.0,
      "types": ["interactable_luggage"]
    },
    {
      "pos": [0.6875,0.125,-1.125],
      "maxValue": 3.0,
      "types": ["interactable_luggage"]
    },
    {
      "pos": [-0.375,0.125,-0.0625],
      "maxValue": 3.0,
      "types": ["interactable_luggage"],
      "additionalParts": [
        {
          "pos": [-0.375,0.6,-0.0625],
          "maxValue": 2.0,
          "types": ["interactable_luggage"]
        }
      ]
    },
    {
      "pos": [0.375,0.125,-0.0625],
      "maxValue": 3.0,
      "types": ["interactable_luggage"],
      "additionalParts": [
        {
          "pos": [0.4,0.6,-0.0625],
          "rot": [0.0,70.0,0.0],
          "maxValue": 2.0,
          "types": ["interactable_luggage"]
        }
      ]
    },
    {
      "pos": [-0.875,0.0625,5.00625],
      "rot": [0.0,-8.0,0.0],
      "maxValue": 1.0,
      "types": ["generic_bumpersticker"]
    },
    {
      "pos": [0.875,0.0625,5.00625],
      "rot": [0.0,8.0,0.0],
      "maxValue": 1.0,
      "types": ["generic_bumpersticker"]
    },
    {
      "pos": [-0.75,0.375,-1.75625],
      "maxValue": 1.0,
      "types": ["generic_bumpersticker"]
    },
    {
      "pos": [0.75,0.375,-1.75625],
      "maxValue": 1.0,
      "types": ["generic_bumpersticker"]
    },
    {
      "pos": [0.0,0.0625,5.0],
      "maxValue": 2.0,
      "types": ["generic_bullbar"]
    }
  ],
  "collision": [
    {
      "pos": [0.0,0.9375,3.8125],
      "width": 2.5,
      "height": 0.125
    },
    {
      "pos": [0.0,1.625,0.8125],
      "width": 1.25,
      "height": 0.125
    },
    {
      "pos": [0.0,1.0,-0.875],
      "width": 1.875,
      "height": 0.125
    }
  ],
  "connectionGroups": [
    {
      "groupName": "HOOKUP",
      "hookup": true,
      "connections": [
        {
          "type": "tow_bumper",
          "pos": [0.0,-0.1,5.06313],
          "distance": 0.0
        },
        {
          "type": "tow_bumper",
          "pos": [0.0,0.34375,-1.78188],
          "distance": 0.0
        },
        {
          "type": "tow_wheel",
          "pos": [0.0,-0.4375,3.5625],
          "distance": 0.0
        }
      ]
    },
    {
      "groupName": "TRAILER",
      "canIntiateConnections": true,
      "connections": [
        {
          "type": "trailer_standard",
          "pos": [0.0,0.34375,-1.78188],
          "distance": 0.0
        }
      ]
    }
  ],
  "instruments": [
    {
      "pos": [0.875,0.6875,2.34313],
      "rot": [0.0,0.0,0.0],
      "scale": 0.015625,
      "hudX": 80,
      "hudY": 36,
      "hudScale": 0.25
    },
    {
      "pos": [0.6875,0.59375,2.34313],
      "rot": [0.0,0.0,0.0],
      "scale": 0.015625,
      "hudX": 160,
      "hudY": 36,
      "hudScale": 0.5
    },
    {
      "pos": [0.4375,0.59375,2.34313],
      "rot": [0.0,0.0,0.0],
      "scale": 0.015625,
      "hudX": 240,
      "hudY": 36,
      "hudScale": 0.5
    },
    {
      "pos": [0.25,0.6875,2.34313],
      "rot": [0.0,0.0,0.0],
      "scale": 0.015625,
      "hudX": 320,
      "hudY": 36,
      "hudScale": 0.25
    }
  ],
  "definitions": [
    {
      "subName": "_blue",
      "name": "Trin Springbok",
      "extraMaterials": ["minecraft:dye:4:5"]
    },
    {
      "subName": "_brown",
      "name": "Trin Springbok",
      "extraMaterials": ["minecraft:dye:3:5"]
    },
    {
      "subName": "_light_blue",
      "name": "Trin Springbok",
      "extraMaterials": ["minecraft:dye:12:5"]
    },
    {
      "subName": "_light_gray",
      "name": "Trin Springbok",
      "extraMaterials": ["minecraft:dye:7:5"]
    },
    {
      "subName": "_olive",
      "name": "Trin Springbok",
      "extraMaterials": ["minecraft:dye:2:5"]
    },
    {
      "subName": "_red",
      "name": "Trin Springbok",
      "extraMaterials": ["minecraft:dye:1:5"]
    },
    {
      "subName": "_pure_black",
      "name": "Trin Springbok",
      "extraMaterials": ["minecraft:dye:0:10"]
    },
    {
      "subName": "_pure_white",
      "name": "Trin Springbok",
      "extraMaterials": ["minecraft:dye:15:10"]
    },
    {
      "subName": "_diamond",
      "name": "Trin Springbok",
      "extraMaterials": ["minecraft:dye:12:4","minecraft:diamond:0:1"]
    }
  ],
  "rendering": {
    "textObjects": [
      {
        "pos": [0.0,0.09375,5.06313],
        "rot": [0.0,0.0,0.0],
        "scale": 0.13,
        "fieldName": "Text",
        "defaultText": "tcp-000",
        "maxLength": 7,
        "color": "#000000"
      },
      {
        "pos": [0.0,0.34375,-1.78188],
        "rot": [0.0,180.0,0.0],
        "scale": 0.13,
        "fieldName": "Text",
        "defaultText": "tcp-000",
        "maxLength": 7,
        "color": "#000000"
      }
    ],
    "animatedObjects": [
      {
        "objectName": "$gas",
        "animations": [
          {
            "animationType": "rotation",
            "variable": "throttle",
            "centerPoint": [0.28125,0.0625,2.35938],
            "axis": [12.5,0.0,0.0]
          }
        ]
      },
      {
        "objectName": "$brake",
        "animations": [
          {
            "animationType": "rotation",
            "variable": "brake",
            "centerPoint": [0.28125,0.0625,2.35938],
            "axis": [12.5,0.0,0.0]
          }
        ]
      },
      {
        "objectName": "$p_brake",
        "animations": [
          {
            "animationType": "rotation",
            "variable": "p_brake",
            "centerPoint": [0.15625,0.04688,2.07813],
            "axis": [-30.0,0.0,0.0]
          }
        ]
      },
      {
        "objectName": "$shift",
        "animations": [
          {
            "animationType": "rotation",
            "variable": "engine_gearshift_1",
            "centerPoint": [0.0,0.15625,2.32813],
            "axis": [1.0,0.0,0.0]
          }
        ]
      },
      {
        "objectName": "$doorFL",
        "animations": [
          {
            "animationType": "rotation",
            "variable": "door",
            "centerPoint": [1.25,0.75,2.1875],
            "axis": [0.0,-60.0,0.0],
            "duration": 30
          }
        ]
      },
      {
        "objectName": "$doorwindowFLa",
        "animations": [
          {
            "animationType": "rotation",
            "variable": "door",
            "centerPoint": [1.25,0.75,2.1875],
            "axis": [0.0,-60.0,0.0],
            "duration": 30
          }
        ]
      },
      {
        "objectName": "$doorwindowFLb",
        "animations": [
          {
            "animationType": "rotation",
            "variable": "door",
            "centerPoint": [1.25,0.75,2.1875],
            "axis": [0.0,-60.0,0.0],
            "duration": 30
          }
        ]
      },
      {
        "objectName": "$doorFR",
        "animations": [
          {
            "animationType": "rotation",
            "variable": "door",
            "centerPoint": [-1.25,0.75,2.1875],
            "axis": [0.0,60.0,0.0],
            "duration": 30
          }
        ]
      },
      {
        "objectName": "$doorwindowFRa",
        "animations": [
          {
            "animationType": "rotation",
            "variable": "door",
            "centerPoint": [-1.25,0.75,2.1875],
            "axis": [0.0,60.0,0.0],
            "duration": 30
          }
        ]
      },
      {
        "objectName": "$doorwindowFRb",
        "animations": [
          {
            "animationType": "rotation",
            "variable": "door",
            "centerPoint": [-1.25,0.75,2.1875],
            "axis": [0.0,60.0,0.0],
            "duration": 30
          }
        ]
      },
      {
        "objectName": "$steer",
        "animations": [
          {
            "animationType": "rotation",
            "variable": "rudder",
            "centerPoint": [0.5625,0.6875,2.25],
            "axis": [-0.0,-0.0,1.0]
          }
        ]
      },
      {
        "objectName": "$hood",
        "animations": [
          {
            "animationType": "rotation",
            "variable": "hood",
            "centerPoint": [0.0,0.9375,2.6875],
            "axis": [-60.0,0.0,0.0]
          }
        ]
      },
      {
        "objectName": "$boot",
        "animations": [
          {
            "animationType": "rotation",
            "variable": "door",
            "centerPoint": [0.0,1.53125,0.1875],
            "axis": [60.0,0.0,0.0],
            "duration": 30
          }
        ]
      },
      {
        "objectName": "$bootwindow",
        "animations": [
          {
            "animationType": "rotation",
            "variable": "door",
            "centerPoint": [0.0,1.53125,0.1875],
            "axis": [60.0,0.0,0.0],
            "duration": 30
          }
        ]
      },
      {
        "objectName": "$&BrakeLight_e60000_FFFFF_111",
        "animations": [
          {
            "animationType": "rotation",
            "variable": "door",
            "centerPoint": [0.0,1.53125,0.1875],
            "axis": [60.0,0.0,0.0],
            "duration": 30
          }
        ]
      },
      {
        "objectName": "$&RunningLight_e60000_FFFFF_111",
        "animations": [
          {
            "animationType": "rotation",
            "variable": "door",
            "centerPoint": [0.0,1.53125,0.1875],
            "axis": [60.0,0.0,0.0],
            "duration": 30
          }
        ]
      }
    ],
    "customVariables": ["siren"],
    "sounds": [
      {
        "name": "iv_tcp:horn_1",
        "activeAnimations": [
          {
            "animationType": "visibility",
            "variable": "horn",
            "clampMin": 1.0,
            "clampMax": 1.0
          }
        ],
        "looping": true
      },
      {
        "name": "iv_tcp:siren",
        "activeAnimations": [
          {
            "animationType": "visibility",
            "variable": "siren",
            "clampMin": 1.0,
            "clampMax": 1.0
          }
        ],
        "looping": true
      }
    ],
    "particles": []
  },
  "prefixFolders": "",
  "packID": "iv_tcp",
  "systemName": "trin_springbok",
  "classification": "vehicle",
  "general": {
    "description": "Recommended parts:\nAverage Sized Wheels\nV8 Engine\nModel 1 Seats",
    "materials": ["iv_tcp:pile_of_v2_junk:0:7"]
  }
}
