{
  "motorized": {
    "isRearWheelDrive": true,
    "emptyMass": 1500,
    "fuelCapacity": 15000,
    "axleRatio": 4.1,
    "brakingFactor": 1.15,
    "dragCoefficient": 0.6,
    "downForce": 0.375,
    "overSteer": 2.5,
    "maxTiltAngle": -3
  },
  "parts": [
    {
      "pos": [1.0625,0.0,0.0],
      "minValue": 0.4,
      "maxValue": 0.9,
      "types": ["ground_wheel"]
    },
    {
      "pos": [-1.0625,0.0,0.0],
      "minValue": 0.4,
      "maxValue": 0.9,
      "types": ["ground_wheel"]
    },
    {
      "pos": [1.0625,0.0,3.375],
      "turnsWithSteer": true,
      "minValue": 0.4,
      "maxValue": 0.9,
      "types": ["ground_wheel"],
      "animations": [
        {
          "animationType": "rotation",
          "variable": "rudder",
          "centerPoint": [0.0,0.0,0.0],
          "axis": [0.0,-1.0,0.0]
        }
      ]
    },
    {
      "pos": [-1.0625,0.0,3.375],
      "turnsWithSteer": true,
      "minValue": 0.4,
      "maxValue": 0.9,
      "types": ["ground_wheel"],
      "animations": [
        {
          "animationType": "rotation",
          "variable": "rudder",
          "centerPoint": [0.0,0.0,0.0],
          "axis": [0.0,-1.0,0.0]
        }
      ]
    },
    {
      "pos": [0.625,0.1875,2.0625],
      "rot": [0.0,0.0,0.0],
      "dismountPos": [1.625,0.1875,2.0625],
      "isController": true,
      "types": ["seat"],
      "linkedDoors": ["door_fl"]
    },
    {
      "pos": [-0.625,0.1875,2.0625],
      "rot": [0.0,0.0,0.0],
      "dismountPos": [-1.625,0.1875,2.0625],
      "types": ["seat"],
      "additionalParts": [
        {
          "pos": [-0.625,0.19,2.0625],
          "rot": [0.0,90.0,0.0],
          "maxValue": 2.0,
          "types": ["interactable_luggage"]
        }
      ],
      "linkedDoors": ["door_fr"]
    },
    {
      "pos": [0.5625,0.1875,1.0],
      "rot": [0.0,0.0,0.0],
      "dismountPos": [1.5625,0.1875,1.0],
      "types": ["seat"],
      "additionalParts": [
        {
          "pos": [0.5625,0.19,1.0],
          "rot": [0.0,90.0,0.0],
          "maxValue": 2.0,
          "types": ["interactable_luggage"]
        }
      ],
      "linkedDoors": ["door_fl"]
    },
    {
      "pos": [-0.5625,0.1875,1.0],
      "rot": [0.0,0.0,0.0],
      "dismountPos": [-1.5625,0.1875,1.0],
      "types": ["seat"],
      "additionalParts": [
        {
          "pos": [-0.5625,0.19,1.0],
          "rot": [0.0,90.0,0.0],
          "maxValue": 2.0,
          "types": ["interactable_luggage"]
        }
      ],
      "linkedDoors": ["door_fr"]
    },
    {
      "pos": [0.0,0.0,2.875],
      "rot": [0.0,0.0,0.0],
      "maxValue": 0.7,
      "types": ["engine_car"],
      "linkedDoors": ["door_hood"]
    },
    {
      "pos": [0.0,1.5,1.8125],
      "maxValue": 1.0,
      "types": ["generic_roofdevice"]
    },
    {
      "pos": [0.0,1.5,2.0625],
      "maxValue": 2.0,
      "types": ["generic_lightbar"]
    },
    {
      "pos": [0.5,-0.0625,0.0],
      "maxValue": 3.0,
      "types": ["interactable_luggage"],
      "linkedDoors": ["door_boot"]
    },
    {
      "pos": [0.0,-0.0625,0.0],
      "maxValue": 3.0,
      "types": ["interactable_luggage"],
      "linkedDoors": ["door_boot"]
    },
    {
      "pos": [-0.5,-0.0625,0.0],
      "maxValue": 3.0,
      "types": ["interactable_luggage"],
      "linkedDoors": ["door_boot"]
    },
    {
      "pos": [0.0,0.0,4.28125],
      "maxValue": 2.0,
      "types": ["generic_bullbar"]
    },
    {
      "pos": [0.5625,0.125,-0.75625],
      "maxValue": 1.0,
      "types": ["generic_bumpersticker"]
    },
    {
      "pos": [0.0,0.125,-0.75625],
      "maxValue": 1.0,
      "types": ["generic_bumpersticker"]
    },
    {
      "pos": [-0.5625,0.125,-0.75625],
      "maxValue": 1.0,
      "types": ["generic_bumpersticker"]
    }
  ],
  "collision": [
    {
      "pos": [0.0,0.6875,3.5],
      "width": 1.5,
      "height": 0.125
    },
    {
      "pos": [0.0,1.5,1.375],
      "width": 1.5,
      "height": 0.125
    },
    {
      "pos": [0.0,0.75,-0.3125],
      "width": 0.625,
      "height": 0.125
    }
  ],
  "doors": [
    {
      "name": "door_fl",
      "closedPos": [1.1875,0.59375,1.65625],
      "openPos": [2.125,0.59375,2.15625],
      "width": 0.3125,
      "height": 0.125
    },
    {
      "name": "door_fr",
      "closedPos": [-1.1875,0.59375,1.65625],
      "openPos": [-2.125,0.59375,2.15625],
      "width": 0.3125,
      "height": 0.125
    },
    {
      "name": "door_hood",
      "closedPos": [0.0,0.6875,3.9375],
      "openPos": [0.0,1.875,3.5],
      "width": 1.0,
      "height": 0.5
    },
    {
      "name": "door_boot",
      "closedPos": [0.0,0.78125,-0.59375],
      "openPos": [0.0,1.40625,-0.28125],
      "width": 0.3125,
      "height": 0.125
    }
  ],
  "connectionGroups": [
    {
      "groupName": "HOOKUP",
      "hookup": true,
      "connections": [
        {
          "type": "tow_bumper",
          "pos": [-0.71875,-0.1,4.34438],
          "distance": 0.0
        },
        {
          "type": "tow_bumper",
          "pos": [0.0,0.40625,-0.72563],
          "distance": 0.0
        },
        {
          "type": "tow_wheel",
          "pos": [-0.71875,-0.4375,3.375],
          "distance": 0.0
        }
      ]
    },
    {
      "groupName": "TRAILER",
      "canIntiateConnections": true,
      "connections": [
        {
          "type": "trailer_standard",
          "pos": [0.0,0.40625,-0.72563],
          "distance": 0.0
        }
      ]
    }
  ],
  "instruments": [
    {
      "pos": [0.9375,0.53125,2.53063],
      "rot": [0.0,0.0,0.0],
      "scale": 0.015625,
      "hudX": 80,
      "hudY": 36,
      "hudScale": 0.25
    },
    {
      "pos": [0.75,0.57813,2.53063],
      "rot": [0.0,0.0,0.0],
      "scale": 0.015625,
      "hudX": 160,
      "hudY": 36,
      "hudScale": 0.5
    },
    {
      "pos": [0.5,0.57813,2.53063],
      "rot": [0.0,0.0,0.0],
      "scale": 0.015625,
      "hudX": 240,
      "hudY": 36,
      "hudScale": 0.5
    },
    {
      "pos": [0.3125,0.54688,2.53063],
      "rot": [0.0,0.0,0.0],
      "scale": 0.015625,
      "hudX": 320,
      "hudY": 36,
      "hudScale": 0.25
    }
  ],
  "definitions": [
    {
      "subName": "_blue",
      "name": "Trin Devom",
      "extraMaterials": ["minecraft:dye:4:5"]
    },
    {
      "subName": "_brown",
      "name": "Trin Devom",
      "extraMaterials": ["minecraft:dye:3:5"]
    },
    {
      "subName": "_light_blue",
      "name": "Trin Devom",
      "extraMaterials": ["minecraft:dye:12:5"]
    },
    {
      "subName": "_light_gray",
      "name": "Trin Devom",
      "extraMaterials": ["minecraft:dye:7:5"]
    },
    {
      "subName": "_olive",
      "name": "Trin Devom",
      "extraMaterials": ["minecraft:dye:2:5"]
    },
    {
      "subName": "_red",
      "name": "Trin Devom",
      "extraMaterials": ["minecraft:dye:1:5"]
    },
    {
      "subName": "_pure_black",
      "name": "Trin Devom",
      "extraMaterials": ["minecraft:dye:0:10"]
    },
    {
      "subName": "_pure_white",
      "name": "Trin Devom",
      "extraMaterials": ["minecraft:dye:15:10"]
    },
    {
      "subName": "_diamond",
      "name": "Trin Devom",
      "extraMaterials": ["minecraft:dye:12:4","minecraft:diamond:0:1"]
    }
  ],
  "rendering": {
    "textObjects": [
      {
        "pos": [-0.71875,-0.0625,4.34438],
        "rot": [0.0,-10.0,0.0],
        "scale": 0.125,
        "fieldName": "License Plate",
        "defaultText": "Devom",
        "maxLength": 8,
        "color": "#000000"
      },
      {
        "pos": [0.0,0.40625,-0.72563],
        "rot": [0.0,180.0,0.0],
        "scale": 0.125,
        "fieldName": "License Plate",
        "defaultText": "Devom",
        "maxLength": 8,
        "color": "#000000"
      }
    ],
    "animatedObjects": [
      {
        "objectName": "$steer",
        "animations": [
          {
            "animationType": "rotation",
            "variable": "rudder",
            "centerPoint": [0.625,0.625,2.40625],
            "axis": [0.0,0.0,1.0]
          }
        ]
      },
      {
        "objectName": "$gas",
        "animations": [
          {
            "animationType": "rotation",
            "variable": "throttle",
            "centerPoint": [0.875,0.0,2.78125],
            "axis": [-25.0,0.0,0.0]
          }
        ]
      },
      {
        "objectName": "$brake",
        "animations": [
          {
            "animationType": "rotation",
            "variable": "brake",
            "centerPoint": [0.875,0.0,2.78125],
            "axis": [-25.0,0.0,0.0]
          }
        ]
      },
      {
        "objectName": "$p_brake",
        "animations": [
          {
            "animationType": "rotation",
            "variable": "p_brake",
            "centerPoint": [0.1875,0.03125,2.59375],
            "axis": [30.0,0.0,0.0]
          }
        ]
      },
      {
        "objectName": "$shift",
        "animations": [
          {
            "animationType": "rotation",
            "variable": "engine_gearshift_1",
            "centerPoint": [0.0,0.15625,2.53125],
            "axis": [1.0,0.0,0.0]
          }
        ]
      },
      {
        "objectName": "$doorFR",
        "animations": [
          {
            "animationType": "rotation",
            "variable": "door_fr",
            "centerPoint": [-1.25,0.6875,2.75],
            "axis": [0.0,60.0,0.0],
            "duration": 5
          }
        ]
      },
      {
        "objectName": "$doorwindowFR",
        "applyAfter": "$doorFR",
        "animations": []
      },
      {
        "objectName": "$doorFL",
        "animations": [
          {
            "animationType": "rotation",
            "variable": "door_fl",
            "centerPoint": [1.25,0.6875,2.75],
            "axis": [0.0,-60.0,0.0],
            "duration": 5
          }
        ]
      },
      {
        "objectName": "$doorwindowFL",
        "applyAfter": "$doorFL",
        "animations": []
      },
      {
        "objectName": "$hood",
        "animations": [
          {
            "animationType": "rotation",
            "variable": "door_hood",
            "centerPoint": [0.0,0.75,2.75],
            "axis": [-60.0,0.0,0.0],
            "duration": 5
          }
        ]
      },
      {
        "objectName": "$boot",
        "animations": [
          {
            "animationType": "rotation",
            "variable": "door_boot",
            "centerPoint": [0.0,0.8125,0.125],
            "axis": [60.0,0.0,0.0],
            "duration": 5
          }
        ]
      }
    ],
    "customVariables": [],
    "sounds": [
      {
        "name": "iv_tcp:horn_1",
        "activeAnimations": [
          {
            "animationType": "visibility",
            "variable": "horn",
            "clampMin": 1.0,
            "clampMax": 1.0
          }
        ],
        "looping": true
      }
    ],
    "particles": [
      {
        "type": "smoke",
        "activeAnimations": [
          {
            "animationType": "visibility",
            "variable": "engine_piston_1_2_cam_1",
            "clampMin": 1.0,
            "clampMax": 1.0
          }
        ],
        "color": "#D9D9D9",
        "transparency": 0.25,
        "toTransparency": 0.25,
        "scale": 1.0,
        "pos": [0.9375,0.0625,-0.78125],
        "initialVelocity": [0.0,0.0,-1.0]
      },
      {
        "type": "smoke",
        "activeAnimations": [
          {
            "animationType": "visibility",
            "variable": "engine_backfired_1",
            "clampMin": 1.0,
            "clampMax": 1.0
          }
        ],
        "color": "#000000",
        "scale": 2.5,
        "pos": [0.9375,0.0625,-0.78125],
        "initialVelocity": [0.0,0.0,-1.0],
        "quantity": 5
      },
      {
        "type": "smoke",
        "activeAnimations": [
          {
            "animationType": "visibility",
            "variable": "engine_piston_2_2_cam_1",
            "clampMin": 1.0,
            "clampMax": 1.0
          }
        ],
        "color": "#D9D9D9",
        "transparency": 0.25,
        "toTransparency": 0.25,
        "scale": 1.0,
        "pos": [-0.9375,0.0625,-0.78125],
        "initialVelocity": [0.0,0.0,-1.0]
      },
      {
        "type": "smoke",
        "activeAnimations": [
          {
            "animationType": "visibility",
            "variable": "engine_backfired_1",
            "clampMin": 1.0,
            "clampMax": 1.0
          }
        ],
        "color": "#000000",
        "scale": 2.5,
        "pos": [-0.9375,0.0625,-0.78125],
        "initialVelocity": [0.0,0.0,-1.0],
        "quantity": 5
      }
    ]
  },
  "prefixFolders": "",
  "packID": "iv_tcp",
  "systemName": "trin_devom",
  "classification": "vehicle",
  "general": {
    "description": "Recommended parts:\nAverage Sized Wheels\nV8 Engine\nModel 1 Seats",
    "materials": ["iv_tcp:pile_of_v2_junk:0:5"]
  }
}
