{
  "motorized": {
    "isFrontWheelDrive": true,
    "emptyMass": 1000,
    "fuelCapacity": 5000,
    "axleRatio": 4.1,
    "brakingFactor": 1.0,
    "dragCoefficient": 0.6,
    "downForce": 0.2,
    "overSteer": -3.5,
    "maxTiltAngle": -4.9
  },
  "parts": [
    {
      "pos": [-0.90625,-0.03125,0.0],
      "minValue": 0.4,
      "maxValue": 0.8,
      "types": ["ground_wheel"]
    },
    {
      "pos": [0.90625,-0.03125,0.0],
      "minValue": 0.4,
      "maxValue": 0.8,
      "types": ["ground_wheel"]
    },
    {
      "pos": [-0.90625,-0.03125,2.875],
      "turnsWithSteer": true,
      "minValue": 0.4,
      "maxValue": 0.8,
      "types": ["ground_wheel"]
    },
    {
      "pos": [0.90625,-0.03125,2.875],
      "turnsWithSteer": true,
      "minValue": 0.4,
      "maxValue": 0.8,
      "types": ["ground_wheel"]
    },
    {
      "pos": [0.46875,0.3125,1.8125],
      "isController": true,
      "types": ["seat"]
    },
    {
      "pos": [-0.46875,0.3125,1.8125],
      "types": ["seat"],
      "additionalParts": [
        {
          "pos": [-0.46875,0.32,1.8125],
          "rot": [0.0,90.0,0.0],
          "maxValue": 2.0,
          "types": ["interactable_luggage"]
        }
      ]
    },
    {
      "pos": [0.46875,0.3125,0.875],
      "maxValue": 1.0,
      "types": ["seat","interactable_crate"],
      "additionalParts": [
        {
          "pos": [0.46875,0.32,0.875],
          "rot": [0.0,90.0,0.0],
          "maxValue": 2.0,
          "types": ["interactable_luggage"]
        }
      ]
    },
    {
      "pos": [-0.46875,0.3125,0.875],
      "maxValue": 1.0,
      "types": ["seat","interactable_crate"],
      "additionalParts": [
        {
          "pos": [-0.46875,0.32,0.875],
          "rot": [0.0,90.0,0.0],
          "maxValue": 2.0,
          "types": ["interactable_luggage"]
        }
      ]
    },
    {
      "pos": [0.0,0.0625,2.5],
      "maxValue": 0.5,
      "types": ["engine_car"]
    },
    {
      "pos": [0.0,1.625,1.3125],
      "maxValue": 3.0,
      "types": ["interactable_crate_roof"]
    },
    {
      "pos": [0.0,1.625,1.875],
      "maxValue": 1.0,
      "types": ["generic_roofdevice"]
    },
    {
      "pos": [0.0,1.625,1.5],
      "maxValue": 2.0,
      "types": ["generic_lightbar"]
    },
    {
      "pos": [-0.4375,0.0,-0.0625],
      "maxValue": 3.0,
      "types": ["interactable_luggage"],
      "additionalParts": [
        {
          "pos": [-0.4375,0.4,-0.0625],
          "maxValue": 2.0,
          "types": ["interactable_luggage"]
        }
      ]
    },
    {
      "pos": [0.0,0.0,-0.0625],
      "maxValue": 3.0,
      "types": ["interactable_luggage"],
      "additionalParts": [
        {
          "pos": [0.0,0.4,-0.0625],
          "maxValue": 2.0,
          "types": ["interactable_luggage"]
        }
      ]
    },
    {
      "pos": [0.4375,0.0,-0.0625],
      "maxValue": 3.0,
      "types": ["interactable_luggage"],
      "additionalParts": [
        {
          "pos": [0.4375,0.4,-0.0625],
          "maxValue": 2.0,
          "types": ["interactable_luggage"]
        }
      ]
    },
    {
      "pos": [0.0,0.0625,3.56875],
      "maxValue": 1.0,
      "types": ["generic_bumpersticker"]
    },
    {
      "pos": [0.625,0.0625,3.56875],
      "maxValue": 1.0,
      "types": ["generic_bumpersticker"]
    },
    {
      "pos": [-0.625,0.0625,3.56875],
      "maxValue": 1.0,
      "types": ["generic_bumpersticker"]
    },
    {
      "pos": [0.0,0.0625,-0.69375],
      "maxValue": 1.0,
      "types": ["generic_bumpersticker"]
    },
    {
      "pos": [-0.625,0.0625,-0.69375],
      "maxValue": 1.0,
      "types": ["generic_bumpersticker"]
    },
    {
      "pos": [0.0,0.1,3.5],
      "maxValue": 2.0,
      "types": ["generic_bullbar"]
    }
  ],
  "collision": [
    {
      "pos": [0.0,0.8125,2.9375],
      "width": 1.25,
      "height": 0.125
    },
    {
      "pos": [0.0,1.625,1.375],
      "width": 1.25,
      "height": 0.125
    },
    {
      "pos": [0.0,0.75,-0.1875],
      "width": 1.0,
      "height": 0.125
    }
  ],
  "connectionGroups": [
    {
      "groupName": "HOOKUP",
      "hookup": true,
      "connections": [
        {
          "type": "tow_bumper",
          "pos": [0.0,0.0,3.56875],
          "distance": 0.0
        },
        {
          "type": "tow_bumper",
          "pos": [0.0,0.21875,-0.69375],
          "distance": 0.0
        },
        {
          "type": "tow_wheel",
          "pos": [0.0,-0.34375,2.875],
          "distance": 0.0
        }
      ]
    },
    {
      "groupName": "TRAILER",
      "canIntiateConnections": true,
      "connections": [
        {
          "type": "trailer_standard",
          "pos": [0.0,0.21875,-0.69375],
          "distance": 0.0
        }
      ]
    }
  ],
  "instruments": [
    {
      "pos": [0.73438,0.65625,2.281],
      "rot": [0.0,0.0,0.0],
      "scale": 0.015625,
      "hudX": 80,
      "hudY": 36,
      "hudScale": 0.25
    },
    {
      "pos": [0.59375,0.65625,2.281],
      "rot": [0.0,0.0,0.0],
      "scale": 0.015625,
      "hudX": 160,
      "hudY": 36,
      "hudScale": 0.5
    },
    {
      "pos": [0.28125,0.64063,2.281],
      "rot": [0.0,0.0,0.0],
      "scale": 0.015625,
      "hudX": 240,
      "hudY": 36,
      "hudScale": 0.5
    },
    {
      "pos": [0.14063,0.65625,2.281],
      "rot": [0.0,0.0,0.0],
      "scale": 0.015625,
      "hudX": 320,
      "hudY": 36,
      "hudScale": 0.25
    }
  ],
  "definitions": [
    {
      "subName": "_blue",
      "name": "Trin Destitume",
      "extraMaterials": ["minecraft:dye:4:5"]
    },
    {
      "subName": "_brown",
      "name": "Trin Destitume",
      "extraMaterials": ["minecraft:dye:3:5"]
    },
    {
      "subName": "_light_blue",
      "name": "Trin Destitume",
      "extraMaterials": ["minecraft:dye:12:5"]
    },
    {
      "subName": "_light_gray",
      "name": "Trin Destitume",
      "extraMaterials": ["minecraft:dye:7:5"]
    },
    {
      "subName": "_olive",
      "name": "Trin Destitume",
      "extraMaterials": ["minecraft:dye:2:5"]
    },
    {
      "subName": "_red",
      "name": "Trin Destitume",
      "extraMaterials": ["minecraft:dye:1:5"]
    },
    {
      "subName": "_pure_black",
      "name": "Trin Destitume",
      "extraMaterials": ["minecraft:dye:0:10"]
    },
    {
      "subName": "_pure_white",
      "name": "Trin Destitume",
      "extraMaterials": ["minecraft:dye:15:10"]
    },
    {
      "subName": "_diamond",
      "name": "Trin Destitume",
      "extraMaterials": ["minecraft:dye:12:4","minecraft:diamond:0:1"]
    }
  ],
  "rendering": {
    "textObjects": [
      {
        "pos": [0.0,0.21875,3.56875],
        "rot": [0.0,0.0,0.0],
        "scale": 0.13,
        "fieldName": "Text",
        "defaultText": "tcp-000",
        "maxLength": 7,
        "color": "#000000"
      },
      {
        "pos": [0.0,0.21875,-0.69375],
        "rot": [0.0,180.0,0.0],
        "scale": 0.13,
        "fieldName": "Text",
        "defaultText": "tcp-000",
        "maxLength": 7,
        "color": "#000000"
      }
    ],
    "animatedObjects": [
      {
        "objectName": "$gas",
        "animations": [
          {
            "animationType": "rotation",
            "variable": "throttle",
            "centerPoint": [0.1875,0.125,2.29688],
            "axis": [12.5,0.0,0.0]
          }
        ]
      },
      {
        "objectName": "$brake",
        "animations": [
          {
            "animationType": "rotation",
            "variable": "brake",
            "centerPoint": [0.5625,0.125,2.29688],
            "axis": [12.5,0.0,0.0]
          }
        ]
      },
      {
        "objectName": "$p_brake",
        "animations": [
          {
            "animationType": "rotation",
            "variable": "p_brake",
            "centerPoint": [-0.04688,0.125,2.34375],
            "axis": [-30.0,0.0,0.0]
          }
        ]
      },
      {
        "objectName": "$doorFL",
        "animations": [
          {
            "animationType": "rotation",
            "variable": "door",
            "centerPoint": [1.03125,0.6875,2.3125],
            "axis": [0.0,-60.0,0.0],
            "duration": 30
          }
        ]
      },
      {
        "objectName": "$doorwindowFL",
        "animations": [
          {
            "animationType": "rotation",
            "variable": "door",
            "centerPoint": [1.03125,0.6875,2.3125],
            "axis": [0.0,-60.0,0.0],
            "duration": 30
          }
        ]
      },
      {
        "objectName": "$doorFR",
        "animations": [
          {
            "animationType": "rotation",
            "variable": "door",
            "centerPoint": [-1.03125,0.6875,2.3125],
            "axis": [0.0,60.0,0.0],
            "duration": 30
          }
        ]
      },
      {
        "objectName": "$doorwindowFR",
        "animations": [
          {
            "animationType": "rotation",
            "variable": "door",
            "centerPoint": [-1.03125,0.6875,2.3125],
            "axis": [0.0,60.0,0.0],
            "duration": 30
          }
        ]
      },
      {
        "objectName": "$steer",
        "animations": [
          {
            "animationType": "rotation",
            "variable": "rudder",
            "centerPoint": [0.4375,0.71875,2.25],
            "axis": [-0.0,-0.0,1.0]
          }
        ]
      },
      {
        "objectName": "$hood",
        "animations": [
          {
            "animationType": "rotation",
            "variable": "hood",
            "centerPoint": [0.0,0.875,2.5],
            "axis": [-60.0,0.0,0.0]
          }
        ]
      },
      {
        "objectName": "$doorR",
        "animations": [
          {
            "animationType": "rotation",
            "variable": "door",
            "centerPoint": [0.0,1.25,-0.25],
            "axis": [60.0,0.0,0.0],
            "duration": 30
          }
        ]
      },
      {
        "objectName": "$doorwindowR",
        "animations": [
          {
            "animationType": "rotation",
            "variable": "door",
            "centerPoint": [0.0,1.25,-0.25],
            "axis": [60.0,0.0,0.0],
            "duration": 30
          }
        ]
      },
      {
        "objectName": "$shift",
        "animations": [
          {
            "animationType": "rotation",
            "variable": "engine_gearshift_1",
            "centerPoint": [0.04688,0.125,2.34375],
            "axis": [1.0,0.0,0.0]
          }
        ]
      }
    ],
    "sounds": [
      {
        "name": "iv_tcp:horn_1",
        "activeAnimations": [
          {
            "animationType": "visibility",
            "variable": "horn",
            "clampMin": 1.0,
            "clampMax": 1.0
          }
        ],
        "looping": true
      }
    ],
    "particles": []
  },
  "prefixFolders": "",
  "packID": "iv_tcp",
  "systemName": "trin_destitume",
  "classification": "vehicle",
  "general": {
    "description": "Recommended parts:\nSmall Sized Wheels\ni3 Engine\nModel 3 Seats",
    "materials": ["iv_tcp:pile_of_v2_junk:0:4"]
  }
}
