{
  "motorized": {
    "isFrontWheelDrive": true,
    "isRearWheelDrive": true,
    "emptyMass": 2000,
    "fuelCapacity": 15000,
    "axleRatio": 4.1,
    "brakingFactor": 1.15,
    "dragCoefficient": 0.6,
    "downForce": 0.175,
    "overSteer": 2.0,
    "maxTiltAngle": -2.75
  },
  "parts": [
    {
      "pos": [1.125,0.0,0.0],
      "minValue": 0.4,
      "maxValue": 1.1,
      "types": ["ground_wheel"]
    },
    {
      "pos": [-1.125,0.0,0.0],
      "minValue": 0.4,
      "maxValue": 1.1,
      "types": ["ground_wheel"]
    },
    {
      "pos": [1.125,0.0,4.125],
      "turnsWithSteer": true,
      "minValue": 0.4,
      "maxValue": 1.1,
      "types": ["ground_wheel"]
    },
    {
      "pos": [-1.125,0.0,4.125],
      "turnsWithSteer": true,
      "minValue": 0.4,
      "maxValue": 1.1,
      "types": ["ground_wheel"]
    },
    {
      "pos": [0.625,0.25,2.719],
      "isController": true,
      "types": ["seat"]
    },
    {
      "pos": [-0.625,0.25,2.719],
      "types": ["seat"],
      "additionalParts": [
        {
          "pos": [-0.625,0.3,2.719],
          "rot": [0.0,90.0,0.0],
          "maxValue": 2.0,
          "types": ["interactable_luggage"]
        }
      ]
    },
    {
      "pos": [0.625,0.25,1.656],
      "types": ["seat"],
      "additionalParts": [
        {
          "pos": [0.625,0.3,1.656],
          "rot": [0.0,90.0,0.0],
          "maxValue": 2.0,
          "types": ["interactable_luggage"]
        }
      ]
    },
    {
      "pos": [-0.625,0.25,1.656],
      "types": ["seat"],
      "additionalParts": [
        {
          "pos": [-0.625,0.3,1.656],
          "rot": [0.0,90.0,0.0],
          "maxValue": 2.0,
          "types": ["interactable_luggage"]
        }
      ]
    },
    {
      "pos": [0.0,0.125,3.5625],
      "maxValue": 0.7,
      "types": ["engine_car"]
    },
    {
      "pos": [-0.438,0.5,0.313],
      "rot": [0.0,-8.0,0.0],
      "maxValue": 3.0,
      "types": ["interactable_crate"],
      "additionalParts": [
        {
          "pos": [-0.531,1.25,0.438],
          "rot": [0.0,-1.0,0.0],
          "maxValue": 3.0,
          "types": ["interactable_crate"]
        }
      ]
    },
    {
      "pos": [0.406,0.5,0.5],
      "rot": [0.0,-4.0,0.0],
      "maxValue": 3.0,
      "types": ["interactable_crate"],
      "additionalParts": [
        {
          "pos": [0.281,1.25,0.438],
          "rot": [0.0,7.0,0.0],
          "maxValue": 3.0,
          "types": ["interactable_crate"]
        }
      ]
    },
    {
      "pos": [-0.406,0.5,-0.625],
      "rot": [0.0,-8.0,0.0],
      "maxValue": 3.0,
      "types": ["interactable_crate"]
    },
    {
      "pos": [0.438,0.5,-0.438],
      "rot": [0.0,5.0,0.0],
      "maxValue": 3.0,
      "types": ["interactable_crate"]
    },
    {
      "pos": [0.0,0.0,5.156],
      "maxValue": 2.0,
      "types": ["generic_bullbar"]
    },
    {
      "pos": [0.0,1.625,2.719],
      "maxValue": 3.0,
      "types": ["generic_lightbar"]
    },
    {
      "pos": [0.0,1.625,1.313],
      "maxValue": 3.0,
      "types": ["generic_roofdevice"]
    },
    {
      "pos": [0.625,-0.031,-1.225],
      "rot": [0.0,0.0,0.0],
      "maxValue": 1.0,
      "types": ["generic_bumpersticker"]
    },
    {
      "pos": [-0.625,-0.031,-1.225],
      "rot": [0.0,0.0,0.0],
      "maxValue": 1.0,
      "types": ["generic_bumpersticker"]
    }
  ],
  "collision": [
    {
      "pos": [0.0,0.75,4.25],
      "width": 1.875,
      "height": 0.125
    },
    {
      "pos": [0.0,1.563,1.938],
      "width": 1.875,
      "height": 0.125
    },
    {
      "pos": [0.0,0.813,-0.063],
      "width": 1.875,
      "height": 0.125
    }
  ],
  "connectionGroups": [
    {
      "groupName": "HOOKUP",
      "hookup": true,
      "connections": [
        {
          "type": "tow_bumper",
          "pos": [0.0,0.0,5.25625],
          "distance": 0.0
        },
        {
          "type": "tow_bumper",
          "pos": [0.0,-0.03125,-1.22563],
          "distance": 0.0
        },
        {
          "type": "tow_wheel",
          "pos": [0.0,-0.5,4.125],
          "distance": 0.0
        }
      ]
    },
    {
      "groupName": "TRAILER",
      "canIntiateConnections": true,
      "connections": [
        {
          "type": "trailer_standard",
          "pos": [0.0,-0.03125,-1.22563],
          "distance": 0.0
        }
      ]
    }
  ],
  "instruments": [
    {
      "pos": [1.0625,0.78125,3.21813],
      "rot": [0.0,0.0,0.0],
      "scale": 0.015625,
      "hudX": 80,
      "hudY": 36,
      "hudScale": 0.25
    },
    {
      "pos": [0.875,0.8125,3.22438],
      "rot": [0.0,0.0,0.0],
      "scale": 0.015625,
      "hudX": 160,
      "hudY": 36,
      "hudScale": 0.5
    },
    {
      "pos": [0.5625,0.8125,3.22438],
      "rot": [0.0,0.0,0.0],
      "scale": 0.015625,
      "hudX": 240,
      "hudY": 36,
      "hudScale": 0.5
    },
    {
      "pos": [0.375,0.78125,3.21813],
      "rot": [0.0,0.0,0.0],
      "scale": 0.015625,
      "hudX": 320,
      "hudY": 36,
      "hudScale": 0.25
    }
  ],
  "definitions": [
    {
      "subName": "_blue",
      "name": "Trin Robaner",
      "extraMaterials": ["minecraft:dye:4:5"]
    },
    {
      "subName": "_brown",
      "name": "Trin Robaner",
      "extraMaterials": ["minecraft:dye:3:5"]
    },
    {
      "subName": "_light_blue",
      "name": "Trin Robaner",
      "extraMaterials": ["minecraft:dye:12:5"]
    },
    {
      "subName": "_light_gray",
      "name": "Trin Robaner",
      "extraMaterials": ["minecraft:dye:7:5"]
    },
    {
      "subName": "_olive",
      "name": "Trin Robaner",
      "extraMaterials": ["minecraft:dye:2:5"]
    },
    {
      "subName": "_red",
      "name": "Trin Robaner",
      "extraMaterials": ["minecraft:dye:1:5"]
    },
    {
      "subName": "_pure_black",
      "name": "Trin Robaner",
      "extraMaterials": ["minecraft:dye:0:10"]
    },
    {
      "subName": "_pure_white",
      "name": "Trin Robaner",
      "extraMaterials": ["minecraft:dye:15:10"]
    },
    {
      "subName": "_diamond",
      "name": "Trin Robaner",
      "extraMaterials": ["minecraft:dye:12:4","minecraft:diamond:0:1"]
    }
  ],
  "rendering": {
    "textObjects": [
      {
        "pos": [0.0,0.03125,5.25625],
        "rot": [0.0,0.0,0.0],
        "scale": 0.13,
        "fieldName": "Text",
        "defaultText": "tcp-000",
        "maxLength": 7,
        "color": "#000000"
      },
      {
        "pos": [0.0,-0.03125,-1.22563],
        "rot": [0.0,180.0,0.0],
        "scale": 0.13,
        "fieldName": "Text",
        "defaultText": "tcp-000",
        "maxLength": 7,
        "color": "#000000"
      }
    ],
    "animatedObjects": [
      {
        "objectName": "$gas",
        "animations": [
          {
            "animationType": "rotation",
            "variable": "throttle",
            "centerPoint": [0.0,0.063,3.344],
            "axis": [25.0,0.0,0.0]
          }
        ]
      },
      {
        "objectName": "$brake",
        "animations": [
          {
            "animationType": "rotation",
            "variable": "brake",
            "centerPoint": [0.0,0.063,3.344],
            "axis": [25.0,0.0,0.0]
          }
        ]
      },
      {
        "objectName": "$p_brake",
        "animations": [
          {
            "animationType": "rotation",
            "variable": "p_brake",
            "centerPoint": [0.188,0.125,3.406],
            "axis": [30.0,0.0,0.0]
          }
        ]
      },
      {
        "objectName": "$shift",
        "animations": [
          {
            "animationType": "rotation",
            "variable": "engine_gearshift_1",
            "centerPoint": [0.0,0.313,3.281],
            "axis": [1.0,0.0,0.0]
          }
        ]
      },
      {
        "objectName": "$steer",
        "animations": [
          {
            "animationType": "rotation",
            "variable": "rudder",
            "centerPoint": [0.719,0.719,3.156],
            "axis": [-0.0,-0.0,1.0]
          }
        ]
      },
      {
        "objectName": "$doorFL",
        "animations": [
          {
            "animationType": "rotation",
            "variable": "door",
            "centerPoint": [1.313,0.75,3.344],
            "axis": [0.0,-60.0,0.0],
            "duration": 30
          }
        ]
      },
      {
        "objectName": "$doorwindowFL",
        "animations": [
          {
            "animationType": "rotation",
            "variable": "door",
            "centerPoint": [1.313,0.75,3.344],
            "axis": [0.0,-60.0,0.0],
            "duration": 30
          }
        ]
      },
      {
        "objectName": "$doorFR",
        "animations": [
          {
            "animationType": "rotation",
            "variable": "door",
            "centerPoint": [-1.313,0.75,3.344],
            "axis": [0.0,60.0,0.0],
            "duration": 30
          }
        ]
      },
      {
        "objectName": "$doorwindowFR",
        "animations": [
          {
            "animationType": "rotation",
            "variable": "door",
            "centerPoint": [-1.313,0.75,3.344],
            "axis": [0.0,60.0,0.0],
            "duration": 30
          }
        ]
      },
      {
        "objectName": "$doorRL",
        "animations": [
          {
            "animationType": "rotation",
            "variable": "door",
            "centerPoint": [1.313,0.75,1.344],
            "axis": [0.0,90.0,0.0],
            "duration": 30
          }
        ]
      },
      {
        "objectName": "$doorwindowRL",
        "animations": [
          {
            "animationType": "rotation",
            "variable": "door",
            "centerPoint": [1.313,0.75,1.344],
            "axis": [0.0,90.0,0.0],
            "duration": 30
          }
        ]
      },
      {
        "objectName": "$doorRR",
        "animations": [
          {
            "animationType": "rotation",
            "variable": "door",
            "centerPoint": [-1.313,0.75,1.344],
            "axis": [0.0,-90.0,0.0],
            "duration": 30
          }
        ]
      },
      {
        "objectName": "$doorwindowRR",
        "animations": [
          {
            "animationType": "rotation",
            "variable": "door",
            "centerPoint": [-1.313,0.75,1.344],
            "axis": [0.0,-90.0,0.0],
            "duration": 30
          }
        ]
      },
      {
        "objectName": "$hood",
        "animations": [
          {
            "animationType": "rotation",
            "variable": "hood",
            "centerPoint": [0.0,0.813,3.594],
            "axis": [-60.0,0.0,0.0]
          }
        ]
      },
      {
        "objectName": "$boot",
        "animations": [
          {
            "animationType": "rotation",
            "variable": "door",
            "centerPoint": [0.0,0.063,-1.219],
            "axis": [-90.0,0.0,0.0],
            "duration": 30
          }
        ]
      }
    ],
    "customVariables": ["siren"],
    "sounds": [
      {
        "name": "iv_tcp:horn_1",
        "activeAnimations": [
          {
            "animationType": "visibility",
            "variable": "horn",
            "clampMin": 1.0,
            "clampMax": 1.0
          }
        ],
        "looping": true
      },
      {
        "name": "iv_tcp:siren",
        "activeAnimations": [
          {
            "animationType": "visibility",
            "variable": "siren",
            "clampMin": 1.0,
            "clampMax": 1.0
          }
        ],
        "looping": true
      }
    ],
    "particles": []
  },
  "prefixFolders": "",
  "packID": "iv_tcp",
  "systemName": "trin_robaner",
  "classification": "vehicle",
  "general": {
    "description": "Recommended parts:\nLarge Sized Wheels\ni5 Engine\nModel 1 Seats",
    "materials": ["iv_tcp:pile_of_v2_junk:0:6"]
  }
}
