{
  "motorized": {
    "isRearWheelDrive": true,
    "hasOpenTop": true,
    "emptyMass": 1500,
    "fuelCapacity": 15000,
    "axleRatio": 4.1,
    "brakingFactor": 1.0,
    "dragCoefficient": 0.6,
    "downForce": 0.375,
    "overSteer": 3.0,
    "maxTiltAngle": -4.25
  },
  "parts": [
    {
      "pos": [1.094,0.0,0.0],
      "minValue": 0.4,
      "maxValue": 0.95,
      "types": ["ground_wheel"]
    },
    {
      "pos": [-1.094,0.0,0.0],
      "minValue": 0.4,
      "maxValue": 0.95,
      "types": ["ground_wheel"]
    },
    {
      "pos": [1.094,0.0,3.438],
      "turnsWithSteer": true,
      "minValue": 0.4,
      "maxValue": 0.95,
      "types": ["ground_wheel"],
      "animations": [
        {
          "animationType": "rotation",
          "variable": "rudder",
          "centerPoint": [0.0,0.0,0.0],
          "axis": [0.0,-1.0,0.0]
        }
      ]
    },
    {
      "pos": [-1.094,0.0,3.438],
      "turnsWithSteer": true,
      "minValue": 0.4,
      "maxValue": 0.95,
      "types": ["ground_wheel"],
      "animations": [
        {
          "animationType": "rotation",
          "variable": "rudder",
          "centerPoint": [0.0,0.0,0.0],
          "axis": [0.0,-1.0,0.0]
        }
      ]
    },
    {
      "pos": [0.625,0.25,2.188],
      "rot": [0.0,0.0,0.0],
      "dismountPos": [1.625,0.25,2.188],
      "isController": true,
      "types": ["seat"],
      "linkedDoors": ["door_fl"]
    },
    {
      "pos": [-0.625,0.25,2.188],
      "rot": [0.0,0.0,0.0],
      "dismountPos": [-1.625,0.25,2.188],
      "types": ["seat"],
      "additionalParts": [
        {
          "pos": [-0.625,0.3,2.188],
          "rot": [0.0,90.0,0.0],
          "maxValue": 2.0,
          "types": ["interactable_luggage"]
        }
      ],
      "linkedDoors": ["door_fr"]
    },
    {
      "pos": [0.563,0.25,1.0],
      "rot": [0.0,0.0,0.0],
      "dismountPos": [-1.625,0.25,2.188],
      "types": ["seat"],
      "additionalParts": [
        {
          "pos": [0.563,0.3,1.0],
          "rot": [0.0,90.0,0.0],
          "maxValue": 2.0,
          "types": ["interactable_luggage"]
        }
      ],
      "linkedDoors": ["door_fl"]
    },
    {
      "pos": [0.563,0.25,1.0],
      "rot": [0.0,0.0,0.0],
      "dismountPos": [1.563,0.25,1.0],
      "types": ["seat"],
      "additionalParts": [
        {
          "pos": [0.563,0.3,1.0],
          "rot": [0.0,90.0,0.0],
          "maxValue": 2.0,
          "types": ["interactable_luggage"]
        }
      ],
      "linkedDoors": ["door_fl"]
    },
    {
      "pos": [-0.563,0.25,1.0],
      "rot": [0.0,0.0,0.0],
      "dismountPos": [-1.563,0.25,1.0],
      "types": ["seat"],
      "additionalParts": [
        {
          "pos": [-0.563,0.3,1.0],
          "rot": [0.0,90.0,0.0],
          "maxValue": 2.0,
          "types": ["interactable_luggage"]
        }
      ],
      "linkedDoors": ["door_fr"]
    },
    {
      "pos": [0.0,0.0,2.938],
      "rot": [0.0,0.0,0.0],
      "maxValue": 0.7,
      "types": ["engine_car"],
      "linkedDoors": ["door_hood"]
    },
    {
      "pos": [0.375,0.0,-0.75],
      "rot": [0.0,85.0,0.0],
      "maxValue": 3.0,
      "types": ["interactable_luggage"],
      "linkedDoors": ["door_boot"]
    },
    {
      "pos": [-0.375,0.0,-0.75],
      "rot": [0.0,72.0,0.0],
      "maxValue": 3.0,
      "types": ["interactable_luggage"],
      "linkedDoors": ["door_boot"]
    },
    {
      "pos": [0.0,-0.063,4.344],
      "maxValue": 2.0,
      "types": ["generic_bullbar"]
    },
    {
      "pos": [0.813,0.063,-1.131],
      "rot": [0.0,-10.0,0.0],
      "maxValue": 1.0,
      "types": ["generic_bumpersticker"]
    },
    {
      "pos": [0.0,0.063,-1.2],
      "maxValue": 1.0,
      "types": ["generic_bumpersticker"]
    },
    {
      "pos": [-0.813,0.063,-1.131],
      "rot": [0.0,10.0,0.0],
      "maxValue": 1.0,
      "types": ["generic_bumpersticker"]
    }
  ],
  "collision": [
    {
      "pos": [0.0,0.75,3.625],
      "width": 1.625,
      "height": 0.125
    },
    {
      "pos": [0.0,0.75,1.5],
      "width": 0.0625,
      "height": 0.125
    },
    {
      "pos": [0.0,0.813,-0.313],
      "width": 1.625,
      "height": 0.125
    }
  ],
  "doors": [
    {
      "name": "door_fl",
      "closedPos": [1.1875,0.65625,1.59375],
      "openPos": [2.25,0.65625,2.21875],
      "width": 0.3125,
      "height": 0.125
    },
    {
      "name": "door_fr",
      "closedPos": [-1.1875,0.65625,1.59375],
      "openPos": [-2.25,0.65625,2.21875],
      "width": 0.3125,
      "height": 0.125
    },
    {
      "name": "door_hood",
      "closedPos": [0.0,0.75,3.75],
      "openPos": [0.0,1.6875,3.4375],
      "width": 1.0,
      "height": 0.5
    },
    {
      "name": "door_boot",
      "closedPos": [0.0,0.71875,-1.03125],
      "openPos": [0.0,1.46875,-0.71875],
      "width": 0.3125,
      "height": 0.125
    }
  ],
  "connectionGroups": [
    {
      "groupName": "HOOKUP",
      "hookup": true,
      "connections": [
        {
          "type": "tow_bumper",
          "pos": [0.0,-0.1,4.451],
          "distance": 0.0
        },
        {
          "type": "tow_bumper",
          "pos": [0.0,0.25,-1.201],
          "distance": 0.0
        },
        {
          "type": "tow_wheel",
          "pos": [0.0,-0.4375,3.438],
          "distance": 0.0
        }
      ]
    },
    {
      "groupName": "TRAILER",
      "canIntiateConnections": true,
      "connections": [
        {
          "type": "trailer_standard",
          "pos": [0.0,0.25,-1.201],
          "distance": 0.0
        }
      ]
    }
  ],
  "instruments": [
    {
      "pos": [0.906,0.625,2.749],
      "rot": [0.0,0.0,0.0],
      "scale": 0.015625,
      "hudX": 80,
      "hudY": 36,
      "hudScale": 0.25
    },
    {
      "pos": [0.813,0.781,2.781],
      "rot": [0.0,0.0,0.0],
      "scale": 0.015625,
      "hudX": 160,
      "hudY": 36,
      "hudScale": 0.5
    },
    {
      "pos": [0.438,0.781,2.781],
      "rot": [0.0,0.0,0.0],
      "scale": 0.015625,
      "hudX": 240,
      "hudY": 36,
      "hudScale": 0.5
    },
    {
      "pos": [0.344,0.625,2.749],
      "rot": [0.0,0.0,0.0],
      "scale": 0.015625,
      "hudX": 320,
      "hudY": 36,
      "hudScale": 0.25
    }
  ],
  "definitions": [
    {
      "subName": "_blue",
      "name": "Trin Roofler",
      "extraMaterials": ["minecraft:dye:4:5"]
    },
    {
      "subName": "_brown",
      "name": "Trin Roofler",
      "extraMaterials": ["minecraft:dye:3:5"]
    },
    {
      "subName": "_light_blue",
      "name": "Trin Roofler",
      "extraMaterials": ["minecraft:dye:12:5"]
    },
    {
      "subName": "_light_gray",
      "name": "Trin Roofler",
      "extraMaterials": ["minecraft:dye:7:5"]
    },
    {
      "subName": "_olive",
      "name": "Trin Roofler",
      "extraMaterials": ["minecraft:dye:2:5"]
    },
    {
      "subName": "_red",
      "name": "Trin Roofler",
      "extraMaterials": ["minecraft:dye:1:5"]
    },
    {
      "subName": "_pure_black",
      "name": "Trin Roofler",
      "extraMaterials": ["minecraft:dye:0:10"]
    },
    {
      "subName": "_pure_white",
      "name": "Trin Roofler",
      "extraMaterials": ["minecraft:dye:15:10"]
    },
    {
      "subName": "_diamond",
      "name": "Trin Roofler",
      "extraMaterials": ["minecraft:dye:12:4","minecraft:diamond:0:1"]
    }
  ],
  "rendering": {
    "textObjects": [
      {
        "pos": [0.0,0.0,4.451],
        "rot": [0.0,0.0,0.0],
        "scale": 0.125,
        "fieldName": "License Plate",
        "defaultText": "Roofler",
        "maxLength": 8,
        "color": "#000000"
      },
      {
        "pos": [0.0,0.25,-1.201],
        "rot": [0.0,180.0,0.0],
        "scale": 0.15,
        "fieldName": "License Plate",
        "defaultText": "Roofler",
        "maxLength": 8,
        "color": "#000000"
      }
    ],
    "animatedObjects": [
      {
        "objectName": "$steer",
        "animations": [
          {
            "animationType": "rotation",
            "variable": "rudder",
            "centerPoint": [0.625,0.656,2.75],
            "axis": [0.0,0.0,1.0]
          }
        ]
      },
      {
        "objectName": "$gas",
        "animations": [
          {
            "animationType": "rotation",
            "variable": "throttle",
            "centerPoint": [0.75,0.063,2.688],
            "axis": [25.0,0.0,0.0]
          }
        ]
      },
      {
        "objectName": "$brake",
        "animations": [
          {
            "animationType": "rotation",
            "variable": "brake",
            "centerPoint": [0.75,0.063,2.688],
            "axis": [25.0,0.0,0.0]
          }
        ]
      },
      {
        "objectName": "$p_brake",
        "animations": [
          {
            "animationType": "rotation",
            "variable": "p_brake",
            "centerPoint": [0.094,0.125,2.406],
            "axis": [30.0,0.0,0.0]
          }
        ]
      },
      {
        "objectName": "$shift",
        "animations": [
          {
            "animationType": "rotation",
            "variable": "engine_gearshift_1",
            "centerPoint": [0.094,0.156,2.656],
            "axis": [1.0,0.0,0.0]
          }
        ]
      },
      {
        "objectName": "$doorFR",
        "animations": [
          {
            "animationType": "rotation",
            "variable": "door_fr",
            "centerPoint": [-1.25,0.75,2.813],
            "axis": [0.0,60.0,0.0],
            "duration": 5
          }
        ]
      },
      {
        "objectName": "$doorFL",
        "animations": [
          {
            "animationType": "rotation",
            "variable": "door_fl",
            "centerPoint": [1.25,0.75,2.813],
            "axis": [0.0,-60.0,0.0],
            "duration": 5
          }
        ]
      },
      {
        "objectName": "$hood",
        "animations": [
          {
            "animationType": "rotation",
            "variable": "door_hood",
            "centerPoint": [0.0,0.813,2.938],
            "axis": [-60.0,0.0,0.0],
            "duration": 5
          }
        ]
      },
      {
        "objectName": "$boot",
        "animations": [
          {
            "animationType": "rotation",
            "variable": "door_boot",
            "centerPoint": [0.0,0.875,-0.188],
            "axis": [60.0,0.0,0.0],
            "duration": 5
          }
        ]
      }
    ],
    "customVariables": [],
    "sounds": [
      {
        "name": "iv_tcp:horn_1",
        "activeAnimations": [
          {
            "animationType": "visibility",
            "variable": "horn",
            "clampMin": 1.0,
            "clampMax": 1.0
          }
        ],
        "looping": true
      }
    ],
    "particles": [
      {
        "type": "smoke",
        "activeAnimations": [
          {
            "animationType": "visibility",
            "variable": "engine_piston_1_4_cam_1",
            "clampMin": 1.0,
            "clampMax": 1.0
          }
        ],
        "color": "#D9D9D9",
        "transparency": 0.25,
        "toTransparency": 0.25,
        "scale": 1.0,
        "pos": [0.875,-0.09375,-1.1124999523162842],
        "initialVelocity": [0.0,0.0,-1.0]
      },
      {
        "type": "smoke",
        "activeAnimations": [
          {
            "animationType": "visibility",
            "variable": "engine_backfired_1",
            "clampMin": 1.0,
            "clampMax": 1.0
          }
        ],
        "color": "#000000",
        "scale": 2.5,
        "pos": [0.875,-0.09375,-1.1124999523162842],
        "initialVelocity": [0.0,0.0,-1.0],
        "quantity": 5
      },
      {
        "type": "smoke",
        "activeAnimations": [
          {
            "animationType": "visibility",
            "variable": "engine_piston_2_4_cam_1",
            "clampMin": 1.0,
            "clampMax": 1.0
          }
        ],
        "color": "#D9D9D9",
        "transparency": 0.25,
        "toTransparency": 0.25,
        "scale": 1.0,
        "pos": [-0.875,-0.09375,-1.1124999523162842],
        "initialVelocity": [0.0,0.0,-1.0]
      },
      {
        "type": "smoke",
        "activeAnimations": [
          {
            "animationType": "visibility",
            "variable": "engine_backfired_1",
            "clampMin": 1.0,
            "clampMax": 1.0
          }
        ],
        "color": "#000000",
        "scale": 2.5,
        "pos": [-0.875,-0.09375,-1.1124999523162842],
        "initialVelocity": [0.0,0.0,-1.0],
        "quantity": 5
      },
      {
        "type": "smoke",
        "activeAnimations": [
          {
            "animationType": "visibility",
            "variable": "engine_piston_3_4_cam_1",
            "clampMin": 1.0,
            "clampMax": 1.0
          }
        ],
        "color": "#D9D9D9",
        "transparency": 0.25,
        "toTransparency": 0.25,
        "scale": 1.0,
        "pos": [1.0,-0.09375,-1.0968799591064453],
        "initialVelocity": [0.0,0.0,-1.0]
      },
      {
        "type": "smoke",
        "activeAnimations": [
          {
            "animationType": "visibility",
            "variable": "engine_backfired_1",
            "clampMin": 1.0,
            "clampMax": 1.0
          }
        ],
        "color": "#000000",
        "scale": 2.5,
        "pos": [1.0,-0.09375,-1.0968799591064453],
        "initialVelocity": [0.0,0.0,-1.0],
        "quantity": 5
      },
      {
        "type": "smoke",
        "activeAnimations": [
          {
            "animationType": "visibility",
            "variable": "engine_piston_4_4_cam_1",
            "clampMin": 1.0,
            "clampMax": 1.0
          }
        ],
        "color": "#D9D9D9",
        "transparency": 0.25,
        "toTransparency": 0.25,
        "scale": 1.0,
        "pos": [1.0,-0.09375,-1.0968799591064453],
        "initialVelocity": [0.0,0.0,-1.0]
      },
      {
        "type": "smoke",
        "activeAnimations": [
          {
            "animationType": "visibility",
            "variable": "engine_backfired_1",
            "clampMin": 1.0,
            "clampMax": 1.0
          }
        ],
        "color": "#000000",
        "scale": 2.5,
        "pos": [1.0,-0.09375,-1.0968799591064453],
        "initialVelocity": [0.0,0.0,-1.0],
        "quantity": 5
      }
    ]
  },
  "prefixFolders": "",
  "packID": "iv_tcp",
  "systemName": "trin_roofler",
  "classification": "vehicle",
  "general": {
    "description": "Recommended parts:\nAverage Sized Wheels\nV8 Engine\nModel 1 Seats",
    "materials": ["iv_tcp:pile_of_v2_junk:0:6"]
  }
}
