{
  "motorized": {
    "isFrontWheelDrive": true,
    "emptyMass": 2000,
    "fuelCapacity": 15000,
    "axleRatio": 3.2,
    "brakingFactor": 1.0,
    "dragCoefficient": 0.42,
    "downForce": 0.25,
    "overSteer": 2.25,
    "maxTiltAngle": -3.75
  },
  "parts": [
    {
      "pos": [1.094,0.0,0.0],
      "minValue": 0.4,
      "maxValue": 0.95,
      "types": ["ground_wheel"]
    },
    {
      "pos": [-1.094,0.0,0.0],
      "minValue": 0.4,
      "maxValue": 0.95,
      "types": ["ground_wheel"]
    },
    {
      "pos": [1.094,0.0,4.438],
      "turnsWithSteer": true,
      "minValue": 0.4,
      "maxValue": 0.95,
      "types": ["ground_wheel"]
    },
    {
      "pos": [-1.094,0.0,4.438],
      "turnsWithSteer": true,
      "minValue": 0.4,
      "maxValue": 0.95,
      "types": ["ground_wheel"]
    },
    {
      "pos": [0.563,0.313,3.0],
      "isController": true,
      "types": ["seat"]
    },
    {
      "pos": [-0.563,0.313,3.0],
      "types": ["seat"],
      "additionalParts": [
        {
          "pos": [-0.563,0.32,3.0],
          "rot": [0.0,90.0,0.0],
          "maxValue": 2.0,
          "types": ["interactable_luggage"]
        }
      ]
    },
    {
      "pos": [0.0,0.125,3.938],
      "maxValue": 0.9,
      "types": ["engine_car"]
    },
    {
      "pos": [0.0,2.438,2.313],
      "maxValue": 3.0,
      "types": ["generic_roofdevice"]
    },
    {
      "pos": [0.0,2.438,2.563],
      "maxValue": 3.0,
      "types": ["generic_lightbar"]
    },
    {
      "pos": [0.0,2.438,0.938],
      "maxValue": 3.0,
      "types": ["interactable_crate_roof"]
    },
    {
      "pos": [0.0,0.125,5.5],
      "maxValue": 2.0,
      "types": ["generic_bullbar"]
    },
    {
      "pos": [0.5,0.0,-0.909],
      "rot": [0.0,0.0,27.0],
      "maxValue": 1.0,
      "types": ["generic_bumpersticker"]
    },
    {
      "pos": [-0.5,0.0,-0.909],
      "rot": [0.0,0.0,27.0],
      "maxValue": 1.0,
      "types": ["generic_bumpersticker"]
    },
    {
      "pos": [0.438,0.438,1.938],
      "rot": [0.0,3.0,0.0],
      "maxValue": 3.0,
      "types": ["interactable_crate"],
      "additionalParts": [
        {
          "pos": [0.438,1.188,1.938],
          "rot": [0.0,-8.0,0.0],
          "maxValue": 3.0,
          "types": ["interactable_crate"],
          "additionalParts": [
            {
              "pos": [0.438,1.938,1.938],
              "rot": [0.0,0.0,0.0],
              "maxValue": 3.0,
              "types": ["interactable_crate"]
            }
          ]
        }
      ]
    },
    {
      "pos": [-0.438,0.438,1.938],
      "rot": [3.0,8.0,3.0],
      "maxValue": 3.0,
      "types": ["interactable_crate"],
      "additionalParts": [
        {
          "pos": [-0.438,1.188,1.938],
          "rot": [1.0,-3.0,0.0],
          "maxValue": 3.0,
          "types": ["interactable_crate"],
          "additionalParts": [
            {
              "pos": [-0.438,1.938,1.938],
              "rot": [0.0,-8.0,2.0],
              "maxValue": 3.0,
              "types": ["interactable_crate"]
            }
          ]
        }
      ]
    },
    {
      "pos": [0.438,0.438,1.063],
      "rot": [0.0,8.0,2.0],
      "maxValue": 3.0,
      "types": ["interactable_crate"],
      "additionalParts": [
        {
          "pos": [0.438,1.188,1.063],
          "rot": [1.0,-12.0,0.0],
          "maxValue": 3.0,
          "types": ["interactable_crate"],
          "additionalParts": [
            {
              "pos": [0.438,1.938,1.063],
              "rot": [0.0,6.0,2.0],
              "maxValue": 3.0,
              "types": ["interactable_crate"]
            }
          ]
        }
      ]
    },
    {
      "pos": [-0.438,0.438,1.063],
      "rot": [0.0,-2.0,1.0],
      "maxValue": 3.0,
      "types": ["interactable_crate"],
      "additionalParts": [
        {
          "pos": [-0.438,1.188,1.063],
          "rot": [0.0,9.0,3.0],
          "maxValue": 3.0,
          "types": ["interactable_crate"],
          "additionalParts": [
            {
              "pos": [-0.438,1.938,1.063],
              "rot": [3.0,-8.0,-3.0],
              "maxValue": 3.0,
              "types": ["interactable_crate"]
            }
          ]
        }
      ]
    },
    {
      "pos": [0.438,0.438,0.188],
      "rot": [0.0,3.0,0.0],
      "maxValue": 3.0,
      "types": ["interactable_crate"],
      "additionalParts": [
        {
          "pos": [0.438,1.188,0.188],
          "rot": [0.0,-7.0,0.0],
          "maxValue": 3.0,
          "types": ["interactable_crate"],
          "additionalParts": [
            {
              "pos": [0.438,1.938,0.188],
              "rot": [0.0,2.0,0.0],
              "maxValue": 3.0,
              "types": ["interactable_crate"]
            }
          ]
        }
      ]
    },
    {
      "pos": [-0.438,0.438,0.188],
      "rot": [-2.0,9.0,1.0],
      "maxValue": 3.0,
      "types": ["interactable_crate"],
      "additionalParts": [
        {
          "pos": [-0.438,1.188,0.188],
          "rot": [0.0,-10.0,2.0],
          "maxValue": 3.0,
          "types": ["interactable_crate"],
          "additionalParts": [
            {
              "pos": [-0.438,1.938,0.188],
              "rot": [0.0,-1.0,0.0],
              "maxValue": 3.0,
              "types": ["interactable_crate"]
            }
          ]
        }
      ]
    }
  ],
  "collision": [
    {
      "pos": [0.0,0.875,4.563],
      "width": 2.0,
      "height": 0.125
    },
    {
      "pos": [0.0,2.375,2.313],
      "width": 2.0,
      "height": 0.125
    },
    {
      "pos": [0.0,2.375,0.188],
      "width": 2.0,
      "height": 0.125
    },
    {
      "pos": [0.0,0.875,-0.75],
      "width": 0.063,
      "height": 0.125
    }
  ],
  "connectionGroups": [
    {
      "groupName": "HOOKUP",
      "hookup": true,
      "connections": [
        {
          "type": "tow_bumper",
          "pos": [0.0,-0.1,5.532],
          "distance": 0.0
        },
        {
          "type": "tow_bumper",
          "pos": [0.0,0.0,-0.938],
          "distance": 0.0
        },
        {
          "type": "tow_wheel",
          "pos": [0.0,-0.437,4.438],
          "distance": 0.0
        }
      ]
    },
    {
      "groupName": "TRAILER",
      "canIntiateConnections": true,
      "connections": [
        {
          "type": "trailer_standard",
          "pos": [0.0,0.0,-0.938],
          "distance": 0.0
        }
      ]
    }
  ],
  "instruments": [
    {
      "pos": [0.844,0.844,3.524],
      "rot": [0.0,0.0,0.0],
      "scale": 0.015625,
      "hudX": 80,
      "hudY": 36,
      "hudScale": 0.25
    },
    {
      "pos": [0.688,0.844,3.524],
      "rot": [0.0,0.0,0.0],
      "scale": 0.015625,
      "hudX": 160,
      "hudY": 36,
      "hudScale": 0.5
    },
    {
      "pos": [0.438,0.844,3.524],
      "rot": [0.0,0.0,0.0],
      "scale": 0.015625,
      "hudX": 240,
      "hudY": 36,
      "hudScale": 0.5
    },
    {
      "pos": [0.281,0.844,3.524],
      "rot": [0.0,0.0,0.0],
      "scale": 0.015625,
      "hudX": 320,
      "hudY": 36,
      "hudScale": 0.25
    }
  ],
  "definitions": [
    {
      "subName": "_blue",
      "name": "Trin Travanner N",
      "extraMaterials": ["minecraft:dye:4:5"]
    },
    {
      "subName": "_brown",
      "name": "Trin Travanner N",
      "extraMaterials": ["minecraft:dye:3:5"]
    },
    {
      "subName": "_light_blue",
      "name": "Trin Travanner N",
      "extraMaterials": ["minecraft:dye:12:5"]
    },
    {
      "subName": "_light_gray",
      "name": "Trin Travanner N",
      "extraMaterials": ["minecraft:dye:7:5"]
    },
    {
      "subName": "_olive",
      "name": "Trin Travanner N",
      "extraMaterials": ["minecraft:dye:2:5"]
    },
    {
      "subName": "_red",
      "name": "Trin Travanner N",
      "extraMaterials": ["minecraft:dye:1:5"]
    },
    {
      "subName": "_pure_black",
      "name": "Trin Travanner N",
      "extraMaterials": ["minecraft:dye:0:10"]
    },
    {
      "subName": "_pure_white",
      "name": "Trin Travanner N",
      "extraMaterials": ["minecraft:dye:15:10"]
    },
    {
      "subName": "_diamond",
      "name": "Trin Travanner N",
      "extraMaterials": ["minecraft:dye:12:4","minecraft:diamond:0:1"]
    }
  ],
  "rendering": {
    "textObjects": [
      {
        "pos": [0.0,0.0,5.532],
        "rot": [15.0,0.0,0.0],
        "scale": 0.13,
        "fieldName": "Text",
        "defaultText": "tcp-000",
        "maxLength": 7,
        "color": "#000000"
      },
      {
        "pos": [0.0,0.0,-0.938],
        "rot": [15.0,180.0,0.0],
        "scale": 0.13,
        "fieldName": "Text",
        "defaultText": "tcp-000",
        "maxLength": 7,
        "color": "#000000"
      }
    ],
    "animatedObjects": [
      {
        "objectName": "$gas",
        "animations": [
          {
            "animationType": "rotation",
            "variable": "throttle",
            "centerPoint": [0.0,0.125,3.688],
            "axis": [25.0,0.0,0.0]
          }
        ]
      },
      {
        "objectName": "$brake",
        "animations": [
          {
            "animationType": "rotation",
            "variable": "brake",
            "centerPoint": [0.0,0.125,3.688],
            "axis": [25.0,0.0,0.0]
          }
        ]
      },
      {
        "objectName": "$p_brake",
        "animations": [
          {
            "animationType": "rotation",
            "variable": "p_brake",
            "centerPoint": [0.0,0.188,3.656],
            "axis": [30.0,0.0,0.0]
          }
        ]
      },
      {
        "objectName": "$shift",
        "animations": [
          {
            "animationType": "rotation",
            "variable": "engine_gearshift_1",
            "centerPoint": [0.0,0.25,3.75],
            "axis": [1.0,0.0,0.0]
          }
        ]
      },
      {
        "objectName": "$steer",
        "animations": [
          {
            "animationType": "rotation",
            "variable": "rudder",
            "centerPoint": [0.563,0.906,3.438],
            "axis": [-0.0,-0.0,1.0]
          }
        ]
      },
      {
        "objectName": "$doorFL",
        "animations": [
          {
            "animationType": "rotation",
            "variable": "door",
            "centerPoint": [1.25,1.0,3.813],
            "axis": [0.0,-60.0,0.0],
            "duration": 30
          }
        ]
      },
      {
        "objectName": "$doorwindowFL",
        "animations": [
          {
            "animationType": "rotation",
            "variable": "door",
            "centerPoint": [1.25,1.0,3.813],
            "axis": [0.0,-60.0,0.0],
            "duration": 30
          }
        ]
      },
      {
        "objectName": "$doorFR",
        "animations": [
          {
            "animationType": "rotation",
            "variable": "door",
            "centerPoint": [-1.25,1.0,3.813],
            "axis": [0.0,60.0,0.0],
            "duration": 30
          }
        ]
      },
      {
        "objectName": "$doorwindowFR",
        "animations": [
          {
            "animationType": "rotation",
            "variable": "door",
            "centerPoint": [-1.25,1.0,3.813],
            "axis": [0.0,60.0,0.0],
            "duration": 30
          }
        ]
      },
      {
        "objectName": "$hood",
        "animations": [
          {
            "animationType": "rotation",
            "variable": "hood",
            "centerPoint": [0.0,1.0,3.875],
            "axis": [-60.0,0.0,0.0]
          }
        ]
      },
      {
        "objectName": "$bootR",
        "animations": [
          {
            "animationType": "rotation",
            "variable": "door",
            "centerPoint": [-0.875,1.0,-0.875],
            "axis": [0.0,120.0,0.0],
            "duration": 30
          }
        ]
      },
      {
        "objectName": "$bootRwindow",
        "animations": [
          {
            "animationType": "rotation",
            "variable": "door",
            "centerPoint": [-0.875,1.0,-0.875],
            "axis": [0.0,120.0,0.0],
            "duration": 30
          }
        ]
      },
      {
        "objectName": "$bootL",
        "animations": [
          {
            "animationType": "rotation",
            "variable": "door",
            "centerPoint": [0.875,1.0,-0.875],
            "axis": [0.0,-120.0,0.0],
            "duration": 30
          }
        ]
      },
      {
        "objectName": "$bootLwindow",
        "animations": [
          {
            "animationType": "rotation",
            "variable": "door",
            "centerPoint": [0.875,1.0,-0.875],
            "axis": [0.0,-120.0,0.0],
            "duration": 30
          }
        ]
      }
    ],
    "sounds": [
      {
        "name": "iv_tcp:horn_1",
        "activeAnimations": [
          {
            "animationType": "visibility",
            "variable": "horn",
            "clampMin": 1.0,
            "clampMax": 1.0
          }
        ],
        "looping": true
      }
    ],
    "particles": []
  },
  "prefixFolders": "",
  "packID": "iv_tcp",
  "systemName": "trin_travanner_n",
  "classification": "vehicle",
  "general": {
    "description": "Recommended parts:\nAverage Sized Wheels\ni4 Engine\nModel 1 Seats",
    "materials": ["iv_tcp:pile_of_v2_junk:0:6"]
  }
}
