{
  "motorized": {
    "isFrontWheelDrive": true,
    "isRearWheelDrive": true,
    "hasAutopilot": true,
    "emptyMass": 3490,
    "fuelCapacity": 50000,
    "axleRatio": 4.38,
    "dragCoefficient": 0.6,
    "brakingFactor": 1.8,
    "downForce": 0.35,
    "overSteer": 4,
    "maxTiltAngle": -3
  },
  "parts": [
    {
      "pos": [1.375,0.0,-1.5],
      "minValue": 0.99,
      "maxValue": 1.26,
      "types": ["ground_wheel"]
    },
    {
      "pos": [-1.375,0.0,-1.5],
      "minValue": 0.99,
      "maxValue": 1.26,
      "types": ["ground_wheel"]
    },
    {
      "pos": [1.375,0.0,0.0],
      "minValue": 0.99,
      "maxValue": 1.26,
      "types": ["ground_wheel"]
    },
    {
      "pos": [-1.375,0.0,0.0],
      "minValue": 0.99,
      "maxValue": 1.26,
      "types": ["ground_wheel"]
    },
    {
      "pos": [0.9375,0.0,-1.5],
      "minValue": 0.99,
      "maxValue": 1.26,
      "types": ["ground_wheel"]
    },
    {
      "pos": [-0.9375,0.0,-1.5],
      "minValue": 0.99,
      "maxValue": 1.26,
      "types": ["ground_wheel"]
    },
    {
      "pos": [0.9375,0.0,0.0],
      "minValue": 0.99,
      "maxValue": 1.26,
      "types": ["ground_wheel"]
    },
    {
      "pos": [-0.9375,0.0,0.0],
      "minValue": 0.99,
      "maxValue": 1.26,
      "types": ["ground_wheel"]
    },
    {
      "pos": [1.25,0.0,5.625],
      "turnsWithSteer": true,
      "minValue": 0.99,
      "maxValue": 1.26,
      "types": ["ground_wheel"],
      "animations": [
        {
          "animationType": "rotation",
          "variable": "rudder",
          "centerPoint": [0.0,0.0,0.0],
          "axis": [0.0,-1.0,0.0]
        }
      ]
    },
    {
      "pos": [-1.25,0.0,5.625],
      "turnsWithSteer": true,
      "minValue": 0.99,
      "maxValue": 1.26,
      "types": ["ground_wheel"],
      "animations": [
        {
          "animationType": "rotation",
          "variable": "rudder",
          "centerPoint": [0.0,0.0,0.0],
          "axis": [0.0,-1.0,0.0]
        }
      ]
    },
    {
      "pos": [0.6875,1.1,3.625],
      "rot": [0.0,0.0,0.0],
      "dismountPos": [1.6875,1.0,3.625],
      "isController": true,
      "types": ["seat"],
      "linkedDoors": ["door_fl"]
    },
    {
      "pos": [-0.6875,1.1,3.625],
      "rot": [0.0,0.0,0.0],
      "dismountPos": [-1.6875,1.0,3.625],
      "types": ["seat"],
      "additionalParts": [
        {
          "pos": [-0.6875,1.2,3.625],
          "rot": [0.0,90.0,0.0],
          "maxValue": 2.0,
          "types": ["interactable_luggage"]
        }
      ],
      "linkedDoors": ["door_fr"]
    },
    {
      "pos": [0.6875,1.1,2.4375],
      "rot": [0.0,0.0,0.0],
      "dismountPos": [1.6875,1.0,2.4375],
      "types": ["seat"],
      "additionalParts": [
        {
          "pos": [0.6875,1.2,2.4375],
          "rot": [0.0,90.0,0.0],
          "maxValue": 2.0,
          "types": ["interactable_luggage"]
        }
      ],
      "linkedDoors": ["door_rl"]
    },
    {
      "pos": [-0.6875,1.1,2.4375],
      "rot": [0.0,0.0,0.0],
      "dismountPos": [-1.6875,1.0,2.4375],
      "types": ["seat"],
      "additionalParts": [
        {
          "pos": [-0.6875,1.2,2.4375],
          "rot": [0.0,90.0,0.0],
          "maxValue": 2.0,
          "types": ["interactable_luggage"]
        }
      ],
      "linkedDoors": ["door_rr"]
    },
    {
      "pos": [0.6875,1.1,1.25],
      "rot": [0.0,0.0,0.0],
      "dismountPos": [1.6875,1.0,1.25],
      "types": ["seat"],
      "additionalParts": [
        {
          "pos": [0.6875,1.2,1.25],
          "rot": [0.0,90.0,0.0],
          "maxValue": 2.0,
          "types": ["interactable_luggage"]
        }
      ],
      "linkedDoors": ["door_rl"]
    },
    {
      "pos": [-0.6875,1.1,1.25],
      "rot": [0.0,0.0,0.0],
      "dismountPos": [-1.6875,1.0,1.25],
      "types": ["seat"],
      "additionalParts": [
        {
          "pos": [-0.6875,1.2,1.25],
          "rot": [0.0,90.0,0.0],
          "maxValue": 2.0,
          "types": ["interactable_luggage"]
        }
      ],
      "linkedDoors": ["door_rr"]
    },
    {
      "pos": [0.0,0.5625,4.625],
      "rot": [0.0,0.0,0.0],
      "maxValue": 1.01,
      "types": ["engine_car"],
      "linkedDoors": ["door_hood"]
    },
    {
      "pos": [0.0,0.625,7.07813],
      "maxValue": 3.0,
      "defaultPart": "iv_tpp:plate_gramados",
      "types": ["generic_licenseplate_us","generic_licenseplate_euro"]
    },
    {
      "pos": [0.0,0.53125,-3.45313],
      "rot": [0.0,180.0,0.0],
      "maxValue": 3.0,
      "defaultPart": "iv_tpp:plate_gramados",
      "types": ["generic_licenseplate_us","generic_licenseplate_euro"]
    },
    {
      "pos": [1.0,1.4375,0.0625],
      "rot": [0.0,-90.0,0.0],
      "types": ["seat_invisible"]
    },
    {
      "pos": [-1.0,1.4375,0.0625],
      "rot": [0.0,90.0,0.0],
      "types": ["seat_invisible"]
    },
    {
      "pos": [1.0,1.4375,-0.8125],
      "rot": [0.0,-90.0,0.0],
      "types": ["seat_invisible"]
    },
    {
      "pos": [-1.0,1.4375,-0.8125],
      "rot": [0.0,90.0,0.0],
      "types": ["seat_invisible"]
    },
    {
      "pos": [1.0,1.4375,-1.6875],
      "rot": [0.0,-90.0,0.0],
      "types": ["seat_invisible"]
    },
    {
      "pos": [-1.0,1.4375,-1.6875],
      "rot": [0.0,90.0,0.0],
      "types": ["seat_invisible"]
    },
    {
      "pos": [0.0,2.6875,4.21875],
      "maxValue": 3.0,
      "types": ["generic_lightbar","generic_roofdevice"]
    },
    {
      "pos": [0.0,2.6875,2.84375],
      "maxValue": 3.0,
      "types": ["generic_lightbar","generic_roofdevice"]
    },
    {
      "pos": [0.0,2.6875,1.03125],
      "maxValue": 3.0,
      "types": ["generic_lightbar","generic_roofdevice"]
    },
    {
      "pos": [0.0,2.75,0.4375],
      "maxValue": 3.0,
      "types": ["generic_lightbar","generic_roofdevice"]
    },
    {
      "pos": [0.0,0.625,7.0625],
      "maxValue": 2.0,
      "types": ["generic_bullbar"]
    },
    {
      "pos": [-0.875,1.0625,7.13125],
      "rot": [0.0,180.0,0.0],
      "maxValue": 1.0,
      "types": ["generic_bumpersticker"]
    },
    {
      "pos": [0.875,1.0625,7.13125],
      "rot": [0.0,180.0,0.0],
      "maxValue": 1.0,
      "types": ["generic_bumpersticker"]
    },
    {
      "pos": [0.0,1.0625,7.13125],
      "rot": [0.0,180.0,0.0],
      "maxValue": 1.0,
      "types": ["generic_bumpersticker"]
    },
    {
      "pos": [1.125,0.53125,-3.41875],
      "rot": [0.0,-7.0,0.0],
      "maxValue": 1.0,
      "types": ["generic_bumpersticker"]
    },
    {
      "pos": [-1.125,0.53125,-3.41875],
      "rot": [0.0,7.0,0.0],
      "maxValue": 1.0,
      "types": ["generic_bumpersticker"]
    },
    {
      "pos": [1.28125,1.6875,6.6875],
      "maxValue": 3.0,
      "types": ["generic_flag_small"]
    },
    {
      "pos": [-1.28125,1.6875,6.6875],
      "maxValue": 3.0,
      "types": ["generic_flag_small"]
    },
    {
      "pos": [1.03125,2.6875,4.125],
      "maxValue": 3.0,
      "types": ["generic_flag_small"]
    },
    {
      "pos": [-1.03125,2.6875,4.125],
      "maxValue": 3.0,
      "types": ["generic_flag_small"]
    },
    {
      "pos": [1.03125,2.6875,1.125],
      "maxValue": 3.0,
      "types": ["generic_flag_small"]
    },
    {
      "pos": [-1.03125,2.6875,1.125],
      "maxValue": 3.0,
      "types": ["generic_flag_small"]
    }
  ],
  "collision": [
    {
      "pos": [0.0,1.625,6.0],
      "width": 2.0,
      "height": 0.125
    },
    {
      "pos": [0.0,2.6875,3.3125],
      "width": 2.0,
      "height": 0.125
    },
    {
      "pos": [0.0,2.6875,1.3125],
      "width": 2.0,
      "height": 0.125
    },
    {
      "pos": [0.0,1.0625,-0.25],
      "width": 2.0,
      "height": 0.125
    },
    {
      "pos": [0.0,1.0625,-2.25],
      "width": 2.0,
      "height": 0.125
    },
    {
      "pos": [0.9375,0.7,-1.5],
      "width": 0.125,
      "height": 0.125
    },
    {
      "pos": [-0.9375,0.7,-1.5],
      "width": 0.125,
      "height": 0.125
    },
    {
      "pos": [0.9375,0.7,0.0],
      "width": 0.125,
      "height": 0.125
    },
    {
      "pos": [-0.9375,0.7,0.0],
      "width": 0.125,
      "height": 0.125
    },
    {
      "pos": [1.25,0.7,5.625],
      "width": 0.125,
      "height": 0.125
    },
    {
      "pos": [-1.25,0.7,5.625],
      "width": 0.125,
      "height": 0.125
    }
  ],
  "doors": [
    {
      "name": "door_fl",
      "closedPos": [1.3125,1.59375,4.15625],
      "openPos": [1.75,1.59375,4.40625],
      "width": 0.3125,
      "height": 0.125,
      "closeOnMovement": true,
      "activateOnSeated": true
    },
    {
      "name": "door_fr",
      "closedPos": [-1.3125,1.59375,4.15625],
      "openPos": [-1.75,1.59375,4.40625],
      "width": 0.3125,
      "height": 0.125,
      "closeOnMovement": true,
      "activateOnSeated": true
    },
    {
      "name": "door_fl",
      "closedPos": [1.3125,1.53125,3.25],
      "openPos": [2.5625,1.53125,3.9375],
      "width": 0.3125,
      "height": 0.125,
      "closeOnMovement": true,
      "activateOnSeated": true
    },
    {
      "name": "door_fr",
      "closedPos": [-1.3125,1.53125,3.25],
      "openPos": [-2.5625,1.53125,3.9375],
      "width": 0.3125,
      "height": 0.125,
      "closeOnMovement": true,
      "activateOnSeated": true
    },
    {
      "name": "door_rl",
      "closedPos": [1.3125,1.53125,1.6875],
      "openPos": [2.4375,1.53125,2.25],
      "width": 0.3125,
      "height": 0.125,
      "closeOnMovement": true,
      "activateOnSeated": true
    },
    {
      "name": "door_rl",
      "closedPos": [1.3125,1.59375,2.59375],
      "openPos": [1.625,1.59375,2.71875],
      "width": 0.3125,
      "height": 0.125,
      "closeOnMovement": true,
      "activateOnSeated": true
    },
    {
      "name": "door_rr",
      "closedPos": [-1.3125,1.53125,1.6875],
      "openPos": [-2.4375,1.53125,2.25],
      "width": 0.3125,
      "height": 0.125,
      "closeOnMovement": true,
      "activateOnSeated": true
    },
    {
      "name": "door_rr",
      "closedPos": [-1.3125,1.59375,2.59375],
      "openPos": [-1.625,1.59375,2.71875],
      "width": 0.3125,
      "height": 0.125,
      "closeOnMovement": true,
      "activateOnSeated": true
    },
    {
      "name": "door_hood",
      "closedPos": [0.0,1.75,6.25],
      "openPos": [0.0,2.8125,5.6875],
      "width": 1.0,
      "height": 0.5
    },
    {
      "name": "door_boot",
      "closedPos": [0.0,1.53125,-3.25],
      "openPos": [0.0,0.84375,-4.0625],
      "width": 0.3125,
      "height": 0.125,
      "closedByDefault": true,
      "activateOnSeated": true
    }
  ],
  "connectionGroups": [
    {
      "groupName": "HOOKUP",
      "hookup": true,
      "connections": [
        {
          "type": "tow_bumper_heavy",
          "pos": [0.0,0.5,6.5625],
          "distance": 0.0
        },
        {
          "type": "tow_bumper_heavy",
          "pos": [0.0,0.5,-3.125],
          "distance": 0.0
        },
        {
          "type": "tow_wheel_heavy",
          "pos": [0.0,-0.625,5.625],
          "distance": 0.0
        }
      ]
    },
    {
      "groupName": "TRAILER",
      "canIntiateConnections": true,
      "connections": [
        {
          "type": "trailer_standard",
          "pos": [0.0,0.5,-3.125],
          "distance": 0.0
        }
      ]
    }
  ],
  "instruments": [
    {
      "pos": [0.90625,1.6125,4.29625],
      "rot": [0.0,0.0,0.0],
      "scale": 0.015625,
      "hudX": 80,
      "hudY": 36,
      "hudScale": 0.25
    },
    {
      "pos": [0.8125,1.75,4.29625],
      "rot": [0.0,0.0,0.0],
      "scale": 0.015625,
      "hudX": 160,
      "hudY": 36,
      "hudScale": 0.5
    },
    {
      "pos": [0.5625,1.75,4.29625],
      "rot": [0.0,0.0,0.0],
      "scale": 0.015625,
      "hudX": 240,
      "hudY": 36,
      "hudScale": 0.5
    },
    {
      "pos": [0.46875,1.6125,4.29625],
      "rot": [0.0,0.0,0.0],
      "scale": 0.015625,
      "hudX": 320,
      "hudY": 36,
      "hudScale": 0.25
    }
  ],
  "definitions": [
    {
      "subName": "_redandblack_g",
      "name": "Trin Gobig TXS Pickup 6x6 - Red & Black Paint, Gray Interior",
      "extraMaterials": ["mts:iv_tpp.paint_double_bucket_redandblack:0:1","minecraft:wool:7:2","minecraft:wool:8:3"]
    },
    {
      "subName": "_redandblack_w",
      "name": "Trin Gobig TXS Pickup 6x6 - Red & Black Paint, White Interior",
      "extraMaterials": ["mts:iv_tpp.paint_double_bucket_redandblack:0:1","minecraft:wool:8:2","minecraft:wool:0:3"]
    },
    {
      "subName": "_redandblack_r",
      "name": "Trin Gobig TXS Pickup 6x6 - Red & Black Paint, Red Interior",
      "extraMaterials": ["mts:iv_tpp.paint_double_bucket_redandblack:0:1","minecraft:wool:7:2","minecraft:wool:14:3"]
    },
    {
      "subName": "_redandblack_t",
      "name": "Trin Gobig TXS Pickup 6x6 - Red & Black Paint, Tan Interior",
      "extraMaterials": ["mts:iv_tpp.paint_double_bucket_redandblack:0:1","minecraft:wool:4:2","minecraft:wool:0:3"]
    },
    {
      "subName": "_steelblueandteal_g",
      "name": "Trin Gobig TXS Pickup 6x6 - Steel Blue & Teal Paint, Gray Interior",
      "extraMaterials": ["mts:iv_tpp.paint_double_bucket_steelblueandteal:0:1","minecraft:wool:7:2","minecraft:wool:8:3"]
    },
    {
      "subName": "_steelblueandteal_w",
      "name": "Trin Gobig TXS Pickup 6x6 - Steel Blue & Teal Paint, White Interior",
      "extraMaterials": ["mts:iv_tpp.paint_double_bucket_steelblueandteal:0:1","minecraft:wool:8:2","minecraft:wool:0:3"]
    },
    {
      "subName": "_steelblueandteal_r",
      "name": "Trin Gobig TXS Pickup 6x6 - Steel Blue & Teal Paint, Red Interior",
      "extraMaterials": ["mts:iv_tpp.paint_double_bucket_steelblueandteal:0:1","minecraft:wool:7:2","minecraft:wool:14:3"]
    },
    {
      "subName": "_steelblueandteal_t",
      "name": "Trin Gobig TXS Pickup 6x6 - Steel Blue & Teal Paint, Tan Interior",
      "extraMaterials": ["mts:iv_tpp.paint_double_bucket_steelblueandteal:0:1","minecraft:wool:4:2","minecraft:wool:0:3"]
    },
    {
      "subName": "_bubblegum_g",
      "name": "Trin Gobig TXS Pickup 6x6 - Bubblegum Paint, Gray Interior",
      "extraMaterials": ["mts:iv_tpp.paint_double_bucket_bubblegum:0:1","minecraft:wool:7:2","minecraft:wool:8:3"]
    },
    {
      "subName": "_bubblegum_w",
      "name": "Trin Gobig TXS Pickup 6x6 - Bubblegum Paint, White Interior",
      "extraMaterials": ["mts:iv_tpp.paint_double_bucket_bubblegum:0:1","minecraft:wool:8:2","minecraft:wool:0:3"]
    },
    {
      "subName": "_bubblegum_r",
      "name": "Trin Gobig TXS Pickup 6x6 - Bubblegum Paint, Red Interior",
      "extraMaterials": ["mts:iv_tpp.paint_double_bucket_bubblegum:0:1","minecraft:wool:7:2","minecraft:wool:14:3"]
    },
    {
      "subName": "_bubblegum_t",
      "name": "Trin Gobig TXS Pickup 6x6 - Bubblegum Paint, Tan Interior",
      "extraMaterials": ["mts:iv_tpp.paint_double_bucket_bubblegum:0:1","minecraft:wool:4:2","minecraft:wool:0:3"]
    },
    {
      "subName": "_pureblack_g",
      "name": "Trin Gobig TXS Pickup 6x6 - Pure Black Paint, Gray Interior",
      "extraMaterials": ["mts:iv_tpp.paint_bucket_pureblack:0:1","minecraft:wool:7:2","minecraft:wool:8:3"]
    },
    {
      "subName": "_pureblack_w",
      "name": "Trin Gobig TXS Pickup 6x6 - Pure Black Paint, White Interior",
      "extraMaterials": ["mts:iv_tpp.paint_bucket_pureblack:0:1","minecraft:wool:8:2","minecraft:wool:0:3"]
    },
    {
      "subName": "_pureblack_r",
      "name": "Trin Gobig TXS Pickup 6x6 - Pure Black Paint, Red Interior",
      "extraMaterials": ["mts:iv_tpp.paint_bucket_pureblack:0:1","minecraft:wool:7:2","minecraft:wool:14:3"]
    },
    {
      "subName": "_pureblack_t",
      "name": "Trin Gobig TXS Pickup 6x6 - Pure Black Paint, Tan Interior",
      "extraMaterials": ["mts:iv_tpp.paint_bucket_pureblack:0:1","minecraft:wool:4:2","minecraft:wool:0:3"]
    },
    {
      "subName": "_softgreen_g",
      "name": "Trin Gobig TXS Pickup 6x6 - Soft Green Paint, Gray Interior",
      "extraMaterials": ["mts:iv_tpp.paint_bucket_softgreen:0:1","minecraft:wool:7:2","minecraft:wool:8:3"]
    },
    {
      "subName": "_softgreen_w",
      "name": "Trin Gobig TXS Pickup 6x6 - Soft Green Paint, White Interior",
      "extraMaterials": ["mts:iv_tpp.paint_bucket_softgreen:0:1","minecraft:wool:8:2","minecraft:wool:0:3"]
    },
    {
      "subName": "_softgreen_r",
      "name": "Trin Gobig TXS Pickup 6x6 - Soft Green Paint, Red Interior",
      "extraMaterials": ["mts:iv_tpp.paint_bucket_softgreen:0:1","minecraft:wool:7:2","minecraft:wool:14:3"]
    },
    {
      "subName": "_softgreen_t",
      "name": "Trin Gobig TXS Pickup 6x6 - Soft Green Paint, Tan Interior",
      "extraMaterials": ["mts:iv_tpp.paint_bucket_softgreen:0:1","minecraft:wool:4:2","minecraft:wool:0:3"]
    },
    {
      "subName": "_irongray_g",
      "name": "Trin Gobig TXS Pickup 6x6 - Iron Gray Paint, Gray Interior",
      "extraMaterials": ["mts:iv_tpp.paint_bucket_irongray:0:1","minecraft:wool:7:2","minecraft:wool:8:3"]
    },
    {
      "subName": "_irongray_w",
      "name": "Trin Gobig TXS Pickup 6x6 - Iron Gray Paint, White Interior",
      "extraMaterials": ["mts:iv_tpp.paint_bucket_irongray:0:1","minecraft:wool:8:2","minecraft:wool:0:3"]
    },
    {
      "subName": "_irongray_r",
      "name": "Trin Gobig TXS Pickup 6x6 - Iron Gray Paint, Red Interior",
      "extraMaterials": ["mts:iv_tpp.paint_bucket_irongray:0:1","minecraft:wool:7:2","minecraft:wool:14:3"]
    },
    {
      "subName": "_irongray_t",
      "name": "Trin Gobig TXS Pickup 6x6 - Iron Gray Paint, Tan Interior",
      "extraMaterials": ["mts:iv_tpp.paint_bucket_irongray:0:1","minecraft:wool:4:2","minecraft:wool:0:3"]
    },
    {
      "subName": "_purewhite_g",
      "name": "Trin Gobig TXS Pickup 6x6 - Pure White Paint, Gray Interior",
      "extraMaterials": ["mts:iv_tpp.paint_bucket_purewhite:0:1","minecraft:wool:7:2","minecraft:wool:8:3"]
    },
    {
      "subName": "_purewhite_w",
      "name": "Trin Gobig TXS Pickup 6x6 - Pure White Paint, White Interior",
      "extraMaterials": ["mts:iv_tpp.paint_bucket_purewhite:0:1","minecraft:wool:8:2","minecraft:wool:0:3"]
    },
    {
      "subName": "_purewhite_r",
      "name": "Trin Gobig TXS Pickup 6x6 - Pure White Paint, Red Interior",
      "extraMaterials": ["mts:iv_tpp.paint_bucket_purewhite:0:1","minecraft:wool:7:2","minecraft:wool:14:3"]
    },
    {
      "subName": "_purewhite_t",
      "name": "Trin Gobig TXS Pickup 6x6 - Pure White Paint, Tan Interior",
      "extraMaterials": ["mts:iv_tpp.paint_bucket_purewhite:0:1","minecraft:wool:4:2","minecraft:wool:0:3"]
    },
    {
      "subName": "_sunshineyellow_g",
      "name": "Trin Gobig TXS Pickup 6x6 - Sunshine Yellow Paint, Gray Interior",
      "extraMaterials": ["mts:iv_tpp.paint_bucket_sunshineyellow:0:1","minecraft:wool:7:2","minecraft:wool:8:3"]
    },
    {
      "subName": "_sunshineyellow_w",
      "name": "Trin Gobig TXS Pickup 6x6 - Sunshine Yellow Paint, White Interior",
      "extraMaterials": ["mts:iv_tpp.paint_bucket_sunshineyellow:0:1","minecraft:wool:8:2","minecraft:wool:0:3"]
    },
    {
      "subName": "_sunshineyellow_r",
      "name": "Trin Gobig TXS Pickup 6x6 - Sunshine Yellow Paint, Red Interior",
      "extraMaterials": ["mts:iv_tpp.paint_bucket_sunshineyellow:0:1","minecraft:wool:7:2","minecraft:wool:14:3"]
    },
    {
      "subName": "_sunshineyellow_t",
      "name": "Trin Gobig TXS Pickup 6x6 - Sunshine Yellow Paint, Tan Interior",
      "extraMaterials": ["mts:iv_tpp.paint_bucket_sunshineyellow:0:1","minecraft:wool:4:2","minecraft:wool:0:3"]
    },
    {
      "subName": "_bloodred_g",
      "name": "Trin Gobig TXS Pickup 6x6 - Blood Red Paint, Gray Interior",
      "extraMaterials": ["mts:iv_tpp.paint_bucket_bloodred:0:1","minecraft:wool:7:2","minecraft:wool:8:3"]
    },
    {
      "subName": "_bloodred_w",
      "name": "Trin Gobig TXS Pickup 6x6 - Blood Red Paint, White Interior",
      "extraMaterials": ["mts:iv_tpp.paint_bucket_bloodred:0:1","minecraft:wool:8:2","minecraft:wool:0:3"]
    },
    {
      "subName": "_bloodred_r",
      "name": "Trin Gobig TXS Pickup 6x6 - Blood Red Paint, Red Interior",
      "extraMaterials": ["mts:iv_tpp.paint_bucket_bloodred:0:1","minecraft:wool:7:2","minecraft:wool:14:3"]
    },
    {
      "subName": "_bloodred_t",
      "name": "Trin Gobig TXS Pickup 6x6 - Blood Red Paint, Tan Interior",
      "extraMaterials": ["mts:iv_tpp.paint_bucket_bloodred:0:1","minecraft:wool:4:2","minecraft:wool:0:3"]
    },
    {
      "subName": "_harlequin_g",
      "name": "Trin Gobig TXS Pickup 6x6 - Harlequin Paint, Gray Interior",
      "extraMaterials": ["mts:iv_tpp.paint_bucket_vibrantred:0:1","mts:iv_tpp.paint_bucket_oceanblue:0:1","mts:iv_tpp.paint_bucket_sunshineyellow:0:1","mts:iv_tpp.paint_bucket_turquoise:0:1","minecraft:wool:7:2","minecraft:wool:8:3"]
    }
  ],
  "rendering": {
    "textObjects": [],
    "animatedObjects": [
      {
        "objectName": "steer",
        "animations": [
          {
            "animationType": "rotation",
            "variable": "rudder",
            "centerPoint": [0.6875,1.59375,4.1875],
            "axis": [0.0,0.0,1.0]
          }
        ]
      },
      {
        "objectName": "gas",
        "animations": [
          {
            "animationType": "rotation",
            "variable": "throttle",
            "centerPoint": [0.0,0.96875,4.5625],
            "axis": [-20.0,0.0,0.0]
          }
        ]
      },
      {
        "objectName": "brake",
        "animations": [
          {
            "animationType": "rotation",
            "variable": "brake",
            "centerPoint": [0.0,0.96875,4.5625],
            "axis": [-20.0,0.0,0.0]
          }
        ]
      },
      {
        "objectName": "clutch",
        "animations": [
          {
            "animationType": "visibility",
            "variable": "engine_isautomatic_1"
          },
          {
            "animationType": "rotation",
            "variable": "clutch",
            "centerPoint": [0.0,0.96875,4.8125],
            "axis": [-20.0,0.0,0.0]
          }
        ]
      },
      {
        "objectName": "p_brake",
        "animations": [
          {
            "animationType": "rotation",
            "variable": "p_brake",
            "centerPoint": [0.0,0.75,3.59375],
            "axis": [-30.0,0.0,0.0]
          }
        ]
      },
      {
        "objectName": "shifter",
        "animations": [
          {
            "animationType": "rotation",
            "variable": "engine_gearshift_1",
            "centerPoint": [0.0,0.79688,4.09375],
            "axis": [1.0,0.0,0.0]
          }
        ]
      },
      {
        "objectName": "door_FR",
        "animations": [
          {
            "animationType": "rotation",
            "variable": "door_fr",
            "centerPoint": [-1.375,0.0,4.6875],
            "axis": [0.0,60.0,0.0],
            "duration": 20,
            "forwardsStartSound": "iv_tpp:dooropen",
            "reverseEndSound": "iv_tpp:doorclose"
          }
        ]
      },
      {
        "objectName": "doorwindow_FR",
        "applyAfter": "door_FR",
        "animations": []
      },
      {
        "objectName": "door_FL",
        "animations": [
          {
            "animationType": "rotation",
            "variable": "door_fl",
            "centerPoint": [1.375,0.0,4.6875],
            "axis": [0.0,-60.0,0.0],
            "duration": 20,
            "forwardsStartSound": "iv_tpp:dooropen",
            "reverseEndSound": "iv_tpp:doorclose"
          }
        ]
      },
      {
        "objectName": "doorwindow_FL",
        "applyAfter": "door_FL",
        "animations": []
      },
      {
        "objectName": "door_RR",
        "animations": [
          {
            "animationType": "rotation",
            "variable": "door_rr",
            "centerPoint": [-1.375,0.0,2.9375],
            "axis": [0.0,60.0,0.0],
            "duration": 20,
            "forwardsStartSound": "iv_tpp:dooropen",
            "reverseEndSound": "iv_tpp:doorclose"
          }
        ]
      },
      {
        "objectName": "doorwindow_RR",
        "applyAfter": "door_RR",
        "animations": []
      },
      {
        "objectName": "door_RL",
        "animations": [
          {
            "animationType": "rotation",
            "variable": "door_rl",
            "centerPoint": [1.375,0.0,2.9375],
            "axis": [0.0,-60.0,0.0],
            "duration": 20,
            "forwardsStartSound": "iv_tpp:dooropen",
            "reverseEndSound": "iv_tpp:doorclose"
          }
        ]
      },
      {
        "objectName": "doorwindow_RL",
        "applyAfter": "door_RL",
        "animations": []
      },
      {
        "objectName": "hood",
        "animations": [
          {
            "animationType": "rotation",
            "variable": "door_hood",
            "centerPoint": [0.0,1.75,5.125],
            "axis": [-60.0,0.0,0.0],
            "duration": 20,
            "forwardsStartSound": "iv_tpp:hoodopen",
            "reverseStartSound": "iv_tpp:hoodclose"
          }
        ]
      },
      {
        "objectName": "tailgate",
        "animations": [
          {
            "animationType": "rotation",
            "variable": "door_boot",
            "centerPoint": [0.0,0.75,-3.3125],
            "axis": [-90.0,0.0,0.0],
            "duration": 20,
            "forwardsStartSound": "iv_tpp:bootopen",
            "reverseEndSound": "iv_tpp:bootclose"
          }
        ]
      }
    ],
    "customVariables": [],
    "sounds": [
      {
        "name": "iv_tcp_v3:big_fat_horn_of_doom",
        "activeAnimations": [
          {
            "animationType": "visibility",
            "variable": "horn",
            "clampMin": 1.0,
            "clampMax": 1.0
          }
        ],
        "looping": true
      },
      {
        "name": "mts:air_brake_activating",
        "activeAnimations": [
          {
            "animationType": "visibility",
            "variable": "p_brake",
            "clampMin": 1.0,
            "clampMax": 1.0
          }
        ]
      },
      {
        "name": "mts:backup_beeper",
        "activeAnimations": [
          {
            "animationType": "visibility",
            "variable": "engine_gear_1",
            "clampMin": -10.0,
            "clampMax": -1.0
          }
        ],
        "looping": true
      }
    ],
    "particles": [
      {
        "type": "smoke",
        "activeAnimations": [
          {
            "animationType": "visibility",
            "variable": "engine_piston_1_4_cam_1",
            "clampMin": 1.0,
            "clampMax": 1.0
          }
        ],
        "color": "#D9D9D9",
        "transparency": 0.25,
        "toTransparency": 0.25,
        "scale": 1.0,
        "pos": [0.78125,0.375,-3.34375],
        "initialVelocity": [0.0,0.0,-1.0]
      },
      {
        "type": "smoke",
        "activeAnimations": [
          {
            "animationType": "visibility",
            "variable": "engine_backfired_1",
            "clampMin": 1.0,
            "clampMax": 1.0
          }
        ],
        "color": "#000000",
        "scale": 2.5,
        "pos": [0.78125,0.375,-3.34375],
        "initialVelocity": [0.0,0.0,-1.0],
        "quantity": 5
      },
      {
        "type": "smoke",
        "activeAnimations": [
          {
            "animationType": "visibility",
            "variable": "engine_piston_2_4_cam_1",
            "clampMin": 1.0,
            "clampMax": 1.0
          }
        ],
        "color": "#D9D9D9",
        "transparency": 0.25,
        "toTransparency": 0.25,
        "scale": 1.0,
        "pos": [-0.78125,0.375,-3.34375],
        "initialVelocity": [0.0,0.0,-1.0]
      },
      {
        "type": "smoke",
        "activeAnimations": [
          {
            "animationType": "visibility",
            "variable": "engine_backfired_1",
            "clampMin": 1.0,
            "clampMax": 1.0
          }
        ],
        "color": "#000000",
        "scale": 2.5,
        "pos": [-0.78125,0.375,-3.34375],
        "initialVelocity": [0.0,0.0,-1.0],
        "quantity": 5
      },
      {
        "type": "smoke",
        "activeAnimations": [
          {
            "animationType": "visibility",
            "variable": "engine_piston_3_4_cam_1",
            "clampMin": 1.0,
            "clampMax": 1.0
          }
        ],
        "color": "#D9D9D9",
        "transparency": 0.25,
        "toTransparency": 0.25,
        "scale": 1.0,
        "pos": [0.59375,0.375,-3.34375],
        "initialVelocity": [0.0,0.0,-1.0]
      },
      {
        "type": "smoke",
        "activeAnimations": [
          {
            "animationType": "visibility",
            "variable": "engine_backfired_1",
            "clampMin": 1.0,
            "clampMax": 1.0
          }
        ],
        "color": "#000000",
        "scale": 2.5,
        "pos": [0.59375,0.375,-3.34375],
        "initialVelocity": [0.0,0.0,-1.0],
        "quantity": 5
      },
      {
        "type": "smoke",
        "activeAnimations": [
          {
            "animationType": "visibility",
            "variable": "engine_piston_4_4_cam_1",
            "clampMin": 1.0,
            "clampMax": 1.0
          }
        ],
        "color": "#D9D9D9",
        "transparency": 0.25,
        "toTransparency": 0.25,
        "scale": 1.0,
        "pos": [-0.59375,0.375,-3.34375],
        "initialVelocity": [0.0,0.0,-1.0]
      },
      {
        "type": "smoke",
        "activeAnimations": [
          {
            "animationType": "visibility",
            "variable": "engine_backfired_1",
            "clampMin": 1.0,
            "clampMax": 1.0
          }
        ],
        "color": "#000000",
        "scale": 2.5,
        "pos": [-0.59375,0.375,-3.34375],
        "initialVelocity": [0.0,0.0,-1.0],
        "quantity": 5
      }
    ]
  },
  "prefixFolders": "c - high end/i - pickup/",
  "packID": "iv_tcp_v3",
  "systemName": "trin_gobig_txs_pickup_6x6",
  "classification": "vehicle",
  "general": {
    "description": "High End TXS 6*6 Pickup\n4 Doors, 6 Seats\n\nRecommended parts:\nGiant Sized Wheels (*10)\nHeavy V10 Engine\nModel 2 Seats",
    "materials": ["minecraft:iron_ingot:0:16","minecraft:iron_block:0:11","minecraft:glowstone_dust:0:16","minecraft:glass_pane:0:12","mts:iv_tpp.metal_pile_2:0:2","mts:iv_tpp.metal_pile_1:0:4","mts:iv_tpp.chassis_hd10_txs_l11m_t20_hv10:0:1"]
  }
}
