{
  "motorized": {
    "isFrontWheelDrive": true,
    "hasRunningLights": true,
    "hasHeadlights": true,
    "hasTurnSignals": true,
    "emptyMass": 4000,
    "fuelCapacity": 9000,
    "downForce": 0.65,
    "overSteer": 0.5,
    "underSteer": 3.5,
    "overSteerAccel": -2.5,
    "overSteerDecel": 1.5,
    "axleRatio": 3.45,
    "brakingFactor": 1.5,
    "maxTiltAngle": -3.5,
    "dragCoefficient": 0.6
  },
  "parts": [
    {
      "pos": [1.251,0.0,0.0],
      "minValue": 0.4,
      "maxValue": 1.1625,
      "types": ["ground_wheel"]
    },
    {
      "pos": [-1.251,0.0,0.0],
      "minValue": 0.4,
      "maxValue": 1.1625,
      "types": ["ground_wheel"]
    },
    {
      "pos": [1.251,0.0,6.0],
      "turnsWithSteer": true,
      "minValue": 0.4,
      "maxValue": 1.1625,
      "types": ["ground_wheel"],
      "animations": [
        {
          "animationType": "rotation",
          "variable": "rudder",
          "centerPoint": [0.0,0.0,0.0],
          "axis": [0.0,-1.0,0.0]
        }
      ]
    },
    {
      "pos": [-1.251,0.0,6.0],
      "turnsWithSteer": true,
      "minValue": 0.4,
      "maxValue": 1.1625,
      "types": ["ground_wheel"],
      "animations": [
        {
          "animationType": "rotation",
          "variable": "rudder",
          "centerPoint": [0.0,0.0,0.0],
          "axis": [0.0,-1.0,0.0]
        }
      ]
    },
    {
      "pos": [-1.0,0.9375,4.3125],
      "types": ["seat"]
    },
    {
      "pos": [1.0,0.9375,4.3125],
      "isController": true,
      "types": ["seat"]
    },
    {
      "pos": [0.0,0.125,5.5],
      "maxValue": 2.0,
      "types": ["engine_car"]
    },
    {
      "pos": [0.0,3.1875,3.6875],
      "maxValue": 3.0,
      "types": ["generic_roofdevice"]
    },
    {
      "pos": [-0.5625,3.1875,2.1875],
      "maxValue": 3.0,
      "types": ["interactable_crate_roof"]
    },
    {
      "pos": [0.5625,3.1875,2.1875],
      "maxValue": 3.0,
      "types": ["interactable_crate_roof"]
    },
    {
      "pos": [-0.5625,3.1875,-0.0625],
      "maxValue": 3.0,
      "types": ["interactable_crate_roof"]
    },
    {
      "pos": [0.5625,3.1875,-0.0625],
      "maxValue": 3.0,
      "types": ["interactable_crate_roof"]
    },
    {
      "pos": [0.0,3.1875,3.9375],
      "maxValue": 3.0,
      "types": ["generic_lightbar"]
    },
    {
      "pos": [0.0,0.20313,7.125],
      "maxValue": 2.0,
      "types": ["generic_bullbar"]
    },
    {
      "pos": [-1.0,1.125,-0.935],
      "maxValue": 3.0,
      "types": ["seat_furniture","interactable_furniture","generic_furniture"]
    },
    {
      "pos": [-1.0,1.125,0.065],
      "rot": [0.0,180.0,0.0],
      "maxValue": 3.0,
      "types": ["seat_furniture","interactable_furniture","generic_furniture"]
    },
    {
      "pos": [-1.0,2.125,0.065],
      "rot": [0.0,90.0,0.0],
      "maxValue": 3.0,
      "types": ["seat_furniture","interactable_furniture","generic_furniture"]
    },
    {
      "pos": [-1.0,2.125,-0.135],
      "rot": [0.0,90.0,0.0],
      "maxValue": 3.0,
      "types": ["seat_furniture","interactable_furniture","generic_furniture"]
    },
    {
      "pos": [-1.0,1.125,0.065],
      "rot": [0.0,90.0,0.0],
      "maxValue": 3.0,
      "types": ["seat_furniture","interactable_furniture","generic_furniture"]
    },
    {
      "pos": [-1.0,2.125,0.065],
      "rot": [0.0,90.0,0.0],
      "maxValue": 3.0,
      "types": ["seat_furniture","interactable_furniture","generic_furniture"]
    },
    {
      "pos": [-1.0,0.625,1.065],
      "rot": [0.0,90.0,0.0],
      "maxValue": 3.0,
      "types": ["seat_furniture","interactable_furniture","generic_furniture"]
    },
    {
      "pos": [-1.0,1.625,1.065],
      "rot": [0.0,90.0,0.0],
      "maxValue": 3.0,
      "types": ["seat_furniture","interactable_furniture","generic_furniture"]
    },
    {
      "pos": [-1.0,2.625,1.065],
      "rot": [0.0,90.0,0.0],
      "maxValue": 3.0,
      "types": ["seat_furniture","interactable_furniture","generic_furniture"]
    },
    {
      "pos": [-1.0,0.625,2.065],
      "rot": [0.0,90.0,0.0],
      "maxValue": 3.0,
      "types": ["seat_furniture","interactable_furniture","generic_furniture"]
    },
    {
      "pos": [-1.0,1.625,2.065],
      "rot": [0.0,90.0,0.0],
      "maxValue": 3.0,
      "types": ["seat_furniture","interactable_furniture","generic_furniture"]
    },
    {
      "pos": [-1.0,2.625,2.065],
      "rot": [0.0,90.0,0.0],
      "maxValue": 3.0,
      "types": ["seat_furniture","interactable_furniture","generic_furniture"]
    },
    {
      "pos": [-1.0,2.625,3.065],
      "rot": [0.0,90.0,0.0],
      "maxValue": 3.0,
      "types": ["seat_furniture","interactable_furniture","generic_furniture"]
    },
    {
      "pos": [0.0,0.625,2.065],
      "rot": [0.0,0.0,0.0],
      "maxValue": 3.0,
      "types": ["seat_furniture","interactable_furniture","generic_furniture"]
    },
    {
      "pos": [0.0,1.625,2.065],
      "rot": [0.0,0.0,0.0],
      "maxValue": 3.0,
      "types": ["seat_furniture","interactable_furniture","generic_furniture"]
    },
    {
      "pos": [0.0,2.625,2.065],
      "rot": [0.0,0.0,0.0],
      "maxValue": 3.0,
      "types": ["seat_furniture","interactable_furniture","generic_furniture"]
    },
    {
      "pos": [0.0,2.625,3.065],
      "rot": [0.0,0.0,0.0],
      "maxValue": 2.0,
      "types": ["seat_furniture","interactable_furniture","generic_furniture"]
    },
    {
      "pos": [1.0,0.625,1.065],
      "rot": [0.0,90.0,0.0],
      "maxValue": 3.0,
      "types": ["seat_furniture","interactable_furniture","generic_furniture"]
    },
    {
      "pos": [1.0,1.625,1.065],
      "rot": [0.0,90.0,0.0],
      "maxValue": 3.0,
      "types": ["seat_furniture","interactable_furniture","generic_furniture"]
    },
    {
      "pos": [1.0,2.625,1.065],
      "rot": [0.0,90.0,0.0],
      "maxValue": 3.0,
      "types": ["seat_furniture","interactable_furniture","generic_furniture"]
    },
    {
      "pos": [1.0,0.625,2.065],
      "rot": [0.0,90.0,0.0],
      "maxValue": 3.0,
      "types": ["seat_furniture","interactable_furniture","generic_furniture"]
    },
    {
      "pos": [1.0,1.625,2.065],
      "rot": [0.0,90.0,0.0],
      "maxValue": 3.0,
      "types": ["seat_furniture","interactable_furniture","generic_furniture"]
    },
    {
      "pos": [1.0,2.625,2.065],
      "rot": [0.0,90.0,0.0],
      "maxValue": 3.0,
      "types": ["seat_furniture","interactable_furniture","generic_furniture"]
    },
    {
      "pos": [1.0,2.625,3.065],
      "rot": [0.0,90.0,0.0],
      "maxValue": 3.0,
      "types": ["seat_furniture","interactable_furniture","generic_furniture"]
    },
    {
      "pos": [1.0,1.625,3.065],
      "rot": [0.0,90.0,0.0],
      "maxValue": 3.0,
      "types": ["seat_furniture","interactable_furniture","generic_furniture"]
    },
    {
      "pos": [1.0,0.625,3.065],
      "rot": [0.0,90.0,0.0],
      "maxValue": 3.0,
      "types": ["seat_furniture","interactable_furniture","generic_furniture"]
    }
  ],
  "collisionGroups": [
    {
      "collisions": [
        {
          "pos": [0.0,1.25,6.0625],
          "width": 1.875,
          "height": 0.125,
          "variableValue": 0.0
        },
        {
          "pos": [0.0,3.1875,2.6875],
          "width": 2.875,
          "height": 0.125,
          "variableValue": 0.0
        },
        {
          "pos": [0.0,3.1875,0.125],
          "width": 2.875,
          "height": 0.125,
          "variableValue": 0.0
        },
        {
          "pos": [0.0,0.0625,2.125],
          "width": 2.875,
          "height": 0.125,
          "variableValue": 0.0
        },
        {
          "pos": [0.0,0.5625,-0.5],
          "width": 2.25,
          "height": 0.125,
          "variableValue": 0.0
        },
        {
          "pos": [-1.53125,1.625,3.625],
          "width": 0.0625,
          "height": 3.0,
          "variableValue": 0.0
        },
        {
          "pos": [-1.53125,1.625,2.625],
          "width": 0.0625,
          "height": 3.0,
          "variableValue": 0.0
        },
        {
          "pos": [-1.53125,1.625,2.125],
          "width": 0.0625,
          "height": 3.0,
          "variableValue": 0.0
        },
        {
          "pos": [-1.53125,1.625,1.625],
          "width": 0.0625,
          "height": 3.0,
          "variableValue": 0.0
        },
        {
          "pos": [-1.53125,1.625,1.125],
          "width": 0.0625,
          "height": 3.0,
          "variableValue": 0.0
        },
        {
          "pos": [-1.53125,1.625,0.625],
          "width": 0.0625,
          "height": 3.0,
          "variableValue": 0.0
        },
        {
          "pos": [1.53125,1.625,3.625],
          "width": 0.0625,
          "height": 3.0,
          "variableValue": 0.0
        },
        {
          "pos": [1.53125,1.625,2.625],
          "width": 0.0625,
          "height": 3.0,
          "variableValue": 0.0
        },
        {
          "pos": [1.53125,1.625,2.125],
          "width": 0.0625,
          "height": 3.0,
          "variableValue": 0.0
        },
        {
          "pos": [1.53125,1.625,1.625],
          "width": 0.0625,
          "height": 3.0,
          "variableValue": 0.0
        },
        {
          "pos": [1.53125,1.625,1.125],
          "width": 0.0625,
          "height": 3.0,
          "variableValue": 0.0
        },
        {
          "pos": [1.53125,1.625,0.625],
          "width": 0.0625,
          "height": 3.0,
          "variableValue": 0.0
        },
        {
          "pos": [1.53125,1.625,3.125],
          "width": 0.0625,
          "height": 3.0,
          "variableValue": 0.0
        },
        {
          "pos": [-1.53125,1.875,0.125],
          "width": 0.0625,
          "height": 2.5,
          "variableValue": 0.0
        },
        {
          "pos": [-1.53125,1.875,-0.475],
          "width": 0.0625,
          "height": 2.5,
          "variableValue": 0.0
        },
        {
          "pos": [-1.53125,1.875,-0.975],
          "width": 0.0625,
          "height": 2.5,
          "variableValue": 0.0
        },
        {
          "pos": [-1.53125,1.875,-1.475],
          "width": 0.0625,
          "height": 2.5,
          "variableValue": 0.0
        },
        {
          "pos": [1.53125,1.875,0.125],
          "width": 0.0625,
          "height": 2.5,
          "variableValue": 0.0
        },
        {
          "pos": [1.53125,1.875,-0.475],
          "width": 0.0625,
          "height": 2.5,
          "variableValue": 0.0
        },
        {
          "pos": [1.53125,1.875,-0.975],
          "width": 0.0625,
          "height": 2.5,
          "variableValue": 0.0
        },
        {
          "pos": [1.53125,1.875,-1.475],
          "width": 0.0625,
          "height": 2.5,
          "variableValue": 0.0
        },
        {
          "pos": [0.0,1.875,-1.6875],
          "width": 0.0625,
          "height": 2.5,
          "variableValue": 0.0
        },
        {
          "pos": [0.5,1.875,-1.6875],
          "width": 0.0625,
          "height": 2.5,
          "variableValue": 0.0
        },
        {
          "pos": [1.0,1.875,-1.6875],
          "width": 0.0625,
          "height": 2.5,
          "variableValue": 0.0
        },
        {
          "pos": [-0.5,1.875,-1.6875],
          "width": 0.0625,
          "height": 2.5,
          "variableValue": 0.0
        },
        {
          "pos": [-1.0,1.875,-1.6875],
          "width": 0.0625,
          "height": 2.5,
          "variableValue": 0.0
        }
      ]
    }
  ],
  "connectionGroups": [
    {
      "groupName": "HOOKUP",
      "hookup": true,
      "connections": [
        {
          "type": "tow_bumper",
          "pos": [0.0,0.0,7.157],
          "distance": 0.0
        },
        {
          "type": "tow_bumper",
          "pos": [0.0,0.51563,-1.594],
          "distance": 0.0
        },
        {
          "type": "tow_wheel",
          "pos": [0.0,-0.5,6.0],
          "distance": 0.0
        }
      ]
    },
    {
      "groupName": "TRAILER",
      "canIntiateConnections": true,
      "connections": [
        {
          "type": "trailer_standard",
          "pos": [0.0,0.51563,-1.594],
          "distance": 0.0
        }
      ]
    }
  ],
  "instruments": [
    {
      "pos": [1.3125,1.28125,4.99313],
      "rot": [0.0,0.0,0.0],
      "scale": 0.015625,
      "hudX": 80,
      "hudY": 36,
      "hudScale": 0.25
    },
    {
      "pos": [1.1875,1.46875,4.99313],
      "rot": [0.0,0.0,0.0],
      "scale": 0.015625,
      "hudX": 160,
      "hudY": 36,
      "hudScale": 0.5
    },
    {
      "pos": [1.0,1.46875,4.99313],
      "rot": [0.0,0.0,0.0],
      "scale": 0.015625,
      "hudX": 240,
      "hudY": 36,
      "hudScale": 0.5
    },
    {
      "pos": [0.8125,1.46875,4.99313],
      "rot": [0.0,0.0,0.0],
      "scale": 0.015625,
      "hudX": 320,
      "hudY": 36,
      "hudScale": 0.25
    }
  ],
  "definitions": [
    {
      "subName": "_blue",
      "name": "Trin Camper 2",
      "extraMaterials": ["minecraft:dye:4:5"]
    },
    {
      "subName": "_brown",
      "name": "Trin Camper 2",
      "extraMaterials": ["minecraft:dye:3:5"]
    },
    {
      "subName": "_light_blue",
      "name": "Trin Camper 2",
      "extraMaterials": ["minecraft:dye:12:5"]
    },
    {
      "subName": "_light_gray",
      "name": "Trin Camper 2",
      "extraMaterials": ["minecraft:dye:7:5"]
    },
    {
      "subName": "_olive",
      "name": "Trin Camper 2",
      "extraMaterials": ["minecraft:dye:2:5"]
    },
    {
      "subName": "_red",
      "name": "Trin Camper 2",
      "extraMaterials": ["minecraft:dye:1:5"]
    },
    {
      "subName": "_pure_black",
      "name": "Trin Camper 2",
      "extraMaterials": ["minecraft:dye:0:10"]
    },
    {
      "subName": "_pure_white",
      "name": "Trin Camper 2",
      "extraMaterials": ["minecraft:dye:15:10"]
    },
    {
      "subName": "_diamond",
      "name": "Trin Camper 2",
      "extraMaterials": ["minecraft:dye:12:4","minecraft:diamond:0:1"]
    }
  ],
  "rendering": {
    "textObjects": [
      {
        "pos": [0.0,0.26563,7.157],
        "rot": [0.0,0.0,0.0],
        "scale": 0.13,
        "fieldName": "Text",
        "defaultText": "tcp-000",
        "maxLength": 7,
        "color": "000000"
      },
      {
        "pos": [0.0,0.51563,-1.594],
        "rot": [0.0,180.0,0.0],
        "scale": 0.13,
        "fieldName": "Text",
        "defaultText": "tcp-000",
        "maxLength": 7,
        "color": "000000"
      }
    ],
    "animatedObjects": [
      {
        "objectName": "$gas",
        "animations": [
          {
            "animationType": "rotation",
            "variable": "throttle",
            "centerPoint": [1.75,0.375,5.0],
            "axis": [12.5,0.0,0.0]
          }
        ]
      },
      {
        "objectName": "$brake",
        "animations": [
          {
            "animationType": "rotation",
            "variable": "brake",
            "centerPoint": [1.625,0.375,5.0],
            "axis": [12.5,0.0,0.0]
          }
        ]
      },
      {
        "objectName": "$p_brake",
        "animations": [
          {
            "animationType": "rotation",
            "variable": "p_brake",
            "centerPoint": [0.5625,1.0625,5.0],
            "axis": [-30.0,0.0,0.0]
          }
        ]
      },
      {
        "objectName": "$shifter",
        "animations": [
          {
            "animationType": "rotation",
            "variable": "engine_gearshift_1",
            "centerPoint": [0.34375,0.4375,5.03125],
            "axis": [1.0,0.0,0.0]
          }
        ]
      },
      {
        "objectName": "$steer",
        "animations": [
          {
            "animationType": "rotation",
            "variable": "rudder",
            "centerPoint": [1.0,1.25,4.90625],
            "axis": [-0.0,-0.0,1.0]
          }
        ]
      },
      {
        "objectName": "$hood",
        "animations": [
          {
            "animationType": "rotation",
            "variable": "hood",
            "centerPoint": [0.0,1.5,5.4375],
            "axis": [-60.0,0.0,0.0]
          }
        ]
      },
      {
        "objectName": "$doorFL",
        "animations": [
          {
            "animationType": "rotation",
            "variable": "door",
            "centerPoint": [1.6875,1.25,5.0625],
            "axis": [0.0,-60.0,0.0],
            "duration": 30
          }
        ]
      },
      {
        "objectName": "$doorwindowFL",
        "animations": [
          {
            "animationType": "rotation",
            "variable": "door",
            "centerPoint": [1.6875,1.25,5.0625],
            "axis": [0.0,-60.0,0.0],
            "duration": 30
          }
        ]
      },
      {
        "objectName": "$doorFR",
        "animations": [
          {
            "animationType": "rotation",
            "variable": "door",
            "centerPoint": [-1.6875,1.25,5.0625],
            "axis": [0.0,60.0,0.0],
            "duration": 30
          }
        ]
      },
      {
        "objectName": "$doorwindowFR",
        "animations": [
          {
            "animationType": "rotation",
            "variable": "door",
            "centerPoint": [-1.6875,1.25,5.0625],
            "axis": [0.0,60.0,0.0],
            "duration": 30
          }
        ]
      },
      {
        "objectName": "$doorRR",
        "animations": [
          {
            "animationType": "rotation",
            "variable": "door",
            "centerPoint": [-1.6875,1.25,3.5625],
            "axis": [0.0,60.0,0.0],
            "duration": 30
          }
        ]
      },
      {
        "objectName": "$doorwindowRR",
        "animations": [
          {
            "animationType": "rotation",
            "variable": "door",
            "centerPoint": [-1.6875,1.25,3.5625],
            "axis": [0.0,60.0,0.0],
            "duration": 30
          }
        ]
      },
      {
        "objectName": "$doorWC",
        "animations": [
          {
            "animationType": "rotation",
            "variable": "door",
            "centerPoint": [0.46875,2.625,-0.4375],
            "axis": [0.0,120.0,0.0],
            "duration": 30
          }
        ]
      }
    ],
    "lightObjects": [
      {
        "objectName": "&RunningLight_e60000_FFFFF_111",
        "emissive": true,
        "covered": true,
        "isElectric": true,
        "color": "E60000",
        "brightnessAnimations": [
          {
            "animationType": "visibility",
            "variable": "running_light",
            "clampMin": 1.0,
            "clampMax": 1.0
          }
        ],
        "blendableComponents": [
          {
            "pos": [-1.375,1.4375,-1.578125],
            "axis": [0.0,0.0,-1.0],
            "flareHeight": 0.75,
            "flareWidth": 0.75
          },
          {
            "pos": [1.375,1.4375,-1.578125],
            "axis": [0.0,0.0,-1.0],
            "flareHeight": 0.75,
            "flareWidth": 0.75
          }
        ]
      },
      {
        "objectName": "&RunningLight_ff6600_FFFFF_111",
        "emissive": true,
        "covered": true,
        "isElectric": true,
        "color": "FF6600",
        "brightnessAnimations": [
          {
            "animationType": "visibility",
            "variable": "running_light",
            "clampMin": 1.0,
            "clampMax": 1.0
          }
        ],
        "blendableComponents": [
          {
            "pos": [0.0,2.78125,-1.578125],
            "axis": [0.0,0.0,-1.0],
            "flareHeight": 0.375,
            "flareWidth": 0.375
          },
          {
            "pos": [0.375,2.78125,-1.578125],
            "axis": [0.0,0.0,-1.0],
            "flareHeight": 0.375,
            "flareWidth": 0.375
          },
          {
            "pos": [-0.375,2.78125,-1.578125],
            "axis": [0.0,0.0,-1.0],
            "flareHeight": 0.375,
            "flareWidth": 0.375
          },
          {
            "pos": [-0.3750010132789612,1.2187490463256836,7.171875],
            "axis": [0.0,0.0,1.0],
            "flareHeight": 0.375,
            "flareWidth": 0.375
          },
          {
            "pos": [-9.98377799987793E-7,1.2187490463256836,7.171875],
            "axis": [0.0,0.0,1.0],
            "flareHeight": 0.375,
            "flareWidth": 0.375
          },
          {
            "pos": [0.3749989867210388,1.2187490463256836,7.171875],
            "axis": [0.0,0.0,1.0],
            "flareHeight": 0.375,
            "flareWidth": 0.375
          }
        ]
      },
      {
        "objectName": "&RunningLight_ffcc00_FFFFF_111",
        "emissive": true,
        "covered": true,
        "isElectric": true,
        "color": "FFCC00",
        "brightnessAnimations": [
          {
            "animationType": "visibility",
            "variable": "running_light",
            "clampMin": 1.0,
            "clampMax": 1.0
          }
        ],
        "blendableComponents": [
          {
            "pos": [0.875,1.2187490463256836,4.993750095367432],
            "axis": [0.0,0.0,-1.0],
            "flareHeight": 0.1875,
            "flareWidth": 0.1875
          },
          {
            "pos": [1.34375,1.1562490463256836,7.1875],
            "axis": [0.0,0.0,1.0],
            "flareHeight": 0.5625,
            "flareWidth": 0.5625
          },
          {
            "pos": [-1.34375,1.1562490463256836,7.1875],
            "axis": [0.0,0.0,1.0],
            "flareHeight": 0.5625,
            "flareWidth": 0.5625
          }
        ]
      },
      {
        "objectName": "&Headlight_ffcc00_FFFFF_111",
        "emissive": true,
        "covered": true,
        "isElectric": true,
        "color": "FFCC00",
        "brightnessAnimations": [
          {
            "animationType": "visibility",
            "variable": "headlight",
            "clampMin": 1.0,
            "clampMax": 1.0
          }
        ],
        "blendableComponents": [
          {
            "pos": [1.0937494933605194,1.1562490463256836,7.1875],
            "axis": [0.0,0.0,1.0],
            "flareHeight": 0.56250304,
            "flareWidth": 0.56250304,
            "beamDiameter": 12.000065,
            "beamLength": 36.000195
          },
          {
            "pos": [-1.09375,1.1562490463256836,7.1875],
            "axis": [0.0,0.0,1.0],
            "flareHeight": 0.5625,
            "flareWidth": 0.5625,
            "beamDiameter": 12.0,
            "beamLength": 36.0
          }
        ]
      },
      {
        "objectName": "&RightTurnLight_ff6600_FFC00_111",
        "emissive": true,
        "covered": true,
        "isElectric": true,
        "color": "FF6600",
        "brightnessAnimations": [
          {
            "animationType": "visibility",
            "variable": "right_turn_signal",
            "clampMin": 1.0,
            "clampMax": 1.0
          },
          {
            "animationType": "visibility",
            "variable": "10_10_0_cycle",
            "clampMin": 1.0,
            "clampMax": 1.0
          }
        ],
        "blendableComponents": [
          {
            "pos": [0.875,1.3437490463256836,4.993750095367432],
            "axis": [0.0,0.0,-1.0],
            "flareHeight": 0.1875,
            "flareWidth": 0.1875
          },
          {
            "pos": [-1.65625,1.1874990463256836,6.40625],
            "axis": [-1.0,0.0,0.0],
            "flareHeight": 0.5625,
            "flareWidth": 0.5625
          },
          {
            "pos": [-1.65625,1.1875,-0.96875],
            "axis": [-1.0,0.0,0.0],
            "flareHeight": 0.5625,
            "flareWidth": 0.5625
          },
          {
            "pos": [-1.34375,0.9999990165233612,7.1875],
            "axis": [0.0,0.0,1.0],
            "flareHeight": 0.5625,
            "flareWidth": 0.5625
          },
          {
            "pos": [-1.3125,1.3125,-1.578125],
            "axis": [0.0,0.0,-1.0],
            "flareHeight": 0.375,
            "flareWidth": 0.375
          }
        ]
      },
      {
        "objectName": "&BrakeLight_e60000_FFFFF_111",
        "emissive": true,
        "covered": true,
        "isElectric": true,
        "color": "E60000",
        "brightnessAnimations": [
          {
            "animationType": "visibility",
            "variable": "brake",
            "clampMin": 0.01,
            "clampMax": 1.0
          }
        ],
        "blendableComponents": [
          {
            "pos": [1.125,1.4375,-1.578125],
            "axis": [0.0,0.0,-1.0],
            "flareHeight": 0.75,
            "flareWidth": 0.75
          },
          {
            "pos": [-1.125,1.4375,-1.578125],
            "axis": [0.0,0.0,-1.0],
            "flareHeight": 0.75,
            "flareWidth": 0.75
          },
          {
            "pos": [0.0,3.0,-1.578125],
            "axis": [0.0,0.0,-1.0],
            "flareHeight": 1.125,
            "flareWidth": 1.125
          }
        ]
      },
      {
        "objectName": "&LeftTurnLight_ff6600_FFC00_111",
        "emissive": true,
        "covered": true,
        "isElectric": true,
        "color": "FF6600",
        "brightnessAnimations": [
          {
            "animationType": "visibility",
            "variable": "left_turn_signal",
            "clampMin": 1.0,
            "clampMax": 1.0
          },
          {
            "animationType": "visibility",
            "variable": "10_10_0_cycle",
            "clampMin": 1.0,
            "clampMax": 1.0
          }
        ],
        "blendableComponents": [
          {
            "pos": [1.65625,1.1874990463256836,6.40625],
            "axis": [1.0,0.0,0.0],
            "flareHeight": 0.5625,
            "flareWidth": 0.5625
          },
          {
            "pos": [1.125,1.3437490463256836,4.993750095367432],
            "axis": [0.0,0.0,-1.0],
            "flareHeight": 0.1875,
            "flareWidth": 0.1875
          },
          {
            "pos": [1.65625,1.1875,-0.96875],
            "axis": [1.0,0.0,0.0],
            "flareHeight": 0.5625,
            "flareWidth": 0.5625
          },
          {
            "pos": [1.34375,0.9999990165233612,7.1875],
            "axis": [0.0,0.0,1.0],
            "flareHeight": 0.5625,
            "flareWidth": 0.5625
          },
          {
            "pos": [1.3125,1.3125,-1.578125],
            "axis": [0.0,0.0,-1.0],
            "flareHeight": 0.375,
            "flareWidth": 0.375
          }
        ]
      },
      {
        "objectName": "&BackupLight_ffffcc_FFFFF_111",
        "emissive": true,
        "covered": true,
        "isElectric": true,
        "color": "FFFFCC",
        "brightnessAnimations": [
          {
            "animationType": "visibility",
            "variable": "engine_reversed_1",
            "clampMin": 1.0,
            "clampMax": 1.0
          }
        ],
        "blendableComponents": [
          {
            "pos": [-1.1875,1.3125,-1.578125],
            "axis": [0.0,0.0,-1.0],
            "flareHeight": 0.375,
            "flareWidth": 0.375
          },
          {
            "pos": [1.1875,1.3125,-1.578125],
            "axis": [0.0,0.0,-1.0],
            "flareHeight": 0.375,
            "flareWidth": 0.375
          }
        ]
      },
      {
        "objectName": "&BrakeLight_e60000_FFFFF_011",
        "emissive": true,
        "covered": true,
        "isElectric": true,
        "color": "E60000",
        "brightnessAnimations": [
          {
            "animationType": "visibility",
            "variable": "brake",
            "clampMin": 0.01,
            "clampMax": 1.0
          }
        ]
      }
    ],
    "sounds": [
      {
        "name": "iv_tcp:horn_1",
        "activeAnimations": [
          {
            "animationType": "visibility",
            "variable": "horn",
            "clampMin": 1.0,
            "clampMax": 1.0
          }
        ],
        "looping": true
      }
    ],
    "particles": []
  },
  "general": {
    "description": "Recommended parts:\nAverage Sized Wheels\nHeavy V8 Engine\nModel 2 Seats",
    "materials": ["mts:iv_tcp_v2.pile_of_v2_junk:0:9"]
  }
}
