{
  "motorized": {
    "isRearWheelDrive": true,
    "hasRunningLights": true,
    "hasHeadlights": true,
    "hasTurnSignals": true,
    "emptyMass": 5000,
    "fuelCapacity": 15000,
    "downForce": 0.65,
    "overSteer": 3,
    "underSteer": 1,
    "overSteerAccel": 2,
    "overSteerDecel": -3,
    "axleRatio": 3.45,
    "brakingFactor": 1.0,
    "maxTiltAngle": -4.5,
    "dragCoefficient": 0.6
  },
  "parts": [
    {
      "pos": [0.90625,-0.125,-1.625],
      "minValue": 0.4,
      "maxValue": 1.1625,
      "types": ["ground_wheel"]
    },
    {
      "pos": [-0.90625,-0.125,-1.625],
      "minValue": 0.4,
      "maxValue": 1.1625,
      "types": ["ground_wheel"]
    },
    {
      "pos": [1.28125,-0.125,-1.625],
      "minValue": 0.4,
      "maxValue": 1.1625,
      "types": ["ground_wheel"]
    },
    {
      "pos": [-1.28125,-0.125,-1.625],
      "minValue": 0.4,
      "maxValue": 1.1625,
      "types": ["ground_wheel"]
    },
    {
      "pos": [1.28125,-0.125,0.0],
      "minValue": 0.4,
      "maxValue": 1.1625,
      "types": ["ground_wheel"]
    },
    {
      "pos": [-1.28125,-0.125,0.0],
      "minValue": 0.4,
      "maxValue": 1.1625,
      "types": ["ground_wheel"]
    },
    {
      "pos": [1.28125,-0.125,7.6875],
      "turnsWithSteer": true,
      "minValue": 0.4,
      "maxValue": 1.1625,
      "types": ["ground_wheel"],
      "animations": [
        {
          "animationType": "rotation",
          "variable": "rudder",
          "centerPoint": [0.0,0.0,0.0],
          "axis": [0.0,-1.0,0.0]
        }
      ]
    },
    {
      "pos": [-1.28125,-0.125,7.6875],
      "turnsWithSteer": true,
      "minValue": 0.4,
      "maxValue": 1.1625,
      "types": ["ground_wheel"],
      "animations": [
        {
          "animationType": "rotation",
          "variable": "rudder",
          "centerPoint": [0.0,0.0,0.0],
          "axis": [0.0,-1.0,0.0]
        }
      ]
    },
    {
      "pos": [-0.75,1.0625,7.625],
      "types": ["seat"]
    },
    {
      "pos": [0.75,1.0625,7.625],
      "isController": true,
      "types": ["seat"]
    },
    {
      "pos": [0.0,-0.01,-4.0],
      "rot": [0.0,90,0.0],
      "maxValue": 2.0,
      "types": ["engine_car"],
      "animations": [
        {
          "animationType": "scaling",
          "variable": "part_present_11",
          "centerPoint": [0.0,0.0,0.0],
          "axis": [0.0,0.0,0.0],
          "offset": 0.9
        }
      ]
    },
    {
      "pos": [0.0,3.75,7.4375],
      "maxValue": 3.0,
      "types": ["generic_roofdevice"]
    },
    {
      "pos": [0.5625,3.75,5.75],
      "maxValue": 3.0,
      "types": ["interactable_crate_roof"]
    },
    {
      "pos": [0.5625,3.75,3.5],
      "maxValue": 3.0,
      "types": ["interactable_crate_roof"]
    },
    {
      "pos": [0.5625,3.75,1.25],
      "maxValue": 3.0,
      "types": ["interactable_crate_roof"]
    },
    {
      "pos": [0.5625,3.75,-1.0],
      "maxValue": 3.0,
      "types": ["interactable_crate_roof"]
    },
    {
      "pos": [0.5625,3.75,-3.25],
      "maxValue": 3.0,
      "types": ["interactable_crate_roof"]
    },
    {
      "pos": [-0.5625,3.75,5.75],
      "maxValue": 3.0,
      "types": ["interactable_crate_roof"]
    },
    {
      "pos": [-0.5625,3.75,3.5],
      "maxValue": 3.0,
      "types": ["interactable_crate_roof"]
    },
    {
      "pos": [-0.5625,3.75,1.25],
      "maxValue": 3.0,
      "types": ["interactable_crate_roof"]
    },
    {
      "pos": [-0.5625,3.75,-1.0],
      "maxValue": 3.0,
      "types": ["interactable_crate_roof"]
    },
    {
      "pos": [-0.5625,3.75,-3.25],
      "maxValue": 3.0,
      "types": ["interactable_crate_roof"]
    },
    {
      "pos": [0.0,3.75,7.75],
      "maxValue": 3.0,
      "types": ["generic_lightbar"]
    },
    {
      "pos": [0.0,0.45313,8.75],
      "maxValue": 2.0,
      "types": ["generic_bullbar"]
    },
    {
      "pos": [-1.0,1.5,-4.5],
      "rot": [0.0,90.0,0.0],
      "maxValue": 3.0,
      "types": ["seat_furniture","interactable_furniture","generic_furniture"]
    },
    {
      "pos": [-1.0,2.5,-4.5],
      "rot": [0.0,90.0,0.0],
      "maxValue": 3.0,
      "types": ["seat_furniture","interactable_furniture","generic_furniture"]
    },
    {
      "pos": [0.0,1.5,-4.5],
      "rot": [0.0,0.0,0.0],
      "maxValue": 3.0,
      "types": ["seat_furniture","interactable_furniture","generic_furniture"]
    },
    {
      "pos": [0.0,2.5,-4.5],
      "rot": [0.0,0.0,0.0],
      "maxValue": 3.0,
      "types": ["seat_furniture","interactable_furniture","generic_furniture"]
    },
    {
      "pos": [1.0,1.5,-4.5],
      "rot": [0.0,90.0,0.0],
      "maxValue": 3.0,
      "types": ["seat_furniture","interactable_furniture","generic_furniture"]
    },
    {
      "pos": [1.0,2.5,-4.5],
      "rot": [0.0,90.0,0.0],
      "maxValue": 3.0,
      "types": ["seat_furniture","interactable_furniture","generic_furniture"]
    },
    {
      "pos": [0.0,1.5,-3.5],
      "rot": [0.0,0.0,0.0],
      "maxValue": 3.0,
      "types": ["seat_furniture","interactable_furniture","generic_furniture"]
    },
    {
      "pos": [0.0,2.5,-3.5],
      "rot": [0.0,0.0,0.0],
      "maxValue": 3.0,
      "types": ["seat_furniture","interactable_furniture","generic_furniture"]
    },
    {
      "pos": [1.0,1.5,-3.5],
      "rot": [0.0,90.0,0.0],
      "maxValue": 3.0,
      "types": ["seat_furniture","interactable_furniture","generic_furniture"]
    },
    {
      "pos": [1.0,2.5,-3.5],
      "rot": [0.0,90.0,0.0],
      "maxValue": 3.0,
      "types": ["seat_furniture","interactable_furniture","generic_furniture"]
    },
    {
      "pos": [1.0,1.0,-2.5],
      "rot": [0.0,90.0,0.0],
      "maxValue": 3.0,
      "types": ["seat_furniture","interactable_furniture","generic_furniture"]
    },
    {
      "pos": [1.0,2.0,-2.5],
      "rot": [0.0,90.0,0.0],
      "maxValue": 3.0,
      "types": ["seat_furniture","interactable_furniture","generic_furniture"]
    },
    {
      "pos": [1.0,3.0,-2.5],
      "rot": [0.0,90.0,0.0],
      "maxValue": 3.0,
      "types": ["seat_furniture","interactable_furniture","generic_furniture"]
    },
    {
      "pos": [0.0,1.0,-2.5],
      "rot": [0.0,0.0,0.0],
      "maxValue": 3.0,
      "types": ["seat_furniture","interactable_furniture","generic_furniture"]
    },
    {
      "pos": [0.0,2.0,-2.5],
      "rot": [0.0,0.0,0.0],
      "maxValue": 3.0,
      "types": ["seat_furniture","interactable_furniture","generic_furniture"]
    },
    {
      "pos": [0.0,3.0,-2.5],
      "rot": [0.0,0.0,0.0],
      "maxValue": 3.0,
      "types": ["seat_furniture","interactable_furniture","generic_furniture"]
    },
    {
      "pos": [1.0,1.0,-1.5],
      "rot": [0.0,90.0,0.0],
      "maxValue": 3.0,
      "types": ["seat_furniture","interactable_furniture","generic_furniture"]
    },
    {
      "pos": [1.0,2.0,-1.5],
      "rot": [0.0,90.0,0.0],
      "maxValue": 3.0,
      "types": ["seat_furniture","interactable_furniture","generic_furniture"]
    },
    {
      "pos": [1.0,3.0,-1.5],
      "rot": [0.0,90.0,0.0],
      "maxValue": 3.0,
      "types": ["seat_furniture","interactable_furniture","generic_furniture"]
    },
    {
      "pos": [0.0,3.0,-1.5],
      "rot": [0.0,0.0,0.0],
      "maxValue": 3.0,
      "types": ["seat_furniture","interactable_furniture","generic_furniture"]
    },
    {
      "pos": [1.0,3.0,-0.5],
      "rot": [0.0,90.0,0.0],
      "maxValue": 3.0,
      "types": ["seat_furniture","interactable_furniture","generic_furniture"]
    },
    {
      "pos": [1.0,2.0,-0.5],
      "rot": [0.0,90.0,0.0],
      "maxValue": 3.0,
      "types": ["seat_furniture","interactable_furniture","generic_furniture"]
    },
    {
      "pos": [1.0,1.0,-0.5],
      "rot": [0.0,90.0,0.0],
      "maxValue": 3.0,
      "types": ["seat_furniture","interactable_furniture","generic_furniture"]
    },
    {
      "pos": [0.0,3.0,-0.5],
      "rot": [0.0,0.0,0.0],
      "maxValue": 3.0,
      "types": ["seat_furniture","interactable_furniture","generic_furniture"]
    },
    {
      "pos": [0.0,2.0,-0.5],
      "rot": [0.0,0.0,0.0],
      "maxValue": 3.0,
      "types": ["seat_furniture","interactable_furniture","generic_furniture"]
    },
    {
      "pos": [0.0,1.0,-0.5],
      "rot": [0.0,0.0,0.0],
      "maxValue": 3.0,
      "types": ["seat_furniture","interactable_furniture","generic_furniture"]
    },
    {
      "pos": [1.0,3.0,0.5],
      "rot": [0.0,90.0,0.0],
      "maxValue": 3.0,
      "types": ["seat_furniture","interactable_furniture","generic_furniture"]
    },
    {
      "pos": [1.0,2.0,0.5],
      "rot": [0.0,90.0,0.0],
      "maxValue": 3.0,
      "types": ["seat_furniture","interactable_furniture","generic_furniture"]
    },
    {
      "pos": [1.0,1.0,0.5],
      "rot": [0.0,90.0,0.0],
      "maxValue": 3.0,
      "types": ["seat_furniture","interactable_furniture","generic_furniture"]
    },
    {
      "pos": [0.0,3.0,0.5],
      "rot": [0.0,0.0,0.0],
      "maxValue": 3.0,
      "types": ["seat_furniture","interactable_furniture","generic_furniture"]
    },
    {
      "pos": [0.0,2.0,0.5],
      "rot": [0.0,0.0,0.0],
      "maxValue": 3.0,
      "types": ["seat_furniture","interactable_furniture","generic_furniture"]
    },
    {
      "pos": [0.0,1.0,0.5],
      "rot": [0.0,0.0,0.0],
      "maxValue": 3.0,
      "types": ["seat_furniture","interactable_furniture","generic_furniture"]
    },
    {
      "pos": [1.0,3.0,1.5],
      "rot": [0.0,90.0,0.0],
      "maxValue": 3.0,
      "types": ["seat_furniture","interactable_furniture","generic_furniture"]
    },
    {
      "pos": [1.0,2.0,1.5],
      "rot": [0.0,90.0,0.0],
      "maxValue": 3.0,
      "types": ["seat_furniture","interactable_furniture","generic_furniture"]
    },
    {
      "pos": [1.0,1.0,1.5],
      "rot": [0.0,90.0,0.0],
      "maxValue": 3.0,
      "types": ["seat_furniture","interactable_furniture","generic_furniture"]
    },
    {
      "pos": [0.0,3.0,1.5],
      "rot": [0.0,0.0,0.0],
      "maxValue": 3.0,
      "types": ["seat_furniture","interactable_furniture","generic_furniture"]
    },
    {
      "pos": [1.0,3.0,2.5],
      "rot": [0.0,90.0,0.0],
      "maxValue": 3.0,
      "types": ["seat_furniture","interactable_furniture","generic_furniture"]
    },
    {
      "pos": [1.0,2.0,2.5],
      "rot": [0.0,90.0,0.0],
      "maxValue": 3.0,
      "types": ["seat_furniture","interactable_furniture","generic_furniture"]
    },
    {
      "pos": [1.0,1.0,2.5],
      "rot": [0.0,90.0,0.0],
      "maxValue": 3.0,
      "types": ["seat_furniture","interactable_furniture","generic_furniture"]
    },
    {
      "pos": [0.0,3.0,2.5],
      "rot": [0.0,0.0,0.0],
      "maxValue": 3.0,
      "types": ["seat_furniture","interactable_furniture","generic_furniture"]
    },
    {
      "pos": [0.0,2.0,2.5],
      "rot": [0.0,0.0,0.0],
      "maxValue": 3.0,
      "types": ["seat_furniture","interactable_furniture","generic_furniture"]
    },
    {
      "pos": [0.0,1.0,2.5],
      "rot": [0.0,0.0,0.0],
      "maxValue": 3.0,
      "types": ["seat_furniture","interactable_furniture","generic_furniture"]
    },
    {
      "pos": [0.0,1.0,3.5],
      "rot": [0.0,0.0,0.0],
      "maxValue": 3.0,
      "types": ["seat_furniture","interactable_furniture","generic_furniture"]
    },
    {
      "pos": [0.0,2.0,3.5],
      "rot": [0.0,0.0,0.0],
      "maxValue": 3.0,
      "types": ["seat_furniture","interactable_furniture","generic_furniture"]
    },
    {
      "pos": [0.0,3.0,3.5],
      "rot": [0.0,0.0,0.0],
      "maxValue": 3.0,
      "types": ["seat_furniture","interactable_furniture","generic_furniture"]
    },
    {
      "pos": [1.0,1.0,3.5],
      "rot": [0.0,90.0,0.0],
      "maxValue": 3.0,
      "types": ["seat_furniture","interactable_furniture","generic_furniture"]
    },
    {
      "pos": [1.0,2.0,3.5],
      "rot": [0.0,90.0,0.0],
      "maxValue": 3.0,
      "types": ["seat_furniture","interactable_furniture","generic_furniture"]
    },
    {
      "pos": [1.0,3.0,3.5],
      "rot": [0.0,90.0,0.0],
      "maxValue": 3.0,
      "types": ["seat_furniture","interactable_furniture","generic_furniture"]
    },
    {
      "pos": [-1.0,1.0,3.5],
      "rot": [0.0,90.0,0.0],
      "maxValue": 3.0,
      "types": ["seat_furniture","interactable_furniture","generic_furniture"]
    },
    {
      "pos": [-1.0,2.0,3.5],
      "rot": [0.0,90.0,0.0],
      "maxValue": 3.0,
      "types": ["seat_furniture","interactable_furniture","generic_furniture"]
    },
    {
      "pos": [-1.0,3.0,3.5],
      "rot": [0.0,90.0,0.0],
      "maxValue": 3.0,
      "types": ["seat_furniture","interactable_furniture","generic_furniture"]
    },
    {
      "pos": [-1.0,3.0,3.5],
      "rot": [0.0,90.0,0.0],
      "maxValue": 3.0,
      "types": ["seat_furniture","interactable_furniture","generic_furniture"]
    },
    {
      "pos": [0.0,1.0,4.5],
      "rot": [0.0,0.0,0.0],
      "maxValue": 3.0,
      "types": ["seat_furniture","interactable_furniture","generic_furniture"]
    },
    {
      "pos": [0.0,2.0,4.5],
      "rot": [0.0,0.0,0.0],
      "maxValue": 3.0,
      "types": ["seat_furniture","interactable_furniture","generic_furniture"]
    },
    {
      "pos": [0.0,3.0,4.5],
      "rot": [0.0,0.0,0.0],
      "maxValue": 3.0,
      "types": ["seat_furniture","interactable_furniture","generic_furniture"]
    },
    {
      "pos": [1.0,1.0,4.5],
      "rot": [0.0,90.0,0.0],
      "maxValue": 3.0,
      "types": ["seat_furniture","interactable_furniture","generic_furniture"]
    },
    {
      "pos": [1.0,2.0,4.5],
      "rot": [0.0,90.0,0.0],
      "maxValue": 3.0,
      "types": ["seat_furniture","interactable_furniture","generic_furniture"]
    },
    {
      "pos": [1.0,3.0,4.5],
      "rot": [0.0,90.0,0.0],
      "maxValue": 3.0,
      "types": ["seat_furniture","interactable_furniture","generic_furniture"]
    },
    {
      "pos": [-1.0,1.0,4.5],
      "rot": [0.0,90.0,0.0],
      "maxValue": 3.0,
      "types": ["seat_furniture","interactable_furniture","generic_furniture"]
    },
    {
      "pos": [-1.0,2.0,4.5],
      "rot": [0.0,90.0,0.0],
      "maxValue": 3.0,
      "types": ["seat_furniture","interactable_furniture","generic_furniture"]
    },
    {
      "pos": [-1.0,3.0,4.5],
      "rot": [0.0,90.0,0.0],
      "maxValue": 3.0,
      "types": ["seat_furniture","interactable_furniture","generic_furniture"]
    },
    {
      "pos": [0.0,1.0,5.5],
      "rot": [0.0,0.0,0.0],
      "maxValue": 3.0,
      "types": ["seat_furniture","interactable_furniture","generic_furniture"]
    },
    {
      "pos": [0.0,2.0,5.5],
      "rot": [0.0,0.0,0.0],
      "maxValue": 3.0,
      "types": ["seat_furniture","interactable_furniture","generic_furniture"]
    },
    {
      "pos": [0.0,3.0,5.5],
      "rot": [0.0,0.0,0.0],
      "maxValue": 3.0,
      "types": ["seat_furniture","interactable_furniture","generic_furniture"]
    },
    {
      "pos": [1.0,1.0,5.5],
      "rot": [0.0,90.0,0.0],
      "maxValue": 3.0,
      "types": ["seat_furniture","interactable_furniture","generic_furniture"]
    },
    {
      "pos": [1.0,2.0,5.5],
      "rot": [0.0,90.0,0.0],
      "maxValue": 3.0,
      "types": ["seat_furniture","interactable_furniture","generic_furniture"]
    },
    {
      "pos": [1.0,3.0,5.5],
      "rot": [0.0,90.0,0.0],
      "maxValue": 3.0,
      "types": ["seat_furniture","interactable_furniture","generic_furniture"]
    },
    {
      "pos": [-1.0,1.0,5.5],
      "rot": [0.0,90.0,0.0],
      "maxValue": 3.0,
      "types": ["seat_furniture","interactable_furniture","generic_furniture"]
    },
    {
      "pos": [-1.0,2.0,5.5],
      "rot": [0.0,90.0,0.0],
      "maxValue": 3.0,
      "types": ["seat_furniture","interactable_furniture","generic_furniture"]
    },
    {
      "pos": [-1.0,3.0,5.5],
      "rot": [0.0,90.0,0.0],
      "maxValue": 3.0,
      "types": ["seat_furniture","interactable_furniture","generic_furniture"]
    },
    {
      "pos": [1.0,1.0,6.5],
      "rot": [0.0,90.0,0.0],
      "maxValue": 3.0,
      "types": ["seat_furniture","interactable_furniture","generic_furniture"]
    },
    {
      "pos": [1.0,2.0,6.5],
      "rot": [0.0,90.0,0.0],
      "maxValue": 3.0,
      "types": ["seat_furniture","interactable_furniture","generic_furniture"]
    },
    {
      "pos": [1.0,3.0,6.5],
      "rot": [0.0,90.0,0.0],
      "maxValue": 3.0,
      "types": ["seat_furniture","interactable_furniture","generic_furniture"]
    },
    {
      "pos": [0.0,3.0,6.5],
      "rot": [0.0,0.0,0.0],
      "maxValue": 3.0,
      "types": ["seat_furniture","interactable_furniture","generic_furniture"]
    },
    {
      "pos": [-1.0,3.0,6.5],
      "rot": [0.0,90.0,0.0],
      "maxValue": 3.0,
      "types": ["seat_furniture","interactable_furniture","generic_furniture"]
    }
  ],
  "collisionGroups": [
    {
      "collisions": [
        {
          "pos": [0.0,3.625,7.375],
          "width": 1.25,
          "height": 0.125,
          "variableValue": 0.0
        },
        {
          "pos": [0.0,3.625,5.1875],
          "width": 2.5,
          "height": 0.125,
          "variableValue": 0.0
        },
        {
          "pos": [0.0,3.625,2.4375],
          "width": 2.5,
          "height": 0.125,
          "variableValue": 0.0
        },
        {
          "pos": [0.0,3.625,-0.3125],
          "width": 2.5,
          "height": 0.125,
          "variableValue": 0.0
        },
        {
          "pos": [0.0,3.625,-3.0625],
          "width": 2.5,
          "height": 0.125,
          "variableValue": 0.0
        },
        {
          "pos": [0.0,0.4375,8.25],
          "width": 1.35,
          "height": 0.125,
          "variableValue": 0.0
        },
        {
          "pos": [0.0,0.4375,6.25],
          "width": 2.65,
          "height": 0.125,
          "variableValue": 0.0
        },
        {
          "pos": [0.0,0.4375,3.625],
          "width": 2.65,
          "height": 0.125,
          "variableValue": 0.0
        },
        {
          "pos": [0.0,0.4375,1.0],
          "width": 2.65,
          "height": 0.125,
          "variableValue": 0.0
        },
        {
          "pos": [0.0,0.4375,-1.625],
          "width": 2.65,
          "height": 0.125,
          "variableValue": 0.0
        },
        {
          "pos": [-1.0,0.9375,-3.0],
          "width": 0.625,
          "height": 0.125,
          "variableValue": 0.0
        },
        {
          "pos": [-0.6875,0.9375,-4.0625],
          "width": 1.25,
          "height": 0.125,
          "variableValue": 0.0
        },
        {
          "pos": [0.6875,0.9375,-4.0625],
          "width": 1.25,
          "height": 0.125,
          "variableValue": 0.0
        },
        {
          "pos": [-1.5625,2.0,6.0],
          "width": 0.0625,
          "height": 2.0,
          "variableValue": 0.0
        },
        {
          "pos": [-1.5625,2.0,5.5],
          "width": 0.0625,
          "height": 2.0,
          "variableValue": 0.0
        },
        {
          "pos": [-1.5625,2.0,5.0],
          "width": 0.0625,
          "height": 2.0,
          "variableValue": 0.0
        },
        {
          "pos": [-1.5625,2.0,4.5],
          "width": 0.0625,
          "height": 2.0,
          "variableValue": 0.0
        },
        {
          "pos": [-1.5625,2.0,4.0],
          "width": 0.0625,
          "height": 2.0,
          "variableValue": 0.0
        },
        {
          "pos": [-1.5625,2.0,3.5],
          "width": 0.0625,
          "height": 2.0,
          "variableValue": 0.0
        },
        {
          "pos": [-1.5625,2.0,3.0],
          "width": 0.0625,
          "height": 2.0,
          "variableValue": 0.0
        },
        {
          "pos": [-1.5625,2.0,2.5],
          "width": 0.0625,
          "height": 2.0,
          "variableValue": 0.0
        },
        {
          "pos": [-1.5625,2.0,2.0],
          "width": 0.0625,
          "height": 2.0,
          "variableValue": 0.0
        },
        {
          "pos": [-1.5625,2.0,1.5],
          "width": 0.0625,
          "height": 2.0,
          "variableValue": 0.0
        },
        {
          "pos": [-1.5625,2.0,1.0],
          "width": 0.0625,
          "height": 2.0,
          "variableValue": 0.0
        },
        {
          "pos": [-1.5625,2.0,0.5],
          "width": 0.0625,
          "height": 2.0,
          "variableValue": 0.0
        },
        {
          "pos": [-1.5625,2.0,0.0],
          "width": 0.0625,
          "height": 2.0,
          "variableValue": 0.0
        },
        {
          "pos": [-1.5625,2.0,-0.5],
          "width": 0.0625,
          "height": 2.0,
          "variableValue": 0.0
        },
        {
          "pos": [-1.5625,2.0,-1.0],
          "width": 0.0625,
          "height": 2.0,
          "variableValue": 0.0
        },
        {
          "pos": [-1.5625,2.0,-1.5],
          "width": 0.0625,
          "height": 2.0,
          "variableValue": 0.0
        },
        {
          "pos": [-1.5625,2.0,-2.0],
          "width": 0.0625,
          "height": 2.0,
          "variableValue": 0.0
        },
        {
          "pos": [-1.5625,2.0,-2.5],
          "width": 0.0625,
          "height": 2.0,
          "variableValue": 0.0
        },
        {
          "pos": [-1.5625,2.0,-3.0],
          "width": 0.0625,
          "height": 2.0,
          "variableValue": 0.0
        },
        {
          "pos": [-1.5625,2.0,-3.5],
          "width": 0.0625,
          "height": 2.0,
          "variableValue": 0.0
        },
        {
          "pos": [-1.5625,2.0,-4.0],
          "width": 0.0625,
          "height": 2.0,
          "variableValue": 0.0
        },
        {
          "pos": [-1.5625,2.0,-4.5],
          "width": 0.0625,
          "height": 2.0,
          "variableValue": 0.0
        },
        {
          "pos": [1.5625,2.0,7.0],
          "width": 0.0625,
          "height": 2.0,
          "variableValue": 0.0
        },
        {
          "pos": [1.5625,2.0,6.5],
          "width": 0.0625,
          "height": 2.0,
          "variableValue": 0.0
        },
        {
          "pos": [1.5625,2.0,6.0],
          "width": 0.0625,
          "height": 2.0,
          "variableValue": 0.0
        },
        {
          "pos": [1.5625,2.0,5.5],
          "width": 0.0625,
          "height": 2.0,
          "variableValue": 0.0
        },
        {
          "pos": [1.5625,2.0,5.0],
          "width": 0.0625,
          "height": 2.0,
          "variableValue": 0.0
        },
        {
          "pos": [1.5625,2.0,4.5],
          "width": 0.0625,
          "height": 2.0,
          "variableValue": 0.0
        },
        {
          "pos": [1.5625,2.0,4.0],
          "width": 0.0625,
          "height": 2.0,
          "variableValue": 0.0
        },
        {
          "pos": [1.5625,2.0,3.5],
          "width": 0.0625,
          "height": 2.0,
          "variableValue": 0.0
        },
        {
          "pos": [1.5625,2.0,3.0],
          "width": 0.0625,
          "height": 2.0,
          "variableValue": 0.0
        },
        {
          "pos": [1.5625,2.0,2.5],
          "width": 0.0625,
          "height": 2.0,
          "variableValue": 0.0
        },
        {
          "pos": [1.5625,2.0,2.0],
          "width": 0.0625,
          "height": 2.0,
          "variableValue": 0.0
        },
        {
          "pos": [1.5625,2.0,1.5],
          "width": 0.0625,
          "height": 2.0,
          "variableValue": 0.0
        },
        {
          "pos": [1.5625,2.0,1.0],
          "width": 0.0625,
          "height": 2.0,
          "variableValue": 0.0
        },
        {
          "pos": [1.5625,2.0,0.5],
          "width": 0.0625,
          "height": 2.0,
          "variableValue": 0.0
        },
        {
          "pos": [1.5625,2.0,0.0],
          "width": 0.0625,
          "height": 2.0,
          "variableValue": 0.0
        },
        {
          "pos": [1.5625,2.0,-0.5],
          "width": 0.0625,
          "height": 2.0,
          "variableValue": 0.0
        },
        {
          "pos": [1.5625,2.0,-1.0],
          "width": 0.0625,
          "height": 2.0,
          "variableValue": 0.0
        },
        {
          "pos": [1.5625,2.0,-1.5],
          "width": 0.0625,
          "height": 2.0,
          "variableValue": 0.0
        },
        {
          "pos": [1.5625,2.0,-2.0],
          "width": 0.0625,
          "height": 2.0,
          "variableValue": 0.0
        },
        {
          "pos": [1.5625,2.0,-2.5],
          "width": 0.0625,
          "height": 2.0,
          "variableValue": 0.0
        },
        {
          "pos": [1.5625,2.0,-3.0],
          "width": 0.0625,
          "height": 2.0,
          "variableValue": 0.0
        },
        {
          "pos": [1.5625,2.0,-3.5],
          "width": 0.0625,
          "height": 2.0,
          "variableValue": 0.0
        },
        {
          "pos": [1.5625,2.0,-4.0],
          "width": 0.0625,
          "height": 2.0,
          "variableValue": 0.0
        },
        {
          "pos": [1.5625,2.0,-4.5],
          "width": 0.0625,
          "height": 2.0,
          "variableValue": 0.0
        },
        {
          "pos": [0.0,2.0,-5.0625],
          "width": 0.0625,
          "height": 2.0,
          "variableValue": 0.0
        },
        {
          "pos": [-0.5,2.0,-5.0625],
          "width": 0.0625,
          "height": 2.0,
          "variableValue": 0.0
        },
        {
          "pos": [0.5,2.0,-5.0625],
          "width": 0.0625,
          "height": 2.0,
          "variableValue": 0.0
        },
        {
          "pos": [-1.0,2.0,-5.0625],
          "width": 0.0625,
          "height": 2.0,
          "variableValue": 0.0
        },
        {
          "pos": [1.0,2.0,-5.0625],
          "width": 0.0625,
          "height": 2.0,
          "variableValue": 0.0
        }
      ]
    }
  ],
  "connectionGroups": [
    {
      "groupName": "HOOKUP",
      "hookup": true,
      "connections": [
        {
          "type": "tow_bumper_heavy",
          "pos": [0.0,0.0,8.84438],
          "distance": 0.0
        },
        {
          "type": "tow_bumper_heavy",
          "pos": [0.0,1.125,-5.13188],
          "distance": 0.0
        },
        {
          "type": "tow_wheel_heavy",
          "pos": [0.0,-0.5,7.6875],
          "distance": 0.0
        }
      ]
    },
    {
      "groupName": "TRAILER",
      "canIntiateConnections": true,
      "connections": [
        {
          "type": "trailer_standard",
          "pos": [0.0,1.125,-5.13188],
          "distance": 0.0
        }
      ]
    }
  ],
  "instruments": [
    {
      "pos": [1.0625,1.40625,8.46188],
      "rot": [0.0,0.0,0.0],
      "scale": 0.015625,
      "hudX": 80,
      "hudY": 36,
      "hudScale": 0.25
    },
    {
      "pos": [0.9375,1.59375,8.46188],
      "rot": [0.0,0.0,0.0],
      "scale": 0.015625,
      "hudX": 160,
      "hudY": 36,
      "hudScale": 0.5
    },
    {
      "pos": [0.75,1.59375,8.46188],
      "rot": [0.0,0.0,0.0],
      "scale": 0.015625,
      "hudX": 240,
      "hudY": 36,
      "hudScale": 0.5
    },
    {
      "pos": [0.5625,1.59375,8.46188],
      "rot": [0.0,0.0,0.0],
      "scale": 0.015625,
      "hudX": 320,
      "hudY": 36,
      "hudScale": 0.25
    }
  ],
  "definitions": [
    {
      "subName": "_blue",
      "name": "Trin Roalif XL",
      "extraMaterials": ["minecraft:dye:4:5"]
    },
    {
      "subName": "_brown",
      "name": "Trin Roalif XL",
      "extraMaterials": ["minecraft:dye:3:5"]
    },
    {
      "subName": "_light_blue",
      "name": "Trin Roalif XL",
      "extraMaterials": ["minecraft:dye:12:5"]
    },
    {
      "subName": "_light_gray",
      "name": "Trin Roalif XL",
      "extraMaterials": ["minecraft:dye:7:5"]
    },
    {
      "subName": "_olive",
      "name": "Trin Roalif XL",
      "extraMaterials": ["minecraft:dye:2:5"]
    },
    {
      "subName": "_red",
      "name": "Trin Roalif XL",
      "extraMaterials": ["minecraft:dye:1:5"]
    },
    {
      "subName": "_pure_black",
      "name": "Trin Roalif XL",
      "extraMaterials": ["minecraft:dye:0:10"]
    },
    {
      "subName": "_pure_white",
      "name": "Trin Roalif XL",
      "extraMaterials": ["minecraft:dye:15:10"]
    },
    {
      "subName": "_diamond",
      "name": "Trin Roalif XL",
      "extraMaterials": ["minecraft:dye:12:4","minecraft:diamond:0:1"]
    }
  ],
  "rendering": {
    "textObjects": [
      {
        "pos": [0.0,0.625,8.84438],
        "rot": [0.0,0.0,0.0],
        "scale": 0.13,
        "fieldName": "Text",
        "defaultText": "tcp-000",
        "maxLength": 7,
        "color": "000000"
      },
      {
        "pos": [0.0,1.125,-5.13188],
        "rot": [0.0,180.0,0.0],
        "scale": 0.13,
        "fieldName": "Text",
        "defaultText": "tcp-000",
        "maxLength": 7,
        "color": "000000"
      }
    ],
    "animatedObjects": [
      {
        "objectName": "$gas",
        "animations": [
          {
            "animationType": "rotation",
            "variable": "throttle",
            "centerPoint": [1.25,0.5625,8.375],
            "axis": [12.5,0.0,0.0]
          }
        ]
      },
      {
        "objectName": "$brake",
        "animations": [
          {
            "animationType": "rotation",
            "variable": "brake",
            "centerPoint": [0.9375,0.5625,8.375],
            "axis": [12.5,0.0,0.0]
          }
        ]
      },
      {
        "objectName": "$shift",
        "animations": [
          {
            "animationType": "rotation",
            "variable": "engine_gearshift_1",
            "centerPoint": [0.28125,0.5625,8.40625],
            "axis": [1.0,0.0,0.0]
          }
        ]
      },
      {
        "objectName": "$p_brake",
        "animations": [
          {
            "animationType": "rotation",
            "variable": "p_brake",
            "centerPoint": [0.3125,1.1875,8.46875],
            "axis": [-30.0,0.0,0.0]
          }
        ]
      },
      {
        "objectName": "$steer",
        "animations": [
          {
            "animationType": "rotation",
            "variable": "rudder",
            "centerPoint": [0.75,1.375,8.375],
            "axis": [-0.0,-0.0,1.0]
          }
        ]
      },
      {
        "objectName": "$hood",
        "animations": [
          {
            "animationType": "rotation",
            "variable": "hood",
            "centerPoint": [-1.625,0.125,-3.8125],
            "axis": [0.0,0.0,120.0]
          }
        ]
      },
      {
        "objectName": "$doorFL",
        "animations": [
          {
            "animationType": "rotation",
            "variable": "door",
            "centerPoint": [1.625,1.5,8.125],
            "axis": [0.0,-60.0,0.0],
            "duration": 30
          }
        ]
      },
      {
        "objectName": "$doorwindowFL",
        "animations": [
          {
            "animationType": "rotation",
            "variable": "door",
            "centerPoint": [1.625,1.5,8.125],
            "axis": [0.0,-60.0,0.0],
            "duration": 30
          }
        ]
      },
      {
        "objectName": "$doorFR",
        "animations": [
          {
            "animationType": "rotation",
            "variable": "door",
            "centerPoint": [-1.625,1.5,8.125],
            "axis": [0.0,60.0,0.0],
            "duration": 30
          }
        ]
      },
      {
        "objectName": "$doorwindowFR",
        "animations": [
          {
            "animationType": "rotation",
            "variable": "door",
            "centerPoint": [-1.625,1.5,8.125],
            "axis": [0.0,60.0,0.0],
            "duration": 30
          }
        ]
      },
      {
        "objectName": "$doorRR",
        "animations": [
          {
            "animationType": "rotation",
            "variable": "door",
            "centerPoint": [-1.59375,2.5,7.0],
            "axis": [0.0,60.0,0.0],
            "duration": 30
          }
        ]
      },
      {
        "objectName": "$doorwindowRR",
        "animations": [
          {
            "animationType": "rotation",
            "variable": "door",
            "centerPoint": [-1.59375,2.5,7.0],
            "axis": [0.0,60.0,0.0],
            "duration": 30
          }
        ]
      },
      {
        "objectName": "$doorWC",
        "animations": [
          {
            "animationType": "rotation",
            "variable": "door",
            "centerPoint": [-0.53125,2.5,-1.0625],
            "axis": [0.0,120.0,0.0],
            "duration": 30
          }
        ]
      }
    ],
    "lightObjects": [
      {
        "objectName": "&RunningLight_e60000_FFFFF_111",
        "emissive": true,
        "covered": true,
        "isElectric": true,
        "color": "E60000",
        "brightnessAnimations": [
          {
            "animationType": "visibility",
            "variable": "running_light",
            "clampMin": 1.0,
            "clampMax": 1.0
          }
        ],
        "blendableComponents": [
          {
            "pos": [1.34375,1.4687509536743164,-5.15625],
            "axis": [0.0,0.0,-1.0],
            "flareHeight": 0.5625,
            "flareWidth": 0.5625
          },
          {
            "pos": [-1.34375,1.4687509536743164,-5.15625],
            "axis": [0.0,0.0,-1.0],
            "flareHeight": 0.5625,
            "flareWidth": 0.5625
          }
        ]
      },
      {
        "objectName": "&Headlight_ffcc00_FFFFF_111",
        "emissive": true,
        "covered": true,
        "isElectric": true,
        "color": "FFCC00",
        "brightnessAnimations": [
          {
            "animationType": "visibility",
            "variable": "headlight",
            "clampMin": 1.0,
            "clampMax": 1.0
          }
        ],
        "blendableComponents": [
          {
            "pos": [1.3437495231628418,0.9687490165233612,8.893750190734863],
            "axis": [0.0,0.0,1.0],
            "flareHeight": 0.56250286,
            "flareWidth": 0.56250286,
            "beamDiameter": 12.000061,
            "beamLength": 36.000183
          },
          {
            "pos": [-1.3437504768371582,0.9687490165233612,8.893750190734863],
            "axis": [0.0,0.0,1.0],
            "flareHeight": 0.56250286,
            "flareWidth": 0.56250286,
            "beamDiameter": 12.000061,
            "beamLength": 36.000183
          }
        ]
      },
      {
        "objectName": "&LeftTurnLight_ff6600_FFC00_111",
        "emissive": true,
        "covered": true,
        "isElectric": true,
        "color": "FF6600",
        "brightnessAnimations": [
          {
            "animationType": "visibility",
            "variable": "left_turn_signal",
            "clampMin": 1.0,
            "clampMax": 1.0
          },
          {
            "animationType": "visibility",
            "variable": "10_10_0_cycle",
            "clampMin": 1.0,
            "clampMax": 1.0
          }
        ],
        "blendableComponents": [
          {
            "pos": [1.34375,1.0312509536743164,-5.15625],
            "axis": [0.0,0.0,-1.0],
            "flareHeight": 0.5625,
            "flareWidth": 0.5625
          },
          {
            "pos": [1.34375,0.7812489867210388,8.881250381469727],
            "axis": [0.0,0.0,1.0],
            "flareHeight": 0.5625,
            "flareWidth": 0.5625
          },
          {
            "pos": [1.6562490463256836,1.2812490463256836,8.34375],
            "axis": [1.0,0.0,0.0],
            "flareHeight": 0.5625,
            "flareWidth": 0.5625
          },
          {
            "pos": [1.65625,1.2812509536743164,-4.40625],
            "axis": [1.0,0.0,0.0],
            "flareHeight": 0.5625,
            "flareWidth": 0.5625
          },
          {
            "pos": [0.8749989867210388,1.4687490463256836,8.462499618530273],
            "axis": [0.0,0.0,-1.0],
            "flareHeight": 0.1875,
            "flareWidth": 0.1875
          },
          {
            "pos": [1.65625,1.28125,2.65625],
            "axis": [1.0,0.0,0.0],
            "flareHeight": 0.5625,
            "flareWidth": 0.5625
          }
        ]
      },
      {
        "objectName": "&BackupLight_ffffcc_FFFFF_111",
        "emissive": true,
        "covered": true,
        "isElectric": true,
        "color": "FFFFCC",
        "brightnessAnimations": [
          {
            "animationType": "visibility",
            "variable": "engine_reversed_1",
            "clampMin": 1.0,
            "clampMax": 1.0
          }
        ],
        "blendableComponents": [
          {
            "pos": [1.34375,1.2187509536743164,-5.15625],
            "axis": [0.0,0.0,-1.0],
            "flareHeight": 0.5625,
            "flareWidth": 0.5625
          },
          {
            "pos": [-1.34375,1.2187509536743164,-5.15625],
            "axis": [0.0,0.0,-1.0],
            "flareHeight": 0.5625,
            "flareWidth": 0.5625
          }
        ]
      },
      {
        "objectName": "&RunningLight_ffcc00_FFFFF_111",
        "emissive": true,
        "covered": true,
        "isElectric": true,
        "color": "FFCC00",
        "brightnessAnimations": [
          {
            "animationType": "visibility",
            "variable": "running_light",
            "clampMin": 1.0,
            "clampMax": 1.0
          }
        ],
        "blendableComponents": [
          {
            "pos": [-1.3437509536743164,1.2187490463256836,8.90625],
            "axis": [0.0,0.0,1.0],
            "flareHeight": 0.5625,
            "flareWidth": 0.5625
          },
          {
            "pos": [1.3437490463256836,1.2187490463256836,8.90625],
            "axis": [0.0,0.0,1.0],
            "flareHeight": 0.5625,
            "flareWidth": 0.5625
          },
          {
            "pos": [0.6249989867210388,1.3437490463256836,8.462499618530273],
            "axis": [0.0,0.0,-1.0],
            "flareHeight": 0.1875,
            "flareWidth": 0.1875
          }
        ]
      },
      {
        "objectName": "&BrakeLight_e60000_FFFFF_111",
        "emissive": true,
        "covered": true,
        "isElectric": true,
        "color": "E60000",
        "brightnessAnimations": [
          {
            "animationType": "visibility",
            "variable": "brake",
            "clampMin": 0.01,
            "clampMax": 1.0
          }
        ],
        "blendableComponents": [
          {
            "pos": [1.09375,1.4687509536743164,-5.15625],
            "axis": [0.0,0.0,-1.0],
            "flareHeight": 0.5625,
            "flareWidth": 0.5625
          },
          {
            "pos": [-1.09375,1.4687509536743164,-5.15625],
            "axis": [0.0,0.0,-1.0],
            "flareHeight": 0.5625,
            "flareWidth": 0.5625
          },
          {
            "pos": [0.0,3.5625009536743164,-5.15625],
            "axis": [0.0,0.0,-1.0],
            "flareHeight": 1.125,
            "flareWidth": 1.125
          }
        ]
      },
      {
        "objectName": "&RightTurnLight_ff6600_FFC00_111",
        "emissive": true,
        "covered": true,
        "isElectric": true,
        "color": "FF6600",
        "brightnessAnimations": [
          {
            "animationType": "visibility",
            "variable": "right_turn_signal",
            "clampMin": 1.0,
            "clampMax": 1.0
          },
          {
            "animationType": "visibility",
            "variable": "10_10_0_cycle",
            "clampMin": 1.0,
            "clampMax": 1.0
          }
        ],
        "blendableComponents": [
          {
            "pos": [-1.34375,1.0312509536743164,-5.15625],
            "axis": [0.0,0.0,-1.0],
            "flareHeight": 0.5625,
            "flareWidth": 0.5625
          },
          {
            "pos": [-1.34375,0.7812489867210388,8.881250381469727],
            "axis": [0.0,0.0,1.0],
            "flareHeight": 0.5625,
            "flareWidth": 0.5625
          },
          {
            "pos": [-1.65625,1.2812509536743164,-4.40625],
            "axis": [-1.0,0.0,0.0],
            "flareHeight": 0.5625,
            "flareWidth": 0.5625
          },
          {
            "pos": [-1.6562509536743164,1.2812490463256836,8.34375],
            "axis": [-1.0,0.0,0.0],
            "flareHeight": 0.5625,
            "flareWidth": 0.5625
          },
          {
            "pos": [0.6249989867210388,1.4687490463256836,8.462499618530273],
            "axis": [0.0,0.0,-1.0],
            "flareHeight": 0.1875,
            "flareWidth": 0.1875
          },
          {
            "pos": [-1.65625,1.28125,2.65625],
            "axis": [-1.0,0.0,0.0],
            "flareHeight": 0.5625,
            "flareWidth": 0.5625
          }
        ]
      }
    ],
    "sounds": [
      {
        "name": "iv_tcp:horn_1",
        "activeAnimations": [
          {
            "animationType": "visibility",
            "variable": "horn",
            "clampMin": 1.0,
            "clampMax": 1.0
          }
        ],
        "looping": true
      }
    ],
    "particles": []
  },
  "general": {
    "description": "Recommended parts:\nLarge Sized Wheels\nHeavy V8 Engine\nModel 2 Seats",
    "materials": ["mts:iv_tcp_v2.pile_of_v2_junk:0:14"]
  }
}
