{
  "motorized": {
    "isRearWheelDrive": true,
    "hasRunningLights": true,
    "hasHeadlights": true,
    "hasTurnSignals": true,
    "emptyMass": 5000,
    "fuelCapacity": 30000,
    "downForce": 0.6,
    "overSteer": 2,
    "underSteer": 3,
    "overSteerAccel": -2,
    "overSteerDecel": 1.5,
    "axleRatio": 3.6,
    "brakingFactor": 1.0,
    "maxTiltAngle": -3,
    "dragCoefficient": 0.9
  },
  "parts": [
    {
      "pos": [1.5,0.0,0.0],
      "minValue": 0.5,
      "maxValue": 1.1,
      "types": ["ground_wheel"]
    },
    {
      "pos": [-1.5,0.0,0.0],
      "minValue": 0.5,
      "maxValue": 1.1,
      "types": ["ground_wheel"]
    },
    {
      "pos": [1.5,0.0,7.375],
      "turnsWithSteer": true,
      "minValue": 0.5,
      "maxValue": 1.1,
      "types": ["ground_wheel"],
      "animations": [
        {
          "animationType": "rotation",
          "variable": "rudder",
          "centerPoint": [0.0,0.0,0.0],
          "axis": [0.0,-1.0,0.0]
        }
      ]
    },
    {
      "pos": [-1.5,0.0,7.375],
      "turnsWithSteer": true,
      "minValue": 0.5,
      "maxValue": 1.1,
      "types": ["ground_wheel"],
      "animations": [
        {
          "animationType": "rotation",
          "variable": "rudder",
          "centerPoint": [0.0,0.0,0.0],
          "axis": [0.0,-1.0,0.0]
        }
      ]
    },
    {
      "pos": [0.9375,0.5,8.5625],
      "isController": true,
      "types": ["seat"]
    },
    {
      "pos": [0.8125,0.25,7.75],
      "rot": [0.0,180.0,0.0],
      "types": ["seat_bus"]
    },
    {
      "pos": [1.125,0.25,6.5625],
      "rot": [0.0,180.0,0.0],
      "types": ["seat_bus"]
    },
    {
      "pos": [0.375,0.25,6.5625],
      "rot": [0.0,180.0,0.0],
      "types": ["seat_bus"]
    },
    {
      "pos": [-1.125,0.25,6.5625],
      "rot": [0.0,180.0,0.0],
      "types": ["seat_bus"]
    },
    {
      "pos": [1.125,0.25,4.6875],
      "rot": [0.0,0.0,0.0],
      "types": ["seat_bus"]
    },
    {
      "pos": [0.375,0.25,4.6875],
      "rot": [0.0,0.0,0.0],
      "types": ["seat_bus"]
    },
    {
      "pos": [-1.125,0.25,4.6875],
      "rot": [0.0,0.0,0.0],
      "types": ["seat_bus"]
    },
    {
      "pos": [1.3125,0.25,4.0625],
      "rot": [0.0,-90.0,0.0],
      "types": ["seat_bus"]
    },
    {
      "pos": [1.3125,0.25,3.3125],
      "rot": [0.0,-90.0,0.0],
      "types": ["seat_bus"]
    },
    {
      "pos": [1.125,0.25,2.6875],
      "rot": [0.0,180.0,0.0],
      "types": ["seat_bus"]
    },
    {
      "pos": [0.375,0.25,2.6875],
      "rot": [0.0,180.0,0.0],
      "types": ["seat_bus"]
    },
    {
      "pos": [-1.125,0.25,2.6875],
      "rot": [0.0,180.0,0.0],
      "types": ["seat_bus"]
    },
    {
      "pos": [1.125,0.25,0.8125],
      "rot": [0.0,0.0,0.0],
      "types": ["seat_bus"]
    },
    {
      "pos": [0.375,0.25,0.8125],
      "rot": [0.0,0.0,0.0],
      "types": ["seat_bus"]
    },
    {
      "pos": [-1.125,0.25,0.8125],
      "rot": [0.0,0.0,0.0],
      "types": ["seat_bus"]
    },
    {
      "pos": [0.8125,0.25,0.4375],
      "rot": [0.0,180.0,0.0],
      "types": ["seat_bus"]
    },
    {
      "pos": [1.125,0.25,-0.8125],
      "rot": [0.0,180.0,0.0],
      "types": ["seat_bus"]
    },
    {
      "pos": [0.375,0.25,-0.8125],
      "rot": [0.0,180.0,0.0],
      "types": ["seat_bus"]
    },
    {
      "pos": [1.125,0.25,-3.0],
      "rot": [0.0,0.0,0.0],
      "types": ["seat_bus"]
    },
    {
      "pos": [-1.125,0.25,-3.0],
      "rot": [0.0,0.0,0.0],
      "types": ["seat_bus"]
    },
    {
      "pos": [0.0,0.125,-3.125],
      "rot": [-90.0,0.0,0.0],
      "maxValue": 2.0,
      "types": ["engine_car"]
    }
  ],
  "collisionGroups": [
    {
      "collisions": [
        {
          "pos": [0.0,2.375,9.0],
          "width": 1.0,
          "height": 0.125,
          "variableValue": 0.0
        },
        {
          "pos": [0.0,2.375,7.0],
          "width": 3.0,
          "height": 0.125,
          "variableValue": 0.0
        },
        {
          "pos": [0.0,2.375,4.0],
          "width": 3.0,
          "height": 0.125,
          "variableValue": 0.0
        },
        {
          "pos": [0.0,2.375,1.0],
          "width": 3.0,
          "height": 0.125,
          "variableValue": 0.0
        },
        {
          "pos": [0.0,2.375,-2.0],
          "width": 3.0,
          "height": 0.125,
          "variableValue": 0.0
        },
        {
          "pos": [-1.5,1.0,7.375],
          "width": 0.0625,
          "height": 0.0625,
          "variableValue": 0.0
        },
        {
          "pos": [1.5,1.0,7.375],
          "width": 0.0625,
          "height": 0.0625,
          "variableValue": 0.0
        },
        {
          "pos": [-1.5,1.0,0.0],
          "width": 0.0625,
          "height": 0.0625,
          "variableValue": 0.0
        },
        {
          "pos": [1.5,1.0,0.0],
          "width": 0.0625,
          "height": 0.0625,
          "variableValue": 0.0
        }
      ]
    }
  ],
  "connectionGroups": [
    {
      "groupName": "HOOKUP",
      "hookup": true,
      "connections": [
        {
          "type": "tow_bumper_heavy",
          "pos": [0.0,-0.25,9.9375],
          "distance": 0.0
        },
        {
          "type": "tow_bumper_heavy",
          "pos": [0.0,-0.0625,-1.21875],
          "distance": 0.0
        },
        {
          "type": "tow_wheel_heavy",
          "pos": [0.0,-0.5,7.375],
          "distance": 0.0
        }
      ]
    }
  ],
  "instruments": [
    {
      "pos": [1.3125,0.875,9.28063],
      "rot": [0.0,0.0,0.0],
      "scale": 0.015625,
      "hudX": 80,
      "hudY": 36,
      "hudScale": 0.25
    },
    {
      "pos": [1.125,0.9375,9.28063],
      "rot": [0.0,0.0,0.0],
      "scale": 0.015625,
      "hudX": 160,
      "hudY": 36,
      "hudScale": 0.5
    },
    {
      "pos": [0.75,0.9375,9.28063],
      "rot": [0.0,0.0,0.0],
      "scale": 0.015625,
      "hudX": 240,
      "hudY": 36,
      "hudScale": 0.5
    },
    {
      "pos": [0.5625,0.875,9.28063],
      "rot": [0.0,0.0,0.0],
      "scale": 0.015625,
      "hudX": 320,
      "hudY": 36,
      "hudScale": 0.25
    }
  ],
  "definitions": [
    {
      "subName": "_blue",
      "name": "Trin Transortus",
      "extraMaterials": ["minecraft:dye:4:5"]
    },
    {
      "subName": "_brown",
      "name": "Trin Transortus",
      "extraMaterials": ["minecraft:dye:3:5"]
    },
    {
      "subName": "_light_blue",
      "name": "Trin Transortus",
      "extraMaterials": ["minecraft:dye:12:5"]
    },
    {
      "subName": "_light_gray",
      "name": "Trin Transortus",
      "extraMaterials": ["minecraft:dye:7:5"]
    },
    {
      "subName": "_olive",
      "name": "Trin Transortus",
      "extraMaterials": ["minecraft:dye:2:5"]
    },
    {
      "subName": "_red",
      "name": "Trin Transortus",
      "extraMaterials": ["minecraft:dye:1:5"]
    },
    {
      "subName": "_pure_black",
      "name": "Trin Transortus",
      "extraMaterials": ["minecraft:dye:0:10"]
    },
    {
      "subName": "_pure_white",
      "name": "Trin Transortus",
      "extraMaterials": ["minecraft:dye:15:10"]
    },
    {
      "subName": "_diamond",
      "name": "Trin Transortus",
      "extraMaterials": ["minecraft:dye:12:4","minecraft:diamond:0:1"]
    }
  ],
  "rendering": {
    "textObjects": [
      {
        "pos": [0.0,-0.15625,9.95375],
        "rot": [0.0,0.0,0.0],
        "scale": 0.13,
        "fieldName": "Text",
        "defaultText": "tcp-000",
        "maxLength": 7,
        "color": "000000"
      },
      {
        "pos": [0.0,0.03125,-3.76625],
        "rot": [0.0,180.0,0.0],
        "scale": 0.13,
        "fieldName": "Text",
        "defaultText": "tcp-000",
        "maxLength": 7,
        "color": "000000"
      }
    ],
    "animatedObjects": [
      {
        "objectName": "$gas",
        "animations": [
          {
            "animationType": "rotation",
            "variable": "throttle",
            "centerPoint": [0.0,0.3125,9.03125],
            "axis": [25.0,0.0,0.0]
          }
        ]
      },
      {
        "objectName": "$brake",
        "animations": [
          {
            "animationType": "rotation",
            "variable": "brake",
            "centerPoint": [0.0,0.3125,9.03125],
            "axis": [25.0,0.0,0.0]
          }
        ]
      },
      {
        "objectName": "$p_brake",
        "animations": [
          {
            "animationType": "rotation",
            "variable": "p_brake",
            "centerPoint": [0.0,0.375,9.0625],
            "axis": [30.0,0.0,0.0]
          }
        ]
      },
      {
        "objectName": "$shift",
        "animations": [
          {
            "animationType": "rotation",
            "variable": "engine_gearshift_1",
            "centerPoint": [0.0,0.375,8.71875],
            "axis": [1.0,0.0,0.0]
          }
        ]
      },
      {
        "objectName": "$steer",
        "animations": [
          {
            "animationType": "rotation",
            "variable": "rudder",
            "centerPoint": [0.9375,0.90625,9.2],
            "axis": [-0.0,-0.0,1.0]
          }
        ]
      },
      {
        "objectName": "$hood",
        "animations": [
          {
            "animationType": "rotation",
            "variable": "hood",
            "centerPoint": [0.0,1.0625,-3.75],
            "axis": [60.0,0.0,0.0]
          }
        ]
      },
      {
        "objectName": "%doorFF",
        "animations": [
          {
            "animationType": "translation",
            "variable": "door",
            "axis": [-7.5,0.0,48.75],
            "duration": 30
          }
        ]
      },
      {
        "objectName": "%doorwindowFFa",
        "animations": [
          {
            "animationType": "translation",
            "variable": "door",
            "axis": [-7.5,0.0,48.75],
            "duration": 30
          }
        ]
      },
      {
        "objectName": "%doorwindowFFb",
        "animations": [
          {
            "animationType": "translation",
            "variable": "door",
            "axis": [-7.5,0.0,48.75],
            "duration": 30
          }
        ]
      },
      {
        "objectName": "%doorFR",
        "animations": [
          {
            "animationType": "translation",
            "variable": "door",
            "axis": [-7.5,0.0,-48.75],
            "duration": 30
          }
        ]
      },
      {
        "objectName": "%doorwindowFRa",
        "animations": [
          {
            "animationType": "translation",
            "variable": "door",
            "axis": [-7.5,0.0,-48.75],
            "duration": 30
          }
        ]
      },
      {
        "objectName": "%doorwindowFRb",
        "animations": [
          {
            "animationType": "translation",
            "variable": "door",
            "axis": [-7.5,0.0,-48.75],
            "duration": 30
          }
        ]
      },
      {
        "objectName": "%doorCF",
        "animations": [
          {
            "animationType": "translation",
            "variable": "door",
            "axis": [-7.5,0.0,48.75],
            "duration": 30
          }
        ]
      },
      {
        "objectName": "%doorwindowCFa",
        "animations": [
          {
            "animationType": "translation",
            "variable": "door",
            "axis": [-7.5,0.0,48.75],
            "duration": 30
          }
        ]
      },
      {
        "objectName": "%doorwindowCFb",
        "animations": [
          {
            "animationType": "translation",
            "variable": "door",
            "axis": [-7.5,0.0,48.75],
            "duration": 30
          }
        ]
      },
      {
        "objectName": "%doorCR",
        "animations": [
          {
            "animationType": "translation",
            "variable": "door",
            "axis": [-7.5,0.0,-48.75],
            "duration": 30
          }
        ]
      },
      {
        "objectName": "%doorwindowCRa",
        "animations": [
          {
            "animationType": "translation",
            "variable": "door",
            "axis": [-7.5,0.0,-48.75],
            "duration": 30
          }
        ]
      },
      {
        "objectName": "%doorwindowCRb",
        "animations": [
          {
            "animationType": "translation",
            "variable": "door",
            "axis": [-7.5,0.0,-48.75],
            "duration": 30
          }
        ]
      },
      {
        "objectName": "%doorRF",
        "animations": [
          {
            "animationType": "translation",
            "variable": "door",
            "axis": [-7.5,0.0,48.75],
            "duration": 30
          }
        ]
      },
      {
        "objectName": "%doorwindowRFa",
        "animations": [
          {
            "animationType": "translation",
            "variable": "door",
            "axis": [-7.5,0.0,48.75],
            "duration": 30
          }
        ]
      },
      {
        "objectName": "%doorwindowRFb",
        "animations": [
          {
            "animationType": "translation",
            "variable": "door",
            "axis": [-7.5,0.0,48.75],
            "duration": 30
          }
        ]
      },
      {
        "objectName": "%doorRR",
        "animations": [
          {
            "animationType": "translation",
            "variable": "door",
            "axis": [-7.5,0.0,-48.75],
            "duration": 30
          }
        ]
      },
      {
        "objectName": "%doorwindowRRa",
        "animations": [
          {
            "animationType": "translation",
            "variable": "door",
            "axis": [-7.5,0.0,-48.75],
            "duration": 30
          }
        ]
      },
      {
        "objectName": "%doorwindowRRb",
        "animations": [
          {
            "animationType": "translation",
            "variable": "door",
            "axis": [-7.5,0.0,-48.75],
            "duration": 30
          }
        ]
      }
    ],
    "lightObjects": [
      {
        "objectName": "&BackupLight_ffffcc_FFFFF_111",
        "emissive": true,
        "covered": true,
        "isElectric": true,
        "color": "FFFFCC",
        "brightnessAnimations": [
          {
            "animationType": "visibility",
            "variable": "engine_reversed_1",
            "clampMin": 1.0,
            "clampMax": 1.0
          }
        ],
        "blendableComponents": [
          {
            "pos": [-1.3125,0.4375010132789612,-3.765625],
            "axis": [0.0,0.0,-1.0],
            "flareHeight": 0.75,
            "flareWidth": 0.75
          },
          {
            "pos": [1.3125,0.4375010132789612,-3.765625],
            "axis": [0.0,0.0,-1.0],
            "flareHeight": 0.75,
            "flareWidth": 0.75
          }
        ]
      },
      {
        "objectName": "&BrakeLight_e60000_FFFFF_111",
        "emissive": true,
        "covered": true,
        "isElectric": true,
        "color": "E60000",
        "brightnessAnimations": [
          {
            "animationType": "visibility",
            "variable": "brake",
            "clampMin": 0.01,
            "clampMax": 1.0
          }
        ],
        "blendableComponents": [
          {
            "pos": [-1.3125,0.8125010132789612,-3.765625],
            "axis": [0.0,0.0,-1.0],
            "flareHeight": 0.75,
            "flareWidth": 0.75
          },
          {
            "pos": [1.3125,0.8125010132789612,-3.765625],
            "axis": [0.0,0.0,-1.0],
            "flareHeight": 0.75,
            "flareWidth": 0.75
          },
          {
            "pos": [0.0,2.1875009536743164,-3.765625],
            "axis": [0.0,0.0,-1.0],
            "flareHeight": 1.5,
            "flareWidth": 1.5
          }
        ]
      },
      {
        "objectName": "&Headlight_ffcc00_FFFFF_111",
        "emissive": true,
        "covered": true,
        "isElectric": true,
        "color": "FFCC00",
        "brightnessAnimations": [
          {
            "animationType": "visibility",
            "variable": "headlight",
            "clampMin": 1.0,
            "clampMax": 1.0
          }
        ],
        "blendableComponents": [
          {
            "pos": [-1.4062504768371582,0.5937479883432388,9.84375],
            "axis": [0.0,0.0,1.0],
            "flareHeight": 0.56250286,
            "flareWidth": 0.56250286,
            "beamDiameter": 12.000061,
            "beamLength": 36.000183
          },
          {
            "pos": [1.4062495231628418,0.5937479883432388,9.84375],
            "axis": [0.0,0.0,1.0],
            "flareHeight": 0.56250286,
            "flareWidth": 0.56250286,
            "beamDiameter": 12.000061,
            "beamLength": 36.000183
          }
        ]
      },
      {
        "objectName": "&RunningLight_ffcc00_FFFFF_011",
        "emissive": true,
        "covered": true,
        "isElectric": true,
        "color": "FFCC00",
        "brightnessAnimations": [
          {
            "animationType": "visibility",
            "variable": "running_light",
            "clampMin": 1.0,
            "clampMax": 1.0
          }
        ]
      },
      {
        "objectName": "&RunningLight_ffffcc_FFFFF_111",
        "emissive": true,
        "covered": true,
        "isElectric": true,
        "color": "FFFFCC",
        "brightnessAnimations": [
          {
            "animationType": "visibility",
            "variable": "running_light",
            "clampMin": 1.0,
            "clampMax": 1.0
          }
        ],
        "blendableComponents": [
          {
            "pos": [-1.5781259536743164,2.1249990463256836,8.8125],
            "axis": [-1.0,0.0,0.0],
            "flareHeight": 0.5625,
            "flareWidth": 0.5625
          },
          {
            "pos": [-1.578125,2.124999523162842,3.6875],
            "axis": [-1.0,0.0,0.0],
            "flareHeight": 0.5625,
            "flareWidth": 0.5625
          },
          {
            "pos": [-1.578125,2.125,-1.4375],
            "axis": [-1.0,0.0,0.0],
            "flareHeight": 0.5625,
            "flareWidth": 0.5625
          }
        ]
      },
      {
        "objectName": "&RunningLight_ffcc00_FFFFF_111",
        "emissive": true,
        "covered": true,
        "isElectric": true,
        "color": "FFCC00",
        "brightnessAnimations": [
          {
            "animationType": "visibility",
            "variable": "running_light",
            "clampMin": 1.0,
            "clampMax": 1.0
          }
        ],
        "blendableComponents": [
          {
            "pos": [-1.1562504768371582,0.5937479883432388,9.90625],
            "axis": [0.0,0.0,1.0],
            "flareHeight": 0.56250286,
            "flareWidth": 0.56250286
          },
          {
            "pos": [1.1562495231628418,0.5937479883432388,9.90625],
            "axis": [0.0,0.0,1.0],
            "flareHeight": 0.56250286,
            "flareWidth": 0.56250286
          }
        ]
      },
      {
        "objectName": "&RunningLight_ff6600_FFFFF_111",
        "emissive": true,
        "covered": true,
        "isElectric": true,
        "color": "FF6600",
        "brightnessAnimations": [
          {
            "animationType": "visibility",
            "variable": "running_light",
            "clampMin": 1.0,
            "clampMax": 1.0
          }
        ],
        "blendableComponents": [
          {
            "pos": [0.0,1.4687509536743164,-3.765625],
            "axis": [0.0,0.0,-1.0],
            "flareHeight": 0.375,
            "flareWidth": 0.375
          },
          {
            "pos": [-0.25,1.4687509536743164,-3.765625],
            "axis": [0.0,0.0,-1.0],
            "flareHeight": 0.375,
            "flareWidth": 0.375
          },
          {
            "pos": [0.25,1.4687509536743164,-3.765625],
            "axis": [0.0,0.0,-1.0],
            "flareHeight": 0.375,
            "flareWidth": 0.375
          },
          {
            "pos": [-0.2500010058283806,2.218748092651367,9.890625],
            "axis": [0.0,0.0,1.0],
            "flareHeight": 0.37500006,
            "flareWidth": 0.37500006
          },
          {
            "pos": [-9.98377799987793E-7,2.218748092651367,9.890625],
            "axis": [0.0,0.0,1.0],
            "flareHeight": 0.375,
            "flareWidth": 0.375
          },
          {
            "pos": [0.24999899417161942,2.218748092651367,9.890625],
            "axis": [0.0,0.0,1.0],
            "flareHeight": 0.37499994,
            "flareWidth": 0.37499994
          }
        ]
      },
      {
        "objectName": "&RunningLight_e60000_FFFFF_111",
        "emissive": true,
        "covered": true,
        "isElectric": true,
        "color": "E60000",
        "brightnessAnimations": [
          {
            "animationType": "visibility",
            "variable": "running_light",
            "clampMin": 1.0,
            "clampMax": 1.0
          }
        ],
        "blendableComponents": [
          {
            "pos": [-1.3125,0.6250010132789612,-3.765625],
            "axis": [0.0,0.0,-1.0],
            "flareHeight": 0.75,
            "flareWidth": 0.75
          },
          {
            "pos": [1.3125,0.6250010132789612,-3.765625],
            "axis": [0.0,0.0,-1.0],
            "flareHeight": 0.75,
            "flareWidth": 0.75
          }
        ]
      },
      {
        "objectName": "&LeftTurnLight_ff6600_FFC00_111",
        "emissive": true,
        "covered": true,
        "isElectric": true,
        "color": "FF6600",
        "brightnessAnimations": [
          {
            "animationType": "visibility",
            "variable": "left_turn_signal",
            "clampMin": 1.0,
            "clampMax": 1.0
          },
          {
            "animationType": "visibility",
            "variable": "10_10_0_cycle",
            "clampMin": 1.0,
            "clampMax": 1.0
          }
        ],
        "blendableComponents": [
          {
            "pos": [1.3125,0.2500010058283806,-3.765625],
            "axis": [0.0,0.0,-1.0],
            "flareHeight": 0.75,
            "flareWidth": 0.75
          },
          {
            "pos": [1.15625,0.2812480032444,9.90625],
            "axis": [0.0,0.0,1.0],
            "flareHeight": 0.5625,
            "flareWidth": 0.5625
          },
          {
            "pos": [1.640625,0.6562479734420776,9.46875],
            "axis": [1.0,0.0,0.0],
            "flareHeight": 0.5625,
            "flareWidth": 0.5625
          },
          {
            "pos": [1.640625,0.6562510132789612,-3.46875],
            "axis": [1.0,0.0,0.0],
            "flareHeight": 0.5625,
            "flareWidth": 0.5625
          }
        ]
      },
      {
        "objectName": "&RightTurnLight_ff6600_FFC00_111",
        "emissive": true,
        "covered": true,
        "isElectric": true,
        "color": "FF6600",
        "brightnessAnimations": [
          {
            "animationType": "visibility",
            "variable": "right_turn_signal",
            "clampMin": 1.0,
            "clampMax": 1.0
          },
          {
            "animationType": "visibility",
            "variable": "10_10_0_cycle",
            "clampMin": 1.0,
            "clampMax": 1.0
          }
        ],
        "blendableComponents": [
          {
            "pos": [-1.3125,0.2500010058283806,-3.765625],
            "axis": [0.0,0.0,-1.0],
            "flareHeight": 0.75,
            "flareWidth": 0.75
          },
          {
            "pos": [-1.15625,0.2812480032444,9.90625],
            "axis": [0.0,0.0,1.0],
            "flareHeight": 0.5625,
            "flareWidth": 0.5625
          },
          {
            "pos": [-1.640625,0.6562510132789612,-3.46875],
            "axis": [-1.0,0.0,0.0],
            "flareHeight": 0.5625,
            "flareWidth": 0.5625
          },
          {
            "pos": [-1.6406254768371582,0.6562479734420776,9.65625],
            "axis": [-1.0,0.0,0.0],
            "flareHeight": 0.375,
            "flareWidth": 0.375
          }
        ]
      }
    ],
    "sounds": [
      {
        "name": "iv_tcp:horn_1",
        "activeAnimations": [
          {
            "animationType": "visibility",
            "variable": "horn",
            "clampMin": 1.0,
            "clampMax": 1.0
          }
        ],
        "looping": true
      },
      {
        "name": "mts:air_brake_activating",
        "activeAnimations": [
          {
            "animationType": "visibility",
            "variable": "p_brake",
            "clampMin": 1.0,
            "clampMax": 1.0
          }
        ]
      },
      {
        "name": "mts:backup_beeper",
        "activeAnimations": [
          {
            "animationType": "visibility",
            "variable": "engine_gear_1",
            "clampMin": -10.0,
            "clampMax": -1.0
          }
        ],
        "looping": true
      }
    ],
    "particles": []
  },
  "general": {
    "description": "Recommended parts:\nLarge Sized Wheels\nHeavy V8 Engine\nModel 1 Seat & bus seats",
    "materials": ["mts:iv_tcp_v2.pile_of_v2_junk:0:14"]
  }
}
