{
  "motorized": {
    "isFrontWheelDrive": true,
    "hasRunningLights": true,
    "hasHeadlights": true,
    "hasTurnSignals": true,
    "emptyMass": 2000,
    "fuelCapacity": 15000,
    "downForce": 0.65,
    "overSteer": 0.5,
    "underSteer": 3,
    "overSteerAccel": -2,
    "overSteerDecel": 1.5,
    "axleRatio": 3.2,
    "brakingFactor": 1.25,
    "maxTiltAngle": -3.75,
    "dragCoefficient": 0.42
  },
  "parts": [
    {
      "pos": [1.094,0.0,0.0],
      "minValue": 0.4,
      "maxValue": 0.95,
      "types": ["ground_wheel"]
    },
    {
      "pos": [-1.094,0.0,0.0],
      "minValue": 0.4,
      "maxValue": 0.95,
      "types": ["ground_wheel"]
    },
    {
      "pos": [1.094,0.0,4.438],
      "turnsWithSteer": true,
      "minValue": 0.4,
      "maxValue": 0.95,
      "types": ["ground_wheel"],
      "animations": [
        {
          "animationType": "rotation",
          "variable": "rudder",
          "centerPoint": [0.0,0.0,0.0],
          "axis": [0.0,-1.0,0.0]
        }
      ]
    },
    {
      "pos": [-1.094,0.0,4.438],
      "turnsWithSteer": true,
      "minValue": 0.4,
      "maxValue": 0.95,
      "types": ["ground_wheel"],
      "animations": [
        {
          "animationType": "rotation",
          "variable": "rudder",
          "centerPoint": [0.0,0.0,0.0],
          "axis": [0.0,-1.0,0.0]
        }
      ]
    },
    {
      "pos": [0.563,0.313,3.0],
      "isController": true,
      "types": ["seat"]
    },
    {
      "pos": [-0.563,0.313,3.0],
      "types": ["seat"],
      "additionalParts": [
        {
          "pos": [-0.563,0.32,3.0],
          "rot": [0.0,90.0,0.0],
          "maxValue": 2.0,
          "types": ["interactable_luggage"]
        }
      ]
    },
    {
      "pos": [0.0,0.125,3.938],
      "maxValue": 0.9,
      "types": ["engine_car"]
    },
    {
      "pos": [0.0,2.438,2.313],
      "maxValue": 3.0,
      "types": ["generic_roofdevice"]
    },
    {
      "pos": [0.0,2.438,2.563],
      "maxValue": 3.0,
      "types": ["generic_lightbar"]
    },
    {
      "pos": [0.0,2.438,0.938],
      "maxValue": 3.0,
      "types": ["interactable_crate_roof"]
    },
    {
      "pos": [0.0,0.125,5.5],
      "maxValue": 2.0,
      "types": ["generic_bullbar"]
    },
    {
      "pos": [0.5,0.0,-0.909],
      "rot": [0.0,0.0,27.0],
      "maxValue": 1.0,
      "types": ["generic_bumpersticker"]
    },
    {
      "pos": [-0.5,0.0,-0.909],
      "rot": [0.0,0.0,27.0],
      "maxValue": 1.0,
      "types": ["generic_bumpersticker"]
    },
    {
      "pos": [0.438,0.438,1.938],
      "rot": [0.0,3.0,0.0],
      "maxValue": 3.0,
      "types": ["interactable_crate"],
      "additionalParts": [
        {
          "pos": [0.438,1.188,1.938],
          "rot": [0.0,-8.0,0.0],
          "maxValue": 3.0,
          "types": ["interactable_crate"],
          "additionalParts": [
            {
              "pos": [0.438,1.938,1.938],
              "rot": [0.0,0.0,0.0],
              "maxValue": 3.0,
              "types": ["interactable_crate"]
            }
          ]
        }
      ]
    },
    {
      "pos": [-0.438,0.438,1.938],
      "rot": [3.0,8.0,3.0],
      "maxValue": 3.0,
      "types": ["interactable_crate"],
      "additionalParts": [
        {
          "pos": [-0.438,1.188,1.938],
          "rot": [1.0,-3.0,0.0],
          "maxValue": 3.0,
          "types": ["interactable_crate"],
          "additionalParts": [
            {
              "pos": [-0.438,1.938,1.938],
              "rot": [0.0,-8.0,2.0],
              "maxValue": 3.0,
              "types": ["interactable_crate"]
            }
          ]
        }
      ]
    },
    {
      "pos": [0.438,0.438,1.063],
      "rot": [0.0,8.0,2.0],
      "maxValue": 3.0,
      "types": ["interactable_crate"],
      "additionalParts": [
        {
          "pos": [0.438,1.188,1.063],
          "rot": [1.0,-12.0,0.0],
          "maxValue": 3.0,
          "types": ["interactable_crate"],
          "additionalParts": [
            {
              "pos": [0.438,1.938,1.063],
              "rot": [0.0,6.0,2.0],
              "maxValue": 3.0,
              "types": ["interactable_crate"]
            }
          ]
        }
      ]
    },
    {
      "pos": [-0.438,0.438,1.063],
      "rot": [0.0,-2.0,1.0],
      "maxValue": 3.0,
      "types": ["interactable_crate"],
      "additionalParts": [
        {
          "pos": [-0.438,1.188,1.063],
          "rot": [0.0,9.0,3.0],
          "maxValue": 3.0,
          "types": ["interactable_crate"],
          "additionalParts": [
            {
              "pos": [-0.438,1.938,1.063],
              "rot": [3.0,-8.0,-3.0],
              "maxValue": 3.0,
              "types": ["interactable_crate"]
            }
          ]
        }
      ]
    },
    {
      "pos": [0.438,0.438,0.188],
      "rot": [0.0,3.0,0.0],
      "maxValue": 3.0,
      "types": ["interactable_crate"],
      "additionalParts": [
        {
          "pos": [0.438,1.188,0.188],
          "rot": [0.0,-7.0,0.0],
          "maxValue": 3.0,
          "types": ["interactable_crate"],
          "additionalParts": [
            {
              "pos": [0.438,1.938,0.188],
              "rot": [0.0,2.0,0.0],
              "maxValue": 3.0,
              "types": ["interactable_crate"]
            }
          ]
        }
      ]
    },
    {
      "pos": [-0.438,0.438,0.188],
      "rot": [-2.0,9.0,1.0],
      "maxValue": 3.0,
      "types": ["interactable_crate"],
      "additionalParts": [
        {
          "pos": [-0.438,1.188,0.188],
          "rot": [0.0,-10.0,2.0],
          "maxValue": 3.0,
          "types": ["interactable_crate"],
          "additionalParts": [
            {
              "pos": [-0.438,1.938,0.188],
              "rot": [0.0,-1.0,0.0],
              "maxValue": 3.0,
              "types": ["interactable_crate"]
            }
          ]
        }
      ]
    }
  ],
  "collisionGroups": [
    {
      "collisions": [
        {
          "pos": [0.0,0.875,4.563],
          "width": 2.0,
          "height": 0.125,
          "variableValue": 0.0
        },
        {
          "pos": [0.0,2.375,2.313],
          "width": 2.0,
          "height": 0.125,
          "variableValue": 0.0
        },
        {
          "pos": [0.0,2.375,0.188],
          "width": 2.0,
          "height": 0.125,
          "variableValue": 0.0
        },
        {
          "pos": [0.0,0.875,-0.75],
          "width": 0.063,
          "height": 0.125,
          "variableValue": 0.0
        }
      ]
    }
  ],
  "connectionGroups": [
    {
      "groupName": "HOOKUP",
      "hookup": true,
      "connections": [
        {
          "type": "tow_bumper",
          "pos": [0.0,-0.1,5.532],
          "distance": 0.0
        },
        {
          "type": "tow_bumper",
          "pos": [0.0,0.0,-0.938],
          "distance": 0.0
        },
        {
          "type": "tow_wheel",
          "pos": [0.0,-0.437,4.438],
          "distance": 0.0
        }
      ]
    },
    {
      "groupName": "TRAILER",
      "canIntiateConnections": true,
      "connections": [
        {
          "type": "trailer_standard",
          "pos": [0.0,0.0,-0.938],
          "distance": 0.0
        }
      ]
    }
  ],
  "instruments": [
    {
      "pos": [0.844,0.844,3.524],
      "rot": [0.0,0.0,0.0],
      "scale": 0.015625,
      "hudX": 80,
      "hudY": 36,
      "hudScale": 0.25
    },
    {
      "pos": [0.688,0.844,3.524],
      "rot": [0.0,0.0,0.0],
      "scale": 0.015625,
      "hudX": 160,
      "hudY": 36,
      "hudScale": 0.5
    },
    {
      "pos": [0.438,0.844,3.524],
      "rot": [0.0,0.0,0.0],
      "scale": 0.015625,
      "hudX": 240,
      "hudY": 36,
      "hudScale": 0.5
    },
    {
      "pos": [0.281,0.844,3.524],
      "rot": [0.0,0.0,0.0],
      "scale": 0.015625,
      "hudX": 320,
      "hudY": 36,
      "hudScale": 0.25
    }
  ],
  "definitions": [
    {
      "subName": "_blue",
      "name": "Trin Travanner N",
      "extraMaterials": ["minecraft:dye:4:5"]
    },
    {
      "subName": "_brown",
      "name": "Trin Travanner N",
      "extraMaterials": ["minecraft:dye:3:5"]
    },
    {
      "subName": "_light_blue",
      "name": "Trin Travanner N",
      "extraMaterials": ["minecraft:dye:12:5"]
    },
    {
      "subName": "_light_gray",
      "name": "Trin Travanner N",
      "extraMaterials": ["minecraft:dye:7:5"]
    },
    {
      "subName": "_olive",
      "name": "Trin Travanner N",
      "extraMaterials": ["minecraft:dye:2:5"]
    },
    {
      "subName": "_red",
      "name": "Trin Travanner N",
      "extraMaterials": ["minecraft:dye:1:5"]
    },
    {
      "subName": "_pure_black",
      "name": "Trin Travanner N",
      "extraMaterials": ["minecraft:dye:0:10"]
    },
    {
      "subName": "_pure_white",
      "name": "Trin Travanner N",
      "extraMaterials": ["minecraft:dye:15:10"]
    },
    {
      "subName": "_diamond",
      "name": "Trin Travanner N",
      "extraMaterials": ["minecraft:dye:12:4","minecraft:diamond:0:1"]
    }
  ],
  "rendering": {
    "textObjects": [
      {
        "pos": [0.0,0.0,5.532],
        "rot": [15.0,0.0,0.0],
        "scale": 0.13,
        "fieldName": "Text",
        "defaultText": "tcp-000",
        "maxLength": 7,
        "color": "000000"
      },
      {
        "pos": [0.0,0.0,-0.938],
        "rot": [15.0,180.0,0.0],
        "scale": 0.13,
        "fieldName": "Text",
        "defaultText": "tcp-000",
        "maxLength": 7,
        "color": "000000"
      }
    ],
    "animatedObjects": [
      {
        "objectName": "$gas",
        "animations": [
          {
            "animationType": "rotation",
            "variable": "throttle",
            "centerPoint": [0.0,0.125,3.688],
            "axis": [25.0,0.0,0.0]
          }
        ]
      },
      {
        "objectName": "$brake",
        "animations": [
          {
            "animationType": "rotation",
            "variable": "brake",
            "centerPoint": [0.0,0.125,3.688],
            "axis": [25.0,0.0,0.0]
          }
        ]
      },
      {
        "objectName": "$p_brake",
        "animations": [
          {
            "animationType": "rotation",
            "variable": "p_brake",
            "centerPoint": [0.0,0.188,3.656],
            "axis": [30.0,0.0,0.0]
          }
        ]
      },
      {
        "objectName": "$shift",
        "animations": [
          {
            "animationType": "rotation",
            "variable": "engine_gearshift_1",
            "centerPoint": [0.0,0.25,3.75],
            "axis": [1.0,0.0,0.0]
          }
        ]
      },
      {
        "objectName": "$steer",
        "animations": [
          {
            "animationType": "rotation",
            "variable": "rudder",
            "centerPoint": [0.563,0.906,3.438],
            "axis": [-0.0,-0.0,1.0]
          }
        ]
      },
      {
        "objectName": "$doorFL",
        "animations": [
          {
            "animationType": "rotation",
            "variable": "door",
            "centerPoint": [1.25,1.0,3.813],
            "axis": [0.0,-60.0,0.0],
            "duration": 30
          }
        ]
      },
      {
        "objectName": "$doorwindowFL",
        "animations": [
          {
            "animationType": "rotation",
            "variable": "door",
            "centerPoint": [1.25,1.0,3.813],
            "axis": [0.0,-60.0,0.0],
            "duration": 30
          }
        ]
      },
      {
        "objectName": "$doorFR",
        "animations": [
          {
            "animationType": "rotation",
            "variable": "door",
            "centerPoint": [-1.25,1.0,3.813],
            "axis": [0.0,60.0,0.0],
            "duration": 30
          }
        ]
      },
      {
        "objectName": "$doorwindowFR",
        "animations": [
          {
            "animationType": "rotation",
            "variable": "door",
            "centerPoint": [-1.25,1.0,3.813],
            "axis": [0.0,60.0,0.0],
            "duration": 30
          }
        ]
      },
      {
        "objectName": "$hood",
        "animations": [
          {
            "animationType": "rotation",
            "variable": "hood",
            "centerPoint": [0.0,1.0,3.875],
            "axis": [-60.0,0.0,0.0]
          }
        ]
      },
      {
        "objectName": "$bootR",
        "animations": [
          {
            "animationType": "rotation",
            "variable": "door",
            "centerPoint": [-0.875,1.0,-0.875],
            "axis": [0.0,120.0,0.0],
            "duration": 30
          }
        ]
      },
      {
        "objectName": "$bootRwindow",
        "animations": [
          {
            "animationType": "rotation",
            "variable": "door",
            "centerPoint": [-0.875,1.0,-0.875],
            "axis": [0.0,120.0,0.0],
            "duration": 30
          }
        ]
      },
      {
        "objectName": "$bootL",
        "animations": [
          {
            "animationType": "rotation",
            "variable": "door",
            "centerPoint": [0.875,1.0,-0.875],
            "axis": [0.0,-120.0,0.0],
            "duration": 30
          }
        ]
      },
      {
        "objectName": "$bootLwindow",
        "animations": [
          {
            "animationType": "rotation",
            "variable": "door",
            "centerPoint": [0.875,1.0,-0.875],
            "axis": [0.0,-120.0,0.0],
            "duration": 30
          }
        ]
      }
    ],
    "lightObjects": [
      {
        "objectName": "&RunningLight_ff6600_FFFFF_111",
        "emissive": true,
        "covered": true,
        "isElectric": true,
        "color": "FF6600",
        "brightnessAnimations": [
          {
            "animationType": "visibility",
            "variable": "running_light",
            "clampMin": 1.0,
            "clampMax": 1.0
          }
        ],
        "blendableComponents": [
          {
            "pos": [0.0,2.125,-0.90625],
            "axis": [0.0,0.0,-1.0],
            "flareHeight": 0.375,
            "flareWidth": 0.375
          },
          {
            "pos": [-0.25,2.125,-0.90625],
            "axis": [0.0,0.0,-1.0],
            "flareHeight": 0.375,
            "flareWidth": 0.375
          },
          {
            "pos": [0.25,2.125,-0.90625],
            "axis": [0.0,0.0,-1.0],
            "flareHeight": 0.375,
            "flareWidth": 0.375
          },
          {
            "pos": [0.2499995008111,2.076177477836609,3.5832566022872925],
            "axis": [0.0,0.2079000025987625,0.9781000018119812],
            "flareHeight": 0.37500298,
            "flareWidth": 0.37500298
          },
          {
            "pos": [0.0,2.076177477836609,3.5832566022872925],
            "axis": [0.0,0.2079000025987625,0.9781000018119812],
            "flareHeight": 0.375,
            "flareWidth": 0.375
          },
          {
            "pos": [-0.2500005066394806,2.076177477836609,3.5832566022872925],
            "axis": [0.0,0.2079000025987625,0.9781000018119812],
            "flareHeight": 0.37500304,
            "flareWidth": 0.37500304
          }
        ]
      },
      {
        "objectName": "&Headlight_ffcc00_FFFFF_111",
        "emissive": true,
        "covered": true,
        "isElectric": true,
        "color": "FFCC00",
        "brightnessAnimations": [
          {
            "animationType": "visibility",
            "variable": "headlight",
            "clampMin": 1.0,
            "clampMax": 1.0
          }
        ],
        "blendableComponents": [
          {
            "pos": [0.862500011920929,0.625,5.546875],
            "axis": [0.0,0.0,1.0],
            "flareHeight": 0.5625,
            "flareWidth": 0.5625,
            "beamDiameter": 12.0,
            "beamLength": 36.0
          },
          {
            "pos": [-0.862500011920929,0.625,5.546875],
            "axis": [0.0,0.0,1.0],
            "flareHeight": 0.5625,
            "flareWidth": 0.5625,
            "beamDiameter": 12.0,
            "beamLength": 36.0
          }
        ]
      },
      {
        "objectName": "&RunningLight_ffcc00_FFFFF_111",
        "emissive": true,
        "covered": true,
        "isElectric": true,
        "color": "FFCC00",
        "brightnessAnimations": [
          {
            "animationType": "visibility",
            "variable": "running_light",
            "clampMin": 1.0,
            "clampMax": 1.0
          }
        ],
        "blendableComponents": [
          {
            "pos": [1.1124999523162842,0.625,5.5],
            "axis": [0.0,0.0,1.0],
            "flareHeight": 0.5625,
            "flareWidth": 0.5625
          },
          {
            "pos": [-1.1124999523162842,0.625,5.5],
            "axis": [0.0,0.0,1.0],
            "flareHeight": 0.5625,
            "flareWidth": 0.5625
          },
          {
            "pos": [0.15625,0.890625,3.5250000953674316],
            "axis": [0.0,0.0,-1.0],
            "flareHeight": 0.1875,
            "flareWidth": 0.1875
          }
        ]
      },
      {
        "objectName": "&RightTurnLight_ff6600_FFC00_111",
        "emissive": true,
        "covered": true,
        "isElectric": true,
        "color": "FF6600",
        "brightnessAnimations": [
          {
            "animationType": "visibility",
            "variable": "right_turn_signal",
            "clampMin": 1.0,
            "clampMax": 1.0
          },
          {
            "animationType": "visibility",
            "variable": "10_10_0_cycle",
            "clampMin": 1.0,
            "clampMax": 1.0
          }
        ],
        "blendableComponents": [
          {
            "pos": [-1.0625,0.4375,-0.90625],
            "axis": [-0.0,0.0,-1.0],
            "flareHeight": 0.5625,
            "flareWidth": 0.5625
          },
          {
            "pos": [-1.1124999523162842,0.46875,5.5],
            "axis": [0.0,0.0,1.0],
            "flareHeight": 0.5625,
            "flareWidth": 0.5625
          },
          {
            "pos": [0.15625,0.796875,3.5250000953674316],
            "axis": [-0.0,0.0,-1.0],
            "flareHeight": 0.1875,
            "flareWidth": 0.1875
          }
        ]
      },
      {
        "objectName": "&LeftTurnLight_ff6600_FFC00_111",
        "emissive": true,
        "covered": true,
        "isElectric": true,
        "color": "FF6600",
        "brightnessAnimations": [
          {
            "animationType": "visibility",
            "variable": "left_turn_signal",
            "clampMin": 1.0,
            "clampMax": 1.0
          },
          {
            "animationType": "visibility",
            "variable": "10_10_0_cycle",
            "clampMin": 1.0,
            "clampMax": 1.0
          }
        ],
        "blendableComponents": [
          {
            "pos": [1.1124999523162842,0.46875,5.5],
            "axis": [0.0,0.0,1.0],
            "flareHeight": 0.5625,
            "flareWidth": 0.5625
          },
          {
            "pos": [1.0625,0.4375,-0.90625],
            "axis": [-0.0,0.0,-1.0],
            "flareHeight": 0.5625,
            "flareWidth": 0.5625
          },
          {
            "pos": [0.96875,0.875,3.5250000953674316],
            "axis": [-0.0,0.0,-1.0],
            "flareHeight": 0.1875,
            "flareWidth": 0.1875
          }
        ]
      },
      {
        "objectName": "&RunningLight_e60000_FFFFF_111",
        "emissive": true,
        "covered": true,
        "isElectric": true,
        "color": "E60000",
        "brightnessAnimations": [
          {
            "animationType": "visibility",
            "variable": "running_light",
            "clampMin": 1.0,
            "clampMax": 1.0
          }
        ],
        "blendableComponents": [
          {
            "pos": [-1.0625,0.5625,-0.90625],
            "axis": [0.0,0.0,-1.0],
            "flareHeight": 0.5625,
            "flareWidth": 0.5625
          },
          {
            "pos": [1.0625,0.5625,-0.90625],
            "axis": [0.0,0.0,-1.0],
            "flareHeight": 0.5625,
            "flareWidth": 0.5625
          }
        ]
      },
      {
        "objectName": "&BackupLight_ffffcc_FFFFF_111",
        "emissive": true,
        "covered": true,
        "isElectric": true,
        "color": "FFFFCC",
        "brightnessAnimations": [
          {
            "animationType": "visibility",
            "variable": "engine_reversed_1",
            "clampMin": 1.0,
            "clampMax": 1.0
          }
        ],
        "blendableComponents": [
          {
            "pos": [-1.0625,0.71875,-0.90625],
            "axis": [0.0,0.0,-1.0],
            "flareHeight": 0.5625,
            "flareWidth": 0.5625
          },
          {
            "pos": [1.0625,0.71875,-0.90625],
            "axis": [0.0,0.0,-1.0],
            "flareHeight": 0.5625,
            "flareWidth": 0.5625
          }
        ]
      },
      {
        "objectName": "&BrakeLight_e60000_FFFFF_111",
        "emissive": true,
        "covered": true,
        "isElectric": true,
        "color": "E60000",
        "brightnessAnimations": [
          {
            "animationType": "visibility",
            "variable": "brake",
            "clampMin": 0.01,
            "clampMax": 1.0
          }
        ],
        "blendableComponents": [
          {
            "pos": [-1.0625,0.875,-0.90625],
            "axis": [0.0,0.0,-1.0],
            "flareHeight": 0.5625,
            "flareWidth": 0.5625
          },
          {
            "pos": [1.0625,0.875,-0.90625],
            "axis": [0.0,0.0,-1.0],
            "flareHeight": 0.5625,
            "flareWidth": 0.5625
          },
          {
            "pos": [0.0,2.3125,-0.90625],
            "axis": [0.0,0.0,-1.0],
            "flareHeight": 0.75,
            "flareWidth": 0.75
          }
        ]
      }
    ],
    "sounds": [
      {
        "name": "iv_tcp:horn_1",
        "activeAnimations": [
          {
            "animationType": "visibility",
            "variable": "horn",
            "clampMin": 1.0,
            "clampMax": 1.0
          }
        ],
        "looping": true
      }
    ],
    "particles": []
  },
  "general": {
    "description": "Recommended parts:\nAverage Sized Wheels\ni4 Engine\nModel 1 Seats",
    "materials": ["mts:iv_tcp_v2.pile_of_v2_junk:0:6"]
  }
}
