{
  "motorized": {
    "isFrontWheelDrive": true,
    "isRearWheelDrive": true,
    "hasOpenTop": true,
    "hasRunningLights": true,
    "hasHeadlights": true,
    "hasTurnSignals": true,
    "emptyMass": 5000,
    "fuelCapacity": 20000,
    "downForce": 0.75,
    "overSteer": 2,
    "underSteer": 1,
    "overSteerAccel": 0.25,
    "overSteerDecel": -1,
    "axleRatio": 4.0,
    "brakingFactor": 2.25,
    "maxTiltAngle": -4.0,
    "dragCoefficient": 0.35
  },
  "parts": [
    {
      "pos": [1.3125,0.0,0.0],
      "minValue": 0.4,
      "maxValue": 1.1,
      "types": ["ground_wheel"]
    },
    {
      "pos": [-1.3125,0.0,0.0],
      "minValue": 0.4,
      "maxValue": 1.1,
      "types": ["ground_wheel"]
    },
    {
      "pos": [1.3125,0.0,-1.5],
      "minValue": 0.4,
      "maxValue": 1.1,
      "types": ["ground_wheel"]
    },
    {
      "pos": [-1.3125,0.0,-1.5],
      "minValue": 0.4,
      "maxValue": 1.1,
      "types": ["ground_wheel"]
    },
    {
      "pos": [1.3125,0.0,5.4375],
      "turnsWithSteer": true,
      "minValue": 0.4,
      "maxValue": 1.1,
      "types": ["ground_wheel"],
      "animations": [
        {
          "animationType": "rotation",
          "variable": "rudder",
          "centerPoint": [0.0,0.0,0.0],
          "axis": [0.0,-1.0,0.0]
        }
      ]
    },
    {
      "pos": [-1.3125,0.0,5.4375],
      "turnsWithSteer": true,
      "minValue": 0.4,
      "maxValue": 1.1,
      "types": ["ground_wheel"],
      "animations": [
        {
          "animationType": "rotation",
          "variable": "rudder",
          "centerPoint": [0.0,0.0,0.0],
          "axis": [0.0,-1.0,0.0]
        }
      ]
    },
    {
      "pos": [1.3125,0.0,6.875],
      "turnsWithSteer": true,
      "minValue": 0.4,
      "maxValue": 1.1,
      "types": ["ground_wheel"],
      "animations": [
        {
          "animationType": "rotation",
          "variable": "rudder",
          "centerPoint": [0.0,0.0,0.0],
          "axis": [0.0,-1.0,0.0]
        }
      ]
    },
    {
      "pos": [-1.3125,0.0,6.875],
      "turnsWithSteer": true,
      "minValue": 0.4,
      "maxValue": 1.1,
      "types": ["ground_wheel"],
      "animations": [
        {
          "animationType": "rotation",
          "variable": "rudder",
          "centerPoint": [0.0,0.0,0.0],
          "axis": [0.0,-1.0,0.0]
        }
      ]
    },
    {
      "pos": [0.625,0.5625,3.6875],
      "isController": true,
      "types": ["seat"]
    },
    {
      "pos": [-0.625,0.5625,3.6875],
      "types": ["seat"],
      "additionalParts": [
        {
          "pos": [-0.625,0.6,3.6875],
          "rot": [0.0,90.0,0.0],
          "maxValue": 2.0,
          "types": ["interactable_luggage"]
        }
      ]
    },
    {
      "pos": [0.625,0.5625,2.0625],
      "types": ["seat"],
      "additionalParts": [
        {
          "pos": [0.625,0.6,2.0625],
          "rot": [0.0,90.0,0.0],
          "maxValue": 2.0,
          "types": ["interactable_luggage"]
        }
      ]
    },
    {
      "pos": [-0.625,0.5625,2.0625],
      "types": ["seat"],
      "additionalParts": [
        {
          "pos": [-0.625,0.6,2.0625],
          "rot": [0.0,90.0,0.0],
          "maxValue": 2.0,
          "types": ["interactable_luggage"]
        }
      ]
    },
    {
      "pos": [0.0,0.25,4.8125],
      "rot": [0.0,0.0,0.0],
      "minValue": 0.6,
      "maxValue": 5.1,
      "types": ["engine_car"]
    },
    {
      "pos": [0.0,2.1875,3.1875],
      "maxValue": 3.0,
      "types": ["generic_roofdevice"]
    },
    {
      "pos": [0.0,0.125,7.875],
      "maxValue": 2.0,
      "types": ["generic_bullbar"]
    },
    {
      "pos": [0.75,0.15625,7.91875],
      "rot": [-15.0,0.0,0.0],
      "maxValue": 1.0,
      "types": ["generic_bumpersticker"]
    },
    {
      "pos": [-0.75,0.15625,7.91875],
      "rot": [-15.0,0.0,0.0],
      "maxValue": 1.0,
      "types": ["generic_bumpersticker"]
    },
    {
      "pos": [0.75,0.09375,-2.50625],
      "rot": [0.0,180.0,0.0],
      "maxValue": 1.0,
      "types": ["generic_bumpersticker"]
    },
    {
      "pos": [-0.75,0.09375,-2.50625],
      "rot": [0.0,180.0,0.0],
      "maxValue": 1.0,
      "types": ["generic_bumpersticker"]
    },
    {
      "pos": [-0.5,0.6875,-1.625],
      "rot": [2.0,-1.0,0.0],
      "maxValue": 3.0,
      "types": ["interactable_crate"]
    },
    {
      "pos": [0.5,0.6875,-1.625],
      "rot": [-3.0,0.0,2.0],
      "maxValue": 3.0,
      "types": ["interactable_crate"]
    },
    {
      "pos": [-0.5,0.6875,-0.75],
      "rot": [0.0,7.0,-1.0],
      "maxValue": 3.0,
      "types": ["interactable_crate"]
    },
    {
      "pos": [0.5,0.6875,-0.75],
      "rot": [2.0,0.0,3.0],
      "maxValue": 3.0,
      "types": ["interactable_crate"]
    },
    {
      "pos": [-0.5,0.6875,0.125],
      "rot": [1.0,-2.0,-1.0],
      "maxValue": 3.0,
      "types": ["interactable_crate"]
    },
    {
      "pos": [0.5,0.6875,0.125],
      "rot": [-3.0,1.0,0.0],
      "maxValue": 3.0,
      "types": ["interactable_crate"]
    }
  ],
  "collisionGroups": [
    {
      "collisions": [
        {
          "pos": [0.0,1.1875,6.75],
          "width": 2.0,
          "height": 0.125,
          "variableValue": 0.0
        },
        {
          "pos": [0.0,1.1875,5.25],
          "width": 1.0,
          "height": 0.125,
          "variableValue": 0.0
        },
        {
          "pos": [0.0,2.125,4.0],
          "width": 2.0,
          "height": 0.125,
          "variableValue": 0.0
        },
        {
          "pos": [0.0,2.125,2.0],
          "width": 2.0,
          "height": 0.125,
          "variableValue": 0.0
        },
        {
          "pos": [0.0,1.1875,0.4375],
          "width": 2.0,
          "height": 0.125,
          "variableValue": 0.0
        },
        {
          "pos": [0.0,1.1875,-1.5625],
          "width": 2.0,
          "height": 0.125,
          "variableValue": 0.0
        }
      ]
    }
  ],
  "connectionGroups": [
    {
      "groupName": "HOOKUP",
      "hookup": true,
      "connections": [
        {
          "type": "tow_bumper",
          "pos": [0.0,0.0,7.9375],
          "distance": 0.0
        },
        {
          "type": "tow_bumper",
          "pos": [0.0,0.09375,-2.51563],
          "distance": 0.0
        },
        {
          "type": "tow_wheel",
          "pos": [0.0,-0.5,6.875],
          "distance": 0.0
        }
      ]
    },
    {
      "groupName": "TRAILER",
      "canIntiateConnections": true,
      "connections": [
        {
          "type": "trailer_standard",
          "pos": [0.0,0.09375,-2.51563],
          "distance": 0.0
        }
      ]
    }
  ],
  "instruments": [
    {
      "pos": [0.95313,1.10938,4.53688],
      "rot": [0.0,0.0,0.0],
      "scale": 0.015625,
      "hudX": 80,
      "hudY": 36,
      "hudScale": 0.25
    },
    {
      "pos": [0.76563,1.17188,4.53688],
      "rot": [0.0,0.0,0.0],
      "scale": 0.015625,
      "hudX": 160,
      "hudY": 36,
      "hudScale": 0.5
    },
    {
      "pos": [0.48438,1.17188,4.53688],
      "rot": [0.0,0.0,0.0],
      "scale": 0.015625,
      "hudX": 240,
      "hudY": 36,
      "hudScale": 0.5
    },
    {
      "pos": [0.29688,1.10938,4.53688],
      "rot": [0.0,0.0,0.0],
      "scale": 0.015625,
      "hudX": 320,
      "hudY": 36,
      "hudScale": 0.25
    }
  ],
  "definitions": [
    {
      "subName": "_blue",
      "name": "Trin Crystallius",
      "extraMaterials": ["minecraft:dye:4:5"]
    },
    {
      "subName": "_brown",
      "name": "Trin Crystallius",
      "extraMaterials": ["minecraft:dye:3:5"]
    },
    {
      "subName": "_light_blue",
      "name": "Trin Crystallius",
      "extraMaterials": ["minecraft:dye:12:5"]
    },
    {
      "subName": "_light_gray",
      "name": "Trin Crystallius",
      "extraMaterials": ["minecraft:dye:7:5"]
    },
    {
      "subName": "_olive",
      "name": "Trin Crystallius",
      "extraMaterials": ["minecraft:dye:2:5"]
    },
    {
      "subName": "_red",
      "name": "Trin Crystallius",
      "extraMaterials": ["minecraft:dye:1:5"]
    },
    {
      "subName": "_pure_black",
      "name": "Trin Crystallius",
      "extraMaterials": ["minecraft:dye:0:10"]
    },
    {
      "subName": "_pure_white",
      "name": "Trin Crystallius",
      "extraMaterials": ["minecraft:dye:15:10"]
    },
    {
      "subName": "_diamond",
      "name": "Trin Crystallius",
      "extraMaterials": ["minecraft:dye:12:4","minecraft:diamond:0:1"]
    }
  ],
  "rendering": {
    "textObjects": [
      {
        "pos": [0.0,0.15625,7.94375],
        "rot": [0.0,0.0,0.0],
        "scale": 0.13,
        "fieldName": "Text",
        "defaultText": "tcp-000",
        "maxLength": 7,
        "color": "000000"
      },
      {
        "pos": [0.0,0.09375,-2.52188],
        "rot": [0.0,180.0,0.0],
        "scale": 0.13,
        "fieldName": "Text",
        "defaultText": "tcp-000",
        "maxLength": 7,
        "color": "000000"
      }
    ],
    "animatedObjects": [
      {
        "objectName": "$gas",
        "animations": [
          {
            "animationType": "rotation",
            "variable": "throttle",
            "centerPoint": [0.0,0.3125,4.5],
            "axis": [25.0,0.0,0.0]
          }
        ]
      },
      {
        "objectName": "$brake",
        "animations": [
          {
            "animationType": "rotation",
            "variable": "brake",
            "centerPoint": [0.0,0.3125,4.5],
            "axis": [25.0,0.0,0.0]
          }
        ]
      },
      {
        "objectName": "$p_brake",
        "animations": [
          {
            "animationType": "rotation",
            "variable": "p_brake",
            "centerPoint": [0.0,0.3125,4.5],
            "axis": [-30.0,0.0,0.0]
          }
        ]
      },
      {
        "objectName": "$shift",
        "animations": [
          {
            "animationType": "rotation",
            "variable": "engine_gearshift_1",
            "centerPoint": [0.0,0.375,4.28125],
            "axis": [1.0,0.0,0.0]
          }
        ]
      },
      {
        "objectName": "$steer",
        "animations": [
          {
            "animationType": "rotation",
            "variable": "rudder",
            "centerPoint": [0.625,1.09375,4.375],
            "axis": [-0.0,-0.0,1.0]
          }
        ]
      },
      {
        "objectName": "$doorFL",
        "animations": [
          {
            "animationType": "rotation",
            "variable": "door",
            "centerPoint": [1.5,1.0,4.625],
            "axis": [0.0,-60.0,0.0],
            "duration": 30
          }
        ]
      },
      {
        "objectName": "$doorwindowFL",
        "animations": [
          {
            "animationType": "rotation",
            "variable": "door",
            "centerPoint": [1.5,1.0,4.625],
            "axis": [0.0,-60.0,0.0],
            "duration": 30
          }
        ]
      },
      {
        "objectName": "$doorFR",
        "animations": [
          {
            "animationType": "rotation",
            "variable": "door",
            "centerPoint": [-1.5,1.0,4.625],
            "axis": [0.0,60.0,0.0],
            "duration": 30
          }
        ]
      },
      {
        "objectName": "$doorwindowFR",
        "animations": [
          {
            "animationType": "rotation",
            "variable": "door",
            "centerPoint": [-1.5,1.0,4.625],
            "axis": [0.0,60.0,0.0],
            "duration": 30
          }
        ]
      },
      {
        "objectName": "$doorRR",
        "animations": [
          {
            "animationType": "rotation",
            "variable": "door",
            "centerPoint": [-1.5,1.0,3.0],
            "axis": [0.0,60.0,0.0],
            "duration": 30
          }
        ]
      },
      {
        "objectName": "$doorwindowRR",
        "animations": [
          {
            "animationType": "rotation",
            "variable": "door",
            "centerPoint": [-1.5,1.0,3.0],
            "axis": [0.0,60.0,0.0],
            "duration": 30
          }
        ]
      },
      {
        "objectName": "$doorRL",
        "animations": [
          {
            "animationType": "rotation",
            "variable": "door",
            "centerPoint": [1.5,1.0,3.0],
            "axis": [0.0,-60.0,0.0],
            "duration": 30
          }
        ]
      },
      {
        "objectName": "$doorwindowRL",
        "animations": [
          {
            "animationType": "rotation",
            "variable": "door",
            "centerPoint": [1.5,1.0,3.0],
            "axis": [0.0,-60.0,0.0],
            "duration": 30
          }
        ]
      },
      {
        "objectName": "$hood",
        "animations": [
          {
            "animationType": "rotation",
            "variable": "hood",
            "centerPoint": [0.0,1.1875,7.625],
            "axis": [60.0,0.0,0.0]
          }
        ]
      },
      {
        "objectName": "$boot",
        "animations": [
          {
            "animationType": "rotation",
            "variable": "door",
            "centerPoint": [0.0,0.1875,-2.5],
            "axis": [-60.0,0.0,0.0],
            "duration": 30
          }
        ]
      },
      {
        "objectName": "$&BrakeLight_e60000_FFFFF_111",
        "animations": [
          {
            "animationType": "rotation",
            "variable": "door",
            "centerPoint": [0.0,0.1875,-2.5],
            "axis": [-60.0,0.0,0.0],
            "duration": 30
          }
        ]
      }
    ],
    "lightObjects": [
      {
        "objectName": "$&BrakeLight_e60000_FFFFF_111",
        "emissive": true,
        "covered": true,
        "isElectric": true,
        "color": "E60000",
        "brightnessAnimations": [
          {
            "animationType": "visibility",
            "variable": "brake",
            "clampMin": 0.01,
            "clampMax": 1.0
          }
        ],
        "blendableComponents": [
          {
            "pos": [0.0,1.15625,-2.53125],
            "axis": [0.0,0.0,-1.0],
            "flareHeight": 0.75,
            "flareWidth": 0.75
          }
        ]
      },
      {
        "objectName": "&Headlight_ffcc00_FFFFF_111",
        "emissive": true,
        "covered": true,
        "isElectric": true,
        "color": "FFCC00",
        "brightnessAnimations": [
          {
            "animationType": "visibility",
            "variable": "headlight",
            "clampMin": 1.0,
            "clampMax": 1.0
          }
        ],
        "blendableComponents": [
          {
            "pos": [1.15625,0.9375,7.875],
            "axis": [0.0,0.0,1.0],
            "flareHeight": 0.375,
            "flareWidth": 0.375,
            "beamDiameter": 8.0,
            "beamLength": 24.0
          },
          {
            "pos": [-1.15625,0.9375,7.875],
            "axis": [0.0,0.0,1.0],
            "flareHeight": 0.375,
            "flareWidth": 0.375,
            "beamDiameter": 8.0,
            "beamLength": 24.0
          }
        ]
      },
      {
        "objectName": "&RunningLight_ffcc00_FFFFF_111",
        "emissive": true,
        "covered": true,
        "isElectric": true,
        "color": "FFCC00",
        "brightnessAnimations": [
          {
            "animationType": "visibility",
            "variable": "running_light",
            "clampMin": 1.0,
            "clampMax": 1.0
          }
        ],
        "blendableComponents": [
          {
            "pos": [-0.8750010132789612,1.09375,7.90625],
            "axis": [0.0,0.0,1.0],
            "flareHeight": 0.375,
            "flareWidth": 0.375
          },
          {
            "pos": [0.8749989867210388,1.09375,7.90625],
            "axis": [0.0,0.0,1.0],
            "flareHeight": 0.375,
            "flareWidth": 0.375
          },
          {
            "pos": [0.6249989867210388,1.09375,7.90625],
            "axis": [0.0,0.0,1.0],
            "flareHeight": 0.375,
            "flareWidth": 0.375
          },
          {
            "pos": [-0.6250010132789612,1.09375,7.90625],
            "axis": [0.0,0.0,1.0],
            "flareHeight": 0.375,
            "flareWidth": 0.375
          },
          {
            "pos": [-0.3750010132789612,1.09375,7.90625],
            "axis": [0.0,0.0,1.0],
            "flareHeight": 0.375,
            "flareWidth": 0.375
          },
          {
            "pos": [0.3749989867210388,1.09375,7.90625],
            "axis": [0.0,0.0,1.0],
            "flareHeight": 0.375,
            "flareWidth": 0.375
          },
          {
            "pos": [0.12499900162220001,1.09375,7.90625],
            "axis": [0.0,0.0,1.0],
            "flareHeight": 0.375,
            "flareWidth": 0.375
          },
          {
            "pos": [-0.1250009983778,1.09375,7.90625],
            "axis": [0.0,0.0,1.0],
            "flareHeight": 0.375,
            "flareWidth": 0.375
          },
          {
            "pos": [1.28125,0.9375,7.859375],
            "axis": [0.0,0.0,1.0],
            "flareHeight": 0.375,
            "flareWidth": 0.375
          },
          {
            "pos": [1.15625,0.8125,7.921875],
            "axis": [0.0,0.0,1.0],
            "flareHeight": 0.375,
            "flareWidth": 0.375
          },
          {
            "pos": [-1.15625,0.8125,7.921875],
            "axis": [0.0,0.0,1.0],
            "flareHeight": 0.375,
            "flareWidth": 0.375
          },
          {
            "pos": [-1.28125,0.9375,7.859375],
            "axis": [0.0,0.0,1.0],
            "flareHeight": 0.375,
            "flareWidth": 0.375
          },
          {
            "pos": [0.8749989867210388,2.21875,4.609375],
            "axis": [0.0,0.0,1.0],
            "flareHeight": 0.375,
            "flareWidth": 0.375
          },
          {
            "pos": [0.6249989867210388,2.21875,4.609375],
            "axis": [0.0,0.0,1.0],
            "flareHeight": 0.375,
            "flareWidth": 0.375
          },
          {
            "pos": [0.3749989867210388,2.21875,4.609375],
            "axis": [0.0,0.0,1.0],
            "flareHeight": 0.375,
            "flareWidth": 0.375
          },
          {
            "pos": [0.12499900162220001,2.21875,4.609375],
            "axis": [0.0,0.0,1.0],
            "flareHeight": 0.375,
            "flareWidth": 0.375
          },
          {
            "pos": [-0.1250009983778,2.21875,4.609375],
            "axis": [0.0,0.0,1.0],
            "flareHeight": 0.375,
            "flareWidth": 0.375
          },
          {
            "pos": [-0.3750010132789612,2.21875,4.609375],
            "axis": [0.0,0.0,1.0],
            "flareHeight": 0.375,
            "flareWidth": 0.375
          },
          {
            "pos": [-0.6250010132789612,2.21875,4.609375],
            "axis": [0.0,0.0,1.0],
            "flareHeight": 0.375,
            "flareWidth": 0.375
          },
          {
            "pos": [-0.8750010132789612,2.21875,4.609375],
            "axis": [0.0,0.0,1.0],
            "flareHeight": 0.375,
            "flareWidth": 0.375
          },
          {
            "pos": [0.625,1.15625,4.537499904632568],
            "axis": [0.0,0.0,-1.0],
            "flareHeight": 0.1875,
            "flareWidth": 0.1875
          }
        ]
      },
      {
        "objectName": "&RunningLight_e60000_FFFFF_111",
        "emissive": true,
        "covered": true,
        "isElectric": true,
        "color": "E60000",
        "brightnessAnimations": [
          {
            "animationType": "visibility",
            "variable": "running_light",
            "clampMin": 1.0,
            "clampMax": 1.0
          }
        ],
        "blendableComponents": [
          {
            "pos": [-1.2282379865646362,0.6875,-2.4473475217819214],
            "axis": [-0.438400000333786,0.0,-0.8988000154495239],
            "flareHeight": 0.5055721,
            "flareWidth": 0.5055721
          },
          {
            "pos": [1.2282379865646362,0.6875,-2.4473475217819214],
            "axis": [0.438400000333786,0.0,-0.8988000154495239],
            "flareHeight": 0.5055721,
            "flareWidth": 0.5055721
          }
        ]
      },
      {
        "objectName": "&BackupLight_ffffcc_FFFFF_111",
        "emissive": true,
        "covered": true,
        "isElectric": true,
        "color": "FFFFCC",
        "brightnessAnimations": [
          {
            "animationType": "visibility",
            "variable": "engine_reversed_1",
            "clampMin": 1.0,
            "clampMax": 1.0
          }
        ],
        "blendableComponents": [
          {
            "pos": [-1.2282379865646362,0.875,-2.4473475217819214],
            "axis": [-0.438400000333786,0.0,-0.8988000154495239],
            "flareHeight": 0.5055721,
            "flareWidth": 0.5055721
          },
          {
            "pos": [1.2282379865646362,0.875,-2.4473475217819214],
            "axis": [0.438400000333786,0.0,-0.8988000154495239],
            "flareHeight": 0.5055721,
            "flareWidth": 0.5055721
          }
        ]
      },
      {
        "objectName": "&BrakeLight_e60000_FFFFF_111",
        "emissive": true,
        "covered": true,
        "isElectric": true,
        "color": "E60000",
        "brightnessAnimations": [
          {
            "animationType": "visibility",
            "variable": "brake",
            "clampMin": 0.01,
            "clampMax": 1.0
          }
        ],
        "blendableComponents": [
          {
            "pos": [-1.2282379865646362,1.0625,-2.4473475217819214],
            "axis": [-0.438400000333786,0.0,-0.8988000154495239],
            "flareHeight": 0.5055721,
            "flareWidth": 0.5055721
          },
          {
            "pos": [1.2282379865646362,1.0625,-2.4473475217819214],
            "axis": [0.438400000333786,0.0,-0.8988000154495239],
            "flareHeight": 0.5055721,
            "flareWidth": 0.5055721
          },
          {
            "pos": [0.0,2.1875,1.515625],
            "axis": [0.0,0.0,-1.0],
            "flareHeight": 0.75,
            "flareWidth": 0.75
          }
        ]
      },
      {
        "objectName": "&LeftTurnLight_ff6600_FFC00_111",
        "emissive": true,
        "covered": true,
        "isElectric": true,
        "color": "FF6600",
        "brightnessAnimations": [
          {
            "animationType": "visibility",
            "variable": "left_turn_signal",
            "clampMin": 1.0,
            "clampMax": 1.0
          },
          {
            "animationType": "visibility",
            "variable": "10_10_0_cycle",
            "clampMin": 1.0,
            "clampMax": 1.0
          }
        ],
        "blendableComponents": [
          {
            "pos": [1.53125,0.59375,7.65625],
            "axis": [1.0,0.0,0.0],
            "flareHeight": 0.5625,
            "flareWidth": 0.5625
          },
          {
            "pos": [1.53125,0.59375,-2.15625],
            "axis": [1.0,0.0,0.0],
            "flareHeight": 0.5625,
            "flareWidth": 0.5625
          },
          {
            "pos": [1.28125,0.8125,7.90625],
            "axis": [0.0,0.0,1.0],
            "flareHeight": 0.375,
            "flareWidth": 0.375
          },
          {
            "pos": [1.2282379865646362,0.53125,-2.4473475217819214],
            "axis": [0.438400000333786,0.0,-0.8988000154495239],
            "flareHeight": 0.5055721,
            "flareWidth": 0.5055721
          },
          {
            "pos": [0.8125,1.03125,4.537499904632568],
            "axis": [0.0,0.0,-1.0],
            "flareHeight": 0.1875,
            "flareWidth": 0.1875
          }
        ]
      },
      {
        "objectName": "&RightTurnLight_ff6600_FFC00_111",
        "emissive": true,
        "covered": true,
        "isElectric": true,
        "color": "FF6600",
        "brightnessAnimations": [
          {
            "animationType": "visibility",
            "variable": "right_turn_signal",
            "clampMin": 1.0,
            "clampMax": 1.0
          },
          {
            "animationType": "visibility",
            "variable": "10_10_0_cycle",
            "clampMin": 1.0,
            "clampMax": 1.0
          }
        ],
        "blendableComponents": [
          {
            "pos": [-1.53125,0.59375,7.65625],
            "axis": [-1.0,0.0,0.0],
            "flareHeight": 0.5625,
            "flareWidth": 0.5625
          },
          {
            "pos": [-1.53125,0.59375,-2.15625],
            "axis": [-1.0,0.0,0.0],
            "flareHeight": 0.5625,
            "flareWidth": 0.5625
          },
          {
            "pos": [-1.28125,0.8125,7.90625],
            "axis": [0.0,0.0,1.0],
            "flareHeight": 0.375,
            "flareWidth": 0.375
          },
          {
            "pos": [-1.2282379865646362,0.53125,-2.4473475217819214],
            "axis": [-0.438400000333786,0.0,-0.8988000154495239],
            "flareHeight": 0.5055721,
            "flareWidth": 0.5055721
          },
          {
            "pos": [0.4375,1.03125,4.537499904632568],
            "axis": [0.0,0.0,-1.0],
            "flareHeight": 0.1875,
            "flareWidth": 0.1875
          }
        ]
      }
    ],
    "sounds": [
      {
        "name": "iv_tcp:horn_1",
        "activeAnimations": [
          {
            "animationType": "visibility",
            "variable": "horn",
            "clampMin": 1.0,
            "clampMax": 1.0
          }
        ],
        "looping": true
      }
    ],
    "particles": []
  },
  "general": {
    "description": "Recommended parts:\nLarge Sized Wheels\nBiturbine Ultimate Engine\nModel 3 Seats",
    "materials": ["mts:iv_tcp_v2.pile_of_v2_junk:0:11"]
  }
}
