{
  "motorized": {
    "isFrontWheelDrive": true,
    "hasRunningLights": true,
    "hasHeadlights": true,
    "hasTurnSignals": true,
    "emptyMass": 3622,
    "fuelCapacity": 20000,
    "downForce": 0.7,
    "overSteer": 0.5,
    "underSteer": 5,
    "overSteerAccel": -3,
    "overSteerDecel": 2,
    "axleRatio": 3.1,
    "brakingFactor": 1.7,
    "maxTiltAngle": -3.0,
    "dragCoefficient": 0.6
  },
  "parts": [
    {
      "pos": [-1.375,0.0,0.0],
      "minValue": 0.4,
      "maxValue": 1.1,
      "types": ["ground_wheel"]
    },
    {
      "pos": [1.375,0.0,0.0],
      "minValue": 0.4,
      "maxValue": 1.1,
      "types": ["ground_wheel"]
    },
    {
      "pos": [1.375,0.0,13.3125],
      "turnsWithSteer": true,
      "minValue": 0.4,
      "maxValue": 1.1,
      "types": ["ground_wheel"],
      "animations": [
        {
          "animationType": "rotation",
          "variable": "rudder",
          "centerPoint": [0.0,0.0,0.0],
          "axis": [0.0,-1.0,0.0]
        }
      ]
    },
    {
      "pos": [-1.375,0.0,13.3125],
      "turnsWithSteer": true,
      "minValue": 0.4,
      "maxValue": 1.1,
      "types": ["ground_wheel"],
      "animations": [
        {
          "animationType": "rotation",
          "variable": "rudder",
          "centerPoint": [0.0,0.0,0.0],
          "axis": [0.0,-1.0,0.0]
        }
      ]
    },
    {
      "pos": [0.75,0.5,10.75],
      "isController": true,
      "types": ["seat"]
    },
    {
      "pos": [-0.75,0.5,10.75],
      "types": ["seat"],
      "additionalParts": [
        {
          "pos": [-0.75,0.5,10.75],
          "rot": [0.0,90.0,0.0],
          "maxValue": 2.0,
          "types": ["interactable_luggage"]
        }
      ]
    },
    {
      "pos": [0.75,0.5,1.125],
      "types": ["seat"],
      "additionalParts": [
        {
          "pos": [0.75,0.5,1.125],
          "rot": [0.0,90.0,0.0],
          "maxValue": 2.0,
          "types": ["interactable_luggage"]
        }
      ]
    },
    {
      "pos": [-0.75,0.5,1.125],
      "types": ["seat"],
      "additionalParts": [
        {
          "pos": [-0.75,0.5,1.125],
          "rot": [0.0,90.0,0.0],
          "maxValue": 2.0,
          "types": ["interactable_luggage"]
        }
      ]
    },
    {
      "pos": [0.875,0.375,9.6875],
      "rot": [0.0,270.0,0.0],
      "types": ["seat"],
      "additionalParts": [
        {
          "pos": [0.875,0.375,9.6875],
          "maxValue": 2.0,
          "types": ["interactable_luggage"]
        }
      ]
    },
    {
      "pos": [0.875,0.375,8.8125],
      "rot": [0.0,270.0,0.0],
      "types": ["seat"],
      "additionalParts": [
        {
          "pos": [0.875,0.375,8.8125],
          "maxValue": 2.0,
          "types": ["interactable_luggage"]
        }
      ]
    },
    {
      "pos": [0.875,0.375,7.9375],
      "rot": [0.0,270.0,0.0],
      "types": ["seat"],
      "additionalParts": [
        {
          "pos": [0.875,0.375,7.9375],
          "maxValue": 2.0,
          "types": ["interactable_luggage"]
        }
      ]
    },
    {
      "pos": [0.875,0.375,7.0625],
      "rot": [0.0,270.0,0.0],
      "types": ["seat"],
      "additionalParts": [
        {
          "pos": [0.875,0.375,7.0625],
          "maxValue": 2.0,
          "types": ["interactable_luggage"]
        }
      ]
    },
    {
      "pos": [0.875,0.375,6.1875],
      "rot": [0.0,270.0,0.0],
      "types": ["seat"],
      "additionalParts": [
        {
          "pos": [0.875,0.375,6.1875],
          "maxValue": 2.0,
          "types": ["interactable_luggage"]
        }
      ]
    },
    {
      "pos": [0.875,0.375,5.3125],
      "rot": [0.0,270.0,0.0],
      "types": ["seat"],
      "additionalParts": [
        {
          "pos": [0.875,0.375,5.3125],
          "maxValue": 2.0,
          "types": ["interactable_luggage"]
        }
      ]
    },
    {
      "pos": [0.875,0.375,4.4375],
      "rot": [0.0,270.0,0.0],
      "types": ["seat"],
      "additionalParts": [
        {
          "pos": [0.875,0.375,4.4375],
          "maxValue": 2.0,
          "types": ["interactable_luggage"]
        }
      ]
    },
    {
      "pos": [0.875,0.375,3.5625],
      "rot": [0.0,270.0,0.0],
      "types": ["seat"],
      "additionalParts": [
        {
          "pos": [0.875,0.375,3.5625],
          "maxValue": 2.0,
          "types": ["interactable_luggage"]
        }
      ]
    },
    {
      "pos": [0.0,0.0625,12.21875],
      "maxValue": 5.0,
      "types": ["engine_car"]
    },
    {
      "pos": [0.0,1.938,10.375],
      "maxValue": 1.0,
      "types": ["generic_roofdevice"]
    },
    {
      "pos": [0.0,1.925,10.563],
      "maxValue": 2.0,
      "types": ["generic_lightbar"]
    },
    {
      "pos": [-0.563,0.125,-0.156],
      "maxValue": 3.0,
      "types": ["interactable_luggage"]
    },
    {
      "pos": [0.0,0.125,-0.156],
      "maxValue": 3.0,
      "types": ["interactable_luggage"]
    },
    {
      "pos": [0.563,0.125,-0.156],
      "maxValue": 3.0,
      "types": ["interactable_luggage"]
    }
  ],
  "collisionGroups": [
    {
      "collisions": [
        {
          "pos": [0.0,1.0,13.0],
          "width": 2.5,
          "height": 0.125,
          "variableValue": 0.0
        },
        {
          "pos": [0.0,1.9375,9.75],
          "width": 2.5,
          "height": 0.125,
          "variableValue": 0.0
        },
        {
          "pos": [0.0,1.9375,6.4375],
          "width": 2.5,
          "height": 0.125,
          "variableValue": 0.0
        },
        {
          "pos": [0.0,1.9375,2.9375],
          "width": 2.5,
          "height": 0.125,
          "variableValue": 0.0
        },
        {
          "pos": [0.0,1.0,-0.781],
          "width": 2.5,
          "height": 0.125,
          "variableValue": 0.0
        }
      ]
    }
  ],
  "connectionGroups": [
    {
      "groupName": "HOOKUP",
      "hookup": true,
      "connections": [
        {
          "type": "tow_bumper_heavy",
          "pos": [0.0,0.0,14.305],
          "distance": 0.0
        },
        {
          "type": "tow_bumper_heavy",
          "pos": [0.0,0.53125,-2.05375],
          "distance": 0.0
        },
        {
          "type": "tow_wheel_heavy",
          "pos": [0.0,-0.5,13.3125],
          "distance": 0.0
        }
      ]
    },
    {
      "groupName": "TRAILER",
      "canIntiateConnections": true,
      "connections": [
        {
          "type": "trailer_standard",
          "pos": [0.0,0.53125,-2.05375],
          "distance": 0.0
        }
      ]
    }
  ],
  "instruments": [
    {
      "pos": [1.0625,0.9375,11.60938],
      "rot": [0.0,0.0,0.0],
      "scale": 0.015625,
      "hudX": 80,
      "hudY": 36,
      "hudScale": 0.25
    },
    {
      "pos": [0.844,1.031,11.60938],
      "rot": [0.0,0.0,0.0],
      "scale": 0.015625,
      "hudX": 160,
      "hudY": 36,
      "hudScale": 0.5
    },
    {
      "pos": [0.656,1.031,11.60938],
      "rot": [0.0,0.0,0.0],
      "scale": 0.015625,
      "hudX": 240,
      "hudY": 36,
      "hudScale": 0.5
    },
    {
      "pos": [0.438,0.938,11.60938],
      "rot": [0.0,0.0,0.0],
      "scale": 0.015625,
      "hudX": 320,
      "hudY": 36,
      "hudScale": 0.25
    }
  ],
  "definitions": [
    {
      "subName": "_blue",
      "name": "Trin Pharaon Limousine",
      "extraMaterials": ["minecraft:dye:4:5"]
    },
    {
      "subName": "_brown",
      "name": "Trin Pharaon Limousine",
      "extraMaterials": ["minecraft:dye:3:5"]
    },
    {
      "subName": "_light_blue",
      "name": "Trin Pharaon Limousine",
      "extraMaterials": ["minecraft:dye:12:5"]
    },
    {
      "subName": "_light_gray",
      "name": "Trin Pharaon Limousine",
      "extraMaterials": ["minecraft:dye:7:5"]
    },
    {
      "subName": "_olive",
      "name": "Trin Pharaon Limousine",
      "extraMaterials": ["minecraft:dye:2:5"]
    },
    {
      "subName": "_red",
      "name": "Trin Pharaon Limousine",
      "extraMaterials": ["minecraft:dye:1:5"]
    },
    {
      "subName": "_pure_black",
      "name": "Trin Pharaon Limousine",
      "extraMaterials": ["minecraft:dye:0:10"]
    },
    {
      "subName": "_pure_white",
      "name": "Trin Pharaon Limousine",
      "extraMaterials": ["minecraft:dye:15:10"]
    },
    {
      "subName": "_diamond",
      "name": "Trin Pharaon Limousine",
      "extraMaterials": ["minecraft:dye:12:4","minecraft:diamond:0:1"]
    }
  ],
  "rendering": {
    "textObjects": [
      {
        "pos": [0.0,0.20625,14.305],
        "rot": [0.0,0.0,0.0],
        "scale": 0.13,
        "fieldName": "Text",
        "defaultText": "tcp-000",
        "maxLength": 7,
        "color": "000000"
      },
      {
        "pos": [0.0,0.53125,-2.05375],
        "rot": [0.0,180.0,0.0],
        "scale": 0.13,
        "fieldName": "Text",
        "defaultText": "tcp-000",
        "maxLength": 7,
        "color": "000000"
      }
    ],
    "animatedObjects": [
      {
        "objectName": "$gas",
        "animations": [
          {
            "animationType": "rotation",
            "variable": "throttle",
            "centerPoint": [0.96875,0.0625,16.0625],
            "axis": [12.5,0.0,0.0]
          }
        ]
      },
      {
        "objectName": "$brake",
        "animations": [
          {
            "animationType": "rotation",
            "variable": "brake",
            "centerPoint": [0.96875,0.0625,16.0625],
            "axis": [12.5,0.0,0.0]
          }
        ]
      },
      {
        "objectName": "$p_brake",
        "animations": [
          {
            "animationType": "rotation",
            "variable": "p_brake",
            "centerPoint": [0.1875,0.125,10.875],
            "axis": [30.0,0.0,0.0]
          }
        ]
      },
      {
        "objectName": "$doorFL",
        "animations": [
          {
            "animationType": "rotation",
            "variable": "door",
            "centerPoint": [1.5625,0.9375,11.40625],
            "axis": [0.0,-60.0,0.0],
            "duration": 30
          }
        ]
      },
      {
        "objectName": "$doorwindowFLa",
        "animations": [
          {
            "animationType": "rotation",
            "variable": "door",
            "centerPoint": [1.5625,0.9375,11.40625],
            "axis": [0.0,-60.0,0.0],
            "duration": 30
          }
        ]
      },
      {
        "objectName": "$doorwindowFLb",
        "animations": [
          {
            "animationType": "rotation",
            "variable": "door",
            "centerPoint": [1.5625,0.9375,11.40625],
            "axis": [0.0,-60.0,0.0],
            "duration": 30
          }
        ]
      },
      {
        "objectName": "$doorFR",
        "animations": [
          {
            "animationType": "rotation",
            "variable": "door",
            "centerPoint": [-1.5625,0.9375,11.40625],
            "axis": [0.0,60.0,0.0],
            "duration": 30
          }
        ]
      },
      {
        "objectName": "$doorwindowFRa",
        "animations": [
          {
            "animationType": "rotation",
            "variable": "door",
            "centerPoint": [-1.5625,0.9375,11.40625],
            "axis": [0.0,60.0,0.0],
            "duration": 30
          }
        ]
      },
      {
        "objectName": "$doorwindowFRb",
        "animations": [
          {
            "animationType": "rotation",
            "variable": "door",
            "centerPoint": [-1.5625,0.9375,11.40625],
            "axis": [0.0,60.0,0.0],
            "duration": 30
          }
        ]
      },
      {
        "objectName": "$doorRL",
        "animations": [
          {
            "animationType": "rotation",
            "variable": "door",
            "centerPoint": [1.5625,0.9375,1.15625],
            "axis": [0.0,60.0,0.0],
            "duration": 30
          }
        ]
      },
      {
        "objectName": "$doorwindowRL",
        "animations": [
          {
            "animationType": "rotation",
            "variable": "door",
            "centerPoint": [1.5625,0.9375,1.15625],
            "axis": [0.0,60.0,0.0],
            "duration": 30
          }
        ]
      },
      {
        "objectName": "$doorRR",
        "animations": [
          {
            "animationType": "rotation",
            "variable": "door",
            "centerPoint": [-1.5625,0.9375,1.15625],
            "axis": [0.0,-60.0,0.0],
            "duration": 30
          }
        ]
      },
      {
        "objectName": "$doorwindowRR",
        "animations": [
          {
            "animationType": "rotation",
            "variable": "door",
            "centerPoint": [-1.5625,0.9375,1.15625],
            "axis": [0.0,-60.0,0.0],
            "duration": 30
          }
        ]
      },
      {
        "objectName": "$steer",
        "animations": [
          {
            "animationType": "rotation",
            "variable": "rudder",
            "centerPoint": [0.75,0.875,11.53125],
            "axis": [-0.0,-0.0,1.0]
          }
        ]
      },
      {
        "objectName": "$hood",
        "animations": [
          {
            "animationType": "rotation",
            "variable": "hood",
            "centerPoint": [0.0,1.0625,12.15625],
            "axis": [-60.0,0.0,0.0]
          }
        ]
      },
      {
        "objectName": "$boot",
        "animations": [
          {
            "animationType": "rotation",
            "variable": "door",
            "centerPoint": [0.0,1.063,-0.281],
            "axis": [60.0,0.0,0.0],
            "duration": 30
          }
        ]
      },
      {
        "objectName": "$shift",
        "animations": [
          {
            "animationType": "rotation",
            "variable": "engine_gearshift_1",
            "centerPoint": [0.0,0.1875,10.71875],
            "axis": [1.0,0.0,0.0]
          }
        ]
      },
      {
        "objectName": "$windowbara",
        "animations": [
          {
            "animationType": "rotation",
            "variable": "door",
            "centerPoint": [-0.46875,0.9375,6.15625],
            "axis": [0.0,-60.0,0.0],
            "duration": 30
          }
        ]
      },
      {
        "objectName": "$windowbarb",
        "animations": [
          {
            "animationType": "rotation",
            "variable": "door",
            "centerPoint": [-0.46875,0.9375,4.84375],
            "axis": [0.0,60.0,0.0],
            "duration": 30
          }
        ]
      }
    ],
    "lightObjects": [
      {
        "objectName": "&RunningLight_e60000_FFFFF_111",
        "emissive": true,
        "covered": true,
        "isElectric": true,
        "color": "E60000",
        "brightnessAnimations": [
          {
            "animationType": "visibility",
            "variable": "running_light",
            "clampMin": 1.0,
            "clampMax": 1.0
          }
        ],
        "blendableComponents": [
          {
            "pos": [-1.34375,0.5,-2.0562500953674316],
            "axis": [-0.0,0.0,-1.0],
            "flareHeight": 0.5625,
            "flareWidth": 0.5625
          },
          {
            "pos": [1.34375,0.5,-2.0562500953674316],
            "axis": [-0.0,0.0,-1.0],
            "flareHeight": 0.5625,
            "flareWidth": 0.5625
          }
        ]
      },
      {
        "objectName": "&BackupLight_ffffcc_FFFFF_111",
        "emissive": true,
        "covered": true,
        "isElectric": true,
        "color": "FFFFCC",
        "brightnessAnimations": [
          {
            "animationType": "visibility",
            "variable": "engine_reversed_1",
            "clampMin": 1.0,
            "clampMax": 1.0
          }
        ],
        "blendableComponents": [
          {
            "pos": [-1.09375,0.6875,-2.0562500953674316],
            "axis": [0.0,0.0,-1.0],
            "flareHeight": 0.5625,
            "flareWidth": 0.5625
          },
          {
            "pos": [1.09375,0.6875,-2.0562500953674316],
            "axis": [0.0,0.0,-1.0],
            "flareHeight": 0.5625,
            "flareWidth": 0.5625
          }
        ]
      },
      {
        "objectName": "&BrakeLight_e60000_FFFFF_111",
        "emissive": true,
        "covered": true,
        "isElectric": true,
        "color": "E60000",
        "brightnessAnimations": [
          {
            "animationType": "visibility",
            "variable": "brake",
            "clampMin": 0.01,
            "clampMax": 1.0
          }
        ],
        "blendableComponents": [
          {
            "pos": [-1.34375,0.6875,-2.0562500953674316],
            "axis": [-0.0,0.0,-1.0],
            "flareHeight": 0.5625,
            "flareWidth": 0.5625
          },
          {
            "pos": [1.34375,0.6875,-2.0562500953674316],
            "axis": [-0.0,0.0,-1.0],
            "flareHeight": 0.5625,
            "flareWidth": 0.5625
          },
          {
            "pos": [0.0,1.787500023841858,0.5874999761581421],
            "axis": [-0.0,0.0,-1.0],
            "flareHeight": 0.5625,
            "flareWidth": 0.5625
          }
        ]
      },
      {
        "objectName": "&RightTurnLight_ff6600_FFC00_111",
        "emissive": true,
        "covered": true,
        "isElectric": true,
        "color": "FF6600",
        "brightnessAnimations": [
          {
            "animationType": "visibility",
            "variable": "right_turn_signal",
            "clampMin": 1.0,
            "clampMax": 1.0
          },
          {
            "animationType": "visibility",
            "variable": "10_10_0_cycle",
            "clampMin": 1.0,
            "clampMax": 1.0
          }
        ],
        "blendableComponents": [
          {
            "pos": [-1.3437509536743164,0.53125,14.981249809265137],
            "axis": [0.0,0.0,1.0],
            "flareHeight": 0.5625,
            "flareWidth": 0.5625
          },
          {
            "pos": [-1.34375,0.34375,-2.0562500953674316],
            "axis": [-0.0,0.0,-1.0],
            "flareHeight": 0.5625,
            "flareWidth": 0.5625
          },
          {
            "pos": [0.5468739867210388,1.0,11.609375],
            "axis": [-0.0,0.0,-1.0],
            "flareHeight": 0.1875,
            "flareWidth": 0.1875
          }
        ]
      },
      {
        "objectName": "&LeftTurnLight_ff6600_FFC00_111",
        "emissive": true,
        "covered": true,
        "isElectric": true,
        "color": "FF6600",
        "brightnessAnimations": [
          {
            "animationType": "visibility",
            "variable": "left_turn_signal",
            "clampMin": 1.0,
            "clampMax": 1.0
          },
          {
            "animationType": "visibility",
            "variable": "10_10_0_cycle",
            "clampMin": 1.0,
            "clampMax": 1.0
          }
        ],
        "blendableComponents": [
          {
            "pos": [1.3437490463256836,0.53125,14.981249809265137],
            "axis": [0.0,0.0,1.0],
            "flareHeight": 0.5625,
            "flareWidth": 0.5625
          },
          {
            "pos": [1.34375,0.34375,-2.0562500953674316],
            "axis": [-0.0,0.0,-1.0],
            "flareHeight": 0.5625,
            "flareWidth": 0.5625
          },
          {
            "pos": [0.9531239867210388,1.0,11.609375],
            "axis": [-0.0,0.0,-1.0],
            "flareHeight": 0.1875,
            "flareWidth": 0.1875
          }
        ]
      },
      {
        "objectName": "&Headlight_ffcc00_FFFFF_111",
        "emissive": true,
        "covered": true,
        "isElectric": true,
        "color": "FFCC00",
        "brightnessAnimations": [
          {
            "animationType": "visibility",
            "variable": "headlight",
            "clampMin": 1.0,
            "clampMax": 1.0
          }
        ],
        "blendableComponents": [
          {
            "pos": [1.0937490165233612,0.6875,14.96875],
            "axis": [0.0,0.0,1.0],
            "flareHeight": 0.5625002,
            "flareWidth": 0.5625002,
            "beamDiameter": 12.000004,
            "beamLength": 36.00001
          },
          {
            "pos": [-1.0937509536743164,0.6875,14.96875],
            "axis": [0.0,0.0,1.0],
            "flareHeight": 0.5625,
            "flareWidth": 0.5625,
            "beamDiameter": 12.0,
            "beamLength": 36.0
          }
        ]
      },
      {
        "objectName": "&RunningLight_ffcc00_FFFFF_111",
        "emissive": true,
        "covered": true,
        "isElectric": true,
        "color": "FFCC00",
        "brightnessAnimations": [
          {
            "animationType": "visibility",
            "variable": "running_light",
            "clampMin": 1.0,
            "clampMax": 1.0
          }
        ],
        "blendableComponents": [
          {
            "pos": [1.3437490463256836,0.6875,14.96875],
            "axis": [-0.0,0.0,1.0],
            "flareHeight": 0.5625,
            "flareWidth": 0.5625
          },
          {
            "pos": [0.8437489867210388,0.6875,14.96875],
            "axis": [-0.0,0.0,1.0],
            "flareHeight": 0.5625,
            "flareWidth": 0.5625
          },
          {
            "pos": [-0.8437510132789612,0.6875,14.96875],
            "axis": [-0.0,0.0,1.0],
            "flareHeight": 0.5625,
            "flareWidth": 0.5625
          },
          {
            "pos": [-1.3437509536743164,0.6875,14.96875],
            "axis": [-0.0,0.0,1.0],
            "flareHeight": 0.5625,
            "flareWidth": 0.5625
          },
          {
            "pos": [0.2187490016222,0.90625,11.640625],
            "axis": [0.0,0.0,-1.0],
            "flareHeight": 0.1875,
            "flareWidth": 0.1875
          }
        ]
      },
      {
        "objectName": "&RunningLight_ffcc00_FFFFF_111.001",
        "emissive": true,
        "covered": true,
        "isElectric": true,
        "color": "FFCC00",
        "brightnessAnimations": [
          {
            "animationType": "visibility",
            "variable": "running_light",
            "clampMin": 1.0,
            "clampMax": 1.0
          }
        ],
        "blendableComponents": [
          {
            "pos": [1.3437490463256836,0.6875,14.96875],
            "axis": [-0.0,0.0,1.0],
            "flareHeight": 0.5625,
            "flareWidth": 0.5625
          },
          {
            "pos": [-1.3437509536743164,0.6875,14.96875],
            "axis": [-0.0,0.0,1.0],
            "flareHeight": 0.5625,
            "flareWidth": 0.5625
          }
        ]
      }
    ],
    "customVariables": ["siren"],
    "sounds": [
      {
        "name": "iv_tcp:horn_1",
        "activeAnimations": [
          {
            "animationType": "visibility",
            "variable": "horn",
            "clampMin": 1.0,
            "clampMax": 1.0
          }
        ],
        "looping": true
      },
      {
        "name": "iv_tcp:siren",
        "activeAnimations": [
          {
            "animationType": "visibility",
            "variable": "siren",
            "clampMin": 1.0,
            "clampMax": 1.0
          }
        ],
        "looping": true
      }
    ],
    "particles": []
  },
  "general": {
    "description": "Recommended parts:\nLarge Sized Wheels\nV12 Engine\nModel 3 Seats",
    "materials": ["mts:iv_tcp_v2.pile_of_v2_junk:0:17"]
  }
}
