{
  "motorized": {
    "isRearWheelDrive": true,
    "hasRunningLights": true,
    "hasHeadlights": true,
    "hasTurnSignals": true,
    "emptyMass": 1500,
    "fuelCapacity": 15000,
    "downForce": 0.7,
    "overSteer": 2,
    "underSteer": 1.5,
    "overSteerAccel": 4,
    "overSteerDecel": -2,
    "axleRatio": 3.6,
    "brakingFactor": 1.15,
    "maxTiltAngle": -3.0,
    "dragCoefficient": 0.6
  },
  "parts": [
    {
      "pos": [1.0625,0.0,0.0],
      "minValue": 0.4,
      "maxValue": 0.9,
      "types": ["ground_wheel"]
    },
    {
      "pos": [-1.0625,0.0,0.0],
      "minValue": 0.4,
      "maxValue": 0.9,
      "types": ["ground_wheel"]
    },
    {
      "pos": [1.0625,0.0,3.375],
      "turnsWithSteer": true,
      "minValue": 0.4,
      "maxValue": 0.9,
      "types": ["ground_wheel"],
      "animations": [
        {
          "animationType": "rotation",
          "variable": "rudder",
          "centerPoint": [0.0,0.0,0.0],
          "axis": [0.0,-1.0,0.0]
        }
      ]
    },
    {
      "pos": [-1.0625,0.0,3.375],
      "turnsWithSteer": true,
      "minValue": 0.4,
      "maxValue": 0.9,
      "types": ["ground_wheel"],
      "animations": [
        {
          "animationType": "rotation",
          "variable": "rudder",
          "centerPoint": [0.0,0.0,0.0],
          "axis": [0.0,-1.0,0.0]
        }
      ]
    },
    {
      "pos": [0.625,0.1875,2.0625],
      "rot": [0.0,0.0,0.0],
      "dismountPos": [1.625,0.1875,2.0625],
      "isController": true,
      "types": ["seat"],
      "linkedVariables": ["door_fl"]
    },
    {
      "pos": [-0.625,0.1875,2.0625],
      "rot": [0.0,0.0,0.0],
      "dismountPos": [-1.625,0.1875,2.0625],
      "types": ["seat"],
      "additionalParts": [
        {
          "pos": [-0.625,0.19,2.0625],
          "rot": [0.0,90.0,0.0],
          "maxValue": 2.0,
          "types": ["interactable_luggage"]
        }
      ],
      "linkedVariables": ["door_fr"]
    },
    {
      "pos": [0.5625,0.1875,1.0],
      "rot": [0.0,0.0,0.0],
      "dismountPos": [1.5625,0.1875,1.0],
      "types": ["seat"],
      "additionalParts": [
        {
          "pos": [0.5625,0.19,1.0],
          "rot": [0.0,90.0,0.0],
          "maxValue": 2.0,
          "types": ["interactable_luggage"]
        }
      ],
      "linkedVariables": ["door_fl"]
    },
    {
      "pos": [-0.5625,0.1875,1.0],
      "rot": [0.0,0.0,0.0],
      "dismountPos": [-1.5625,0.1875,1.0],
      "types": ["seat"],
      "additionalParts": [
        {
          "pos": [-0.5625,0.19,1.0],
          "rot": [0.0,90.0,0.0],
          "maxValue": 2.0,
          "types": ["interactable_luggage"]
        }
      ],
      "linkedVariables": ["door_fr"]
    },
    {
      "pos": [0.0,0.0,2.875],
      "rot": [0.0,0.0,0.0],
      "maxValue": 0.7,
      "types": ["engine_car"],
      "linkedVariables": ["door_hood"]
    },
    {
      "pos": [0.0,1.5,1.8125],
      "maxValue": 1.0,
      "types": ["generic_roofdevice"]
    },
    {
      "pos": [0.0,1.5,2.0625],
      "maxValue": 2.0,
      "types": ["generic_lightbar"]
    },
    {
      "pos": [0.5,-0.0625,0.0],
      "maxValue": 3.0,
      "types": ["interactable_luggage"],
      "linkedVariables": ["door_boot"]
    },
    {
      "pos": [0.0,-0.0625,0.0],
      "maxValue": 3.0,
      "types": ["interactable_luggage"],
      "linkedVariables": ["door_boot"]
    },
    {
      "pos": [-0.5,-0.0625,0.0],
      "maxValue": 3.0,
      "types": ["interactable_luggage"],
      "linkedVariables": ["door_boot"]
    },
    {
      "pos": [0.0,0.0,4.28125],
      "maxValue": 2.0,
      "types": ["generic_bullbar"]
    },
    {
      "pos": [0.5625,0.125,-0.75625],
      "maxValue": 1.0,
      "types": ["generic_bumpersticker"]
    },
    {
      "pos": [0.0,0.125,-0.75625],
      "maxValue": 1.0,
      "types": ["generic_bumpersticker"]
    },
    {
      "pos": [-0.5625,0.125,-0.75625],
      "maxValue": 1.0,
      "types": ["generic_bumpersticker"]
    }
  ],
  "collisionGroups": [
    {
      "isInterior": true,
      "collisions": [
        {
          "pos": [1.1875,0.59375,1.65625],
          "width": 0.3125,
          "height": 0.125,
          "variableName": "door_fl",
          "variableType": "toggle",
          "variableValue": 0.0
        }
      ],
      "animations": [
        {
          "animationType": "translation",
          "variable": "door_fl",
          "axis": [0.9375,0.0,0.5]
        }
      ]
    },
    {
      "isInterior": true,
      "collisions": [
        {
          "pos": [-1.1875,0.59375,1.65625],
          "width": 0.3125,
          "height": 0.125,
          "variableName": "door_fr",
          "variableType": "toggle",
          "variableValue": 0.0
        }
      ],
      "animations": [
        {
          "animationType": "translation",
          "variable": "door_fr",
          "axis": [-0.9375,0.0,0.5]
        }
      ]
    },
    {
      "isInterior": true,
      "collisions": [
        {
          "pos": [0.0,0.6875,3.9375],
          "width": 1.0,
          "height": 0.5,
          "variableName": "door_hood",
          "variableType": "toggle",
          "variableValue": 0.0
        }
      ],
      "animations": [
        {
          "animationType": "translation",
          "variable": "door_hood",
          "axis": [0.0,1.1875,-0.4375]
        }
      ]
    },
    {
      "isInterior": true,
      "collisions": [
        {
          "pos": [0.0,0.78125,-0.59375],
          "width": 0.3125,
          "height": 0.125,
          "variableName": "door_boot",
          "variableType": "toggle",
          "variableValue": 0.0
        }
      ],
      "animations": [
        {
          "animationType": "translation",
          "variable": "door_boot",
          "axis": [0.0,0.625,0.3125]
        }
      ]
    },
    {
      "collisions": [
        {
          "pos": [0.0,0.6875,3.5],
          "width": 1.5,
          "height": 0.125,
          "variableValue": 0.0
        },
        {
          "pos": [0.0,1.5,1.375],
          "width": 1.5,
          "height": 0.125,
          "variableValue": 0.0
        },
        {
          "pos": [0.0,0.75,-0.3125],
          "width": 0.625,
          "height": 0.125,
          "variableValue": 0.0
        }
      ]
    }
  ],
  "connectionGroups": [
    {
      "groupName": "HOOKUP",
      "hookup": true,
      "connections": [
        {
          "type": "tow_bumper",
          "pos": [-0.71875,-0.1,4.34438],
          "distance": 0.0
        },
        {
          "type": "tow_bumper",
          "pos": [0.0,0.40625,-0.72563],
          "distance": 0.0
        },
        {
          "type": "tow_wheel",
          "pos": [-0.71875,-0.4375,3.375],
          "distance": 0.0
        }
      ]
    },
    {
      "groupName": "TRAILER",
      "canIntiateConnections": true,
      "connections": [
        {
          "type": "trailer_standard",
          "pos": [0.0,0.40625,-0.72563],
          "distance": 0.0
        }
      ]
    }
  ],
  "instruments": [
    {
      "pos": [0.9375,0.53125,2.53063],
      "rot": [0.0,0.0,0.0],
      "scale": 0.015625,
      "hudX": 80,
      "hudY": 36,
      "hudScale": 0.25
    },
    {
      "pos": [0.75,0.57813,2.53063],
      "rot": [0.0,0.0,0.0],
      "scale": 0.015625,
      "hudX": 160,
      "hudY": 36,
      "hudScale": 0.5
    },
    {
      "pos": [0.5,0.57813,2.53063],
      "rot": [0.0,0.0,0.0],
      "scale": 0.015625,
      "hudX": 240,
      "hudY": 36,
      "hudScale": 0.5
    },
    {
      "pos": [0.3125,0.54688,2.53063],
      "rot": [0.0,0.0,0.0],
      "scale": 0.015625,
      "hudX": 320,
      "hudY": 36,
      "hudScale": 0.25
    }
  ],
  "definitions": [
    {
      "subName": "_blue",
      "name": "Trin Devom",
      "extraMaterials": ["minecraft:dye:4:5"]
    },
    {
      "subName": "_brown",
      "name": "Trin Devom",
      "extraMaterials": ["minecraft:dye:3:5"]
    },
    {
      "subName": "_light_blue",
      "name": "Trin Devom",
      "extraMaterials": ["minecraft:dye:12:5"]
    },
    {
      "subName": "_light_gray",
      "name": "Trin Devom",
      "extraMaterials": ["minecraft:dye:7:5"]
    },
    {
      "subName": "_olive",
      "name": "Trin Devom",
      "extraMaterials": ["minecraft:dye:2:5"]
    },
    {
      "subName": "_red",
      "name": "Trin Devom",
      "extraMaterials": ["minecraft:dye:1:5"]
    },
    {
      "subName": "_pure_black",
      "name": "Trin Devom",
      "extraMaterials": ["minecraft:dye:0:10"]
    },
    {
      "subName": "_pure_white",
      "name": "Trin Devom",
      "extraMaterials": ["minecraft:dye:15:10"]
    },
    {
      "subName": "_diamond",
      "name": "Trin Devom",
      "extraMaterials": ["minecraft:dye:12:4","minecraft:diamond:0:1"]
    }
  ],
  "rendering": {
    "textObjects": [
      {
        "pos": [-0.71875,-0.0625,4.34438],
        "rot": [0.0,-10.0,0.0],
        "scale": 0.125,
        "fieldName": "License Plate",
        "defaultText": "Devom",
        "maxLength": 8,
        "color": "000000"
      },
      {
        "pos": [0.0,0.40625,-0.72563],
        "rot": [0.0,180.0,0.0],
        "scale": 0.125,
        "fieldName": "License Plate",
        "defaultText": "Devom",
        "maxLength": 8,
        "color": "000000"
      }
    ],
    "animatedObjects": [
      {
        "objectName": "$steer",
        "animations": [
          {
            "animationType": "rotation",
            "variable": "rudder",
            "centerPoint": [0.625,0.625,2.40625],
            "axis": [0.0,0.0,1.0]
          }
        ]
      },
      {
        "objectName": "$gas",
        "animations": [
          {
            "animationType": "rotation",
            "variable": "throttle",
            "centerPoint": [0.875,0.0,2.78125],
            "axis": [-25.0,0.0,0.0]
          }
        ]
      },
      {
        "objectName": "$brake",
        "animations": [
          {
            "animationType": "rotation",
            "variable": "brake",
            "centerPoint": [0.875,0.0,2.78125],
            "axis": [-25.0,0.0,0.0]
          }
        ]
      },
      {
        "objectName": "$p_brake",
        "animations": [
          {
            "animationType": "rotation",
            "variable": "p_brake",
            "centerPoint": [0.1875,0.03125,2.59375],
            "axis": [30.0,0.0,0.0]
          }
        ]
      },
      {
        "objectName": "$shift",
        "animations": [
          {
            "animationType": "rotation",
            "variable": "engine_gearshift_1",
            "centerPoint": [0.0,0.15625,2.53125],
            "axis": [1.0,0.0,0.0]
          }
        ]
      },
      {
        "objectName": "$doorFR",
        "animations": [
          {
            "animationType": "rotation",
            "variable": "door_fr",
            "centerPoint": [-1.25,0.6875,2.75],
            "axis": [0.0,60.0,0.0],
            "duration": 5
          }
        ]
      },
      {
        "objectName": "$doorwindowFR",
        "applyAfter": "$doorFR",
        "animations": []
      },
      {
        "objectName": "$doorFL",
        "animations": [
          {
            "animationType": "rotation",
            "variable": "door_fl",
            "centerPoint": [1.25,0.6875,2.75],
            "axis": [0.0,-60.0,0.0],
            "duration": 5
          }
        ]
      },
      {
        "objectName": "$doorwindowFL",
        "applyAfter": "$doorFL",
        "animations": []
      },
      {
        "objectName": "$hood",
        "animations": [
          {
            "animationType": "rotation",
            "variable": "door_hood",
            "centerPoint": [0.0,0.75,2.75],
            "axis": [-60.0,0.0,0.0],
            "duration": 5
          }
        ]
      },
      {
        "objectName": "$boot",
        "animations": [
          {
            "animationType": "rotation",
            "variable": "door_boot",
            "centerPoint": [0.0,0.8125,0.125],
            "axis": [60.0,0.0,0.0],
            "duration": 5
          }
        ]
      }
    ],
    "lightObjects": [
      {
        "objectName": "&BackupLight_ffffcc_FFFFF_111",
        "emissive": true,
        "covered": true,
        "isElectric": true,
        "color": "FFFFCC",
        "brightnessAnimations": [
          {
            "animationType": "visibility",
            "variable": "engine_reversed_1",
            "clampMin": 1.0,
            "clampMax": 1.0
          }
        ],
        "blendableComponents": [
          {
            "pos": [0.8125,0.4375,-0.768750011920929],
            "axis": [0.0,0.0,-1.0],
            "flareHeight": 0.375,
            "flareWidth": 0.375
          },
          {
            "pos": [-0.8125,0.4375,-0.768750011920929],
            "axis": [0.0,0.0,-1.0],
            "flareHeight": 0.375,
            "flareWidth": 0.375
          }
        ]
      },
      {
        "objectName": "&Headlight_ffcc00_FFFFF_111",
        "emissive": true,
        "covered": true,
        "isElectric": true,
        "color": "FFCC00",
        "brightnessAnimations": [
          {
            "animationType": "visibility",
            "variable": "headlight",
            "clampMin": 1.0,
            "clampMax": 1.0
          }
        ],
        "blendableComponents": [
          {
            "pos": [0.78125,0.4062489867210388,4.34375],
            "axis": [0.0,0.0,1.0],
            "flareHeight": 0.5625,
            "flareWidth": 0.5625,
            "beamDiameter": 12.0,
            "beamLength": 36.0
          },
          {
            "pos": [-0.78125,0.4062489867210388,4.34375],
            "axis": [0.0,0.0,1.0],
            "flareHeight": 0.5625,
            "flareWidth": 0.5625,
            "beamDiameter": 12.0,
            "beamLength": 36.0
          }
        ]
      },
      {
        "objectName": "&LeftTurnLight_ff6600_FFC00_111",
        "emissive": true,
        "covered": true,
        "isElectric": true,
        "color": "FF6600",
        "brightnessAnimations": [
          {
            "animationType": "visibility",
            "variable": "left_turn_signal",
            "clampMin": 1.0,
            "clampMax": 1.0
          },
          {
            "animationType": "visibility",
            "variable": "10_10_0_cycle",
            "clampMin": 1.0,
            "clampMax": 1.0
          }
        ],
        "blendableComponents": [
          {
            "pos": [1.03125,0.1562490016222,4.324999809265137],
            "axis": [0.0,0.0,1.0],
            "flareHeight": 0.375,
            "flareWidth": 0.375
          },
          {
            "pos": [1.0625,0.5625,2.53125],
            "axis": [0.0,0.0,-1.0],
            "flareHeight": 0.1875,
            "flareWidth": 0.1875
          },
          {
            "pos": [0.9375,0.21875,-0.762499988079071],
            "axis": [0.0,0.0,-1.0],
            "flareHeight": 0.375,
            "flareWidth": 0.375
          }
        ]
      },
      {
        "objectName": "&RightTurnLight_ff6600_FFC00_111",
        "emissive": true,
        "covered": true,
        "isElectric": true,
        "color": "FF6600",
        "brightnessAnimations": [
          {
            "animationType": "visibility",
            "variable": "right_turn_signal",
            "clampMin": 1.0,
            "clampMax": 1.0
          },
          {
            "animationType": "visibility",
            "variable": "10_10_0_cycle",
            "clampMin": 1.0,
            "clampMax": 1.0
          }
        ],
        "blendableComponents": [
          {
            "pos": [-1.03125,0.1562490016222,4.324999809265137],
            "axis": [0.0,0.0,1.0],
            "flareHeight": 0.375,
            "flareWidth": 0.375
          },
          {
            "pos": [0.1875,0.5625,2.53125],
            "axis": [0.0,0.0,-1.0],
            "flareHeight": 0.1875,
            "flareWidth": 0.1875
          },
          {
            "pos": [-0.9375,0.21875,-0.762499988079071],
            "axis": [0.0,0.0,-1.0],
            "flareHeight": 0.375,
            "flareWidth": 0.375
          }
        ]
      },
      {
        "objectName": "&RunningLight_e60000_FFFFF_111",
        "emissive": true,
        "covered": true,
        "isElectric": true,
        "color": "E60000",
        "brightnessAnimations": [
          {
            "animationType": "visibility",
            "variable": "running_light",
            "clampMin": 1.0,
            "clampMax": 1.0
          }
        ],
        "blendableComponents": [
          {
            "pos": [0.9375,0.4375,-0.7749999761581421],
            "axis": [0.0,0.0,-1.0],
            "flareHeight": 0.375,
            "flareWidth": 0.375
          },
          {
            "pos": [-0.9375,0.4375,-0.7749999761581421],
            "axis": [0.0,0.0,-1.0],
            "flareHeight": 0.375,
            "flareWidth": 0.375
          }
        ]
      },
      {
        "objectName": "&BrakeLight_e60000_FFFFF_111",
        "emissive": true,
        "covered": true,
        "isElectric": true,
        "color": "E60000",
        "brightnessAnimations": [
          {
            "animationType": "visibility",
            "variable": "brake",
            "clampMin": 0.01,
            "clampMax": 1.0
          }
        ],
        "blendableComponents": [
          {
            "pos": [0.6875,0.4375,-0.7749999761581421],
            "axis": [0.0,0.0,-1.0],
            "flareHeight": 0.375,
            "flareWidth": 0.375
          },
          {
            "pos": [-0.6875,0.4375,-0.7749999761581421],
            "axis": [0.0,0.0,-1.0],
            "flareHeight": 0.375,
            "flareWidth": 0.375
          },
          {
            "pos": [0.0,1.34375,0.421875],
            "axis": [0.0,0.0,-1.0],
            "flareHeight": 0.75,
            "flareWidth": 0.75
          }
        ]
      },
      {
        "objectName": "&RunningLight_ffcc00_FFFFF_111",
        "emissive": true,
        "covered": true,
        "isElectric": true,
        "color": "FFCC00",
        "brightnessAnimations": [
          {
            "animationType": "visibility",
            "variable": "running_light",
            "clampMin": 1.0,
            "clampMax": 1.0
          }
        ],
        "blendableComponents": [
          {
            "pos": [1.0,0.4062489867210388,4.3125],
            "axis": [0.0,0.0,1.0],
            "flareHeight": 0.5625,
            "flareWidth": 0.5625
          },
          {
            "pos": [-1.0,0.4062489867210388,4.3125],
            "axis": [0.0,0.0,1.0],
            "flareHeight": 0.5625,
            "flareWidth": 0.5625
          },
          {
            "pos": [0.09375,0.5625,2.53125],
            "axis": [0.0,0.0,-1.0],
            "flareHeight": 0.1875,
            "flareWidth": 0.1875
          }
        ]
      }
    ],
    "customVariables": [],
    "initialVariables": ["door_boot","door_fr","door_hood","door_fl"],
    "sounds": [
      {
        "name": "iv_tcp:horn_1",
        "activeAnimations": [
          {
            "animationType": "visibility",
            "variable": "horn",
            "clampMin": 1.0,
            "clampMax": 1.0
          }
        ],
        "looping": true
      }
    ],
    "particles": [
      {
        "type": "smoke",
        "transparency": 0.25,
        "toTransparency": 0.25,
        "scale": 1.0,
        "color": "D9D9D9",
        "pos": [0.9375,0.0625,-0.78125],
        "initialVelocity": [0.0,0.0,-1.0],
        "activeAnimations": [
          {
            "animationType": "visibility",
            "variable": "engine_piston_1_2_cam_1",
            "clampMin": 1.0,
            "clampMax": 1.0
          }
        ]
      },
      {
        "type": "smoke",
        "quantity": 5,
        "scale": 2.5,
        "color": "000000",
        "pos": [0.9375,0.0625,-0.78125],
        "initialVelocity": [0.0,0.0,-1.0],
        "activeAnimations": [
          {
            "animationType": "visibility",
            "variable": "engine_backfired_1",
            "clampMin": 1.0,
            "clampMax": 1.0
          }
        ]
      },
      {
        "type": "smoke",
        "transparency": 0.25,
        "toTransparency": 0.25,
        "scale": 1.0,
        "color": "D9D9D9",
        "pos": [-0.9375,0.0625,-0.78125],
        "initialVelocity": [0.0,0.0,-1.0],
        "activeAnimations": [
          {
            "animationType": "visibility",
            "variable": "engine_piston_2_2_cam_1",
            "clampMin": 1.0,
            "clampMax": 1.0
          }
        ]
      },
      {
        "type": "smoke",
        "quantity": 5,
        "scale": 2.5,
        "color": "000000",
        "pos": [-0.9375,0.0625,-0.78125],
        "initialVelocity": [0.0,0.0,-1.0],
        "activeAnimations": [
          {
            "animationType": "visibility",
            "variable": "engine_backfired_1",
            "clampMin": 1.0,
            "clampMax": 1.0
          }
        ]
      }
    ]
  },
  "general": {
    "description": "Recommended parts:\nAverage Sized Wheels\nV8 Engine\nModel 1 Seats",
    "materials": ["mts:iv_tcp_v2.pile_of_v2_junk:0:5"]
  }
}
