{
  "motorized": {
    "isRearWheelDrive": true,
    "hasOpenTop": true,
    "emptyMass": 1000,
    "fuelCapacity": 15000,
    "axleRatio": 3.55,
    "dragCoefficient": 0.4,
    "brakingFactor": 0.7,
    "downForce": 0.1,
    "overSteer": -1,
    "maxTiltAngle": -4.2
  },
  "parts": [
    {
      "pos": [1.25,0.0,0.0],
      "minValue": 0.7,
      "maxValue": 0.88,
      "types": ["ground_wheel"]
    },
    {
      "pos": [-1.25,0.0,0.0],
      "minValue": 0.7,
      "maxValue": 0.875,
      "types": ["ground_wheel"]
    },
    {
      "pos": [1.25,0.125,4.125],
      "turnsWithSteer": true,
      "minValue": 0.7,
      "maxValue": 0.875,
      "types": ["ground_wheel"],
      "animations": [
        {
          "animationType": "rotation",
          "variable": "rudder",
          "centerPoint": [0.0,0.0,0.0],
          "axis": [0.0,-1.0,0.0]
        }
      ]
    },
    {
      "pos": [-1.25,0.125,4.125],
      "turnsWithSteer": true,
      "minValue": 0.7,
      "maxValue": 0.875,
      "types": ["ground_wheel"],
      "animations": [
        {
          "animationType": "rotation",
          "variable": "rudder",
          "centerPoint": [0.0,0.0,0.0],
          "axis": [0.0,-1.0,0.0]
        }
      ]
    },
    {
      "pos": [0.5625,0.5,2.5625],
      "rot": [0.0,0.0,0.0],
      "dismountPos": [1.5625,0.5,2.5625],
      "isController": true,
      "types": ["seat"]
    },
    {
      "pos": [-0.5625,0.5,2.5625],
      "rot": [0.0,0.0,0.0],
      "dismountPos": [-1.5625,0.5,2.5625],
      "types": ["seat"]
    },
    {
      "pos": [0.5625,0.5,1.125],
      "rot": [0.0,0.0,0.0],
      "dismountPos": [1.5625,0.5,1.125],
      "types": ["seat"]
    },
    {
      "pos": [-0.5625,0.5,1.125],
      "rot": [0.0,0.0,0.0],
      "dismountPos": [-1.5625,0.5,1.125],
      "types": ["seat"]
    },
    {
      "pos": [0.0,0.25,3.875],
      "rot": [0.0,0.0,0.0],
      "minValue": 0.1,
      "maxValue": 0.25,
      "types": ["engine_car"]
    },
    {
      "pos": [0.0,1.9375,2.4375],
      "maxValue": 3.0,
      "types": ["generic_roofdevice"]
    },
    {
      "pos": [0.0,1.9375,0.75],
      "maxValue": 3.0,
      "types": ["interactable_crate_roof"]
    },
    {
      "pos": [0.0,0.6875,5.15625],
      "maxValue": 3.0,
      "types": ["generic_bodypanel_bumper_f"]
    },
    {
      "pos": [0.0,1.0625,4.65625],
      "maxValue": 3.0,
      "types": ["generic_bodypanel_hood"],
      "animations": [
        {
          "animationType": "rotation",
          "variable": "door_hood",
          "centerPoint": [0.0,0.0625,-1.09375],
          "axis": [-60.0,0.0,0.0],
          "duration": 20,
          "forwardsStartSound": "iv_tpp:hoodopen",
          "reverseStartSound": "iv_tpp:hoodclose"
        }
      ]
    },
    {
      "pos": [1.3125,0.6875,4.21875],
      "maxValue": 3.0,
      "types": ["generic_bodypanel_fender_f"]
    },
    {
      "pos": [-1.3125,0.6875,4.21875],
      "maxValue": 3.0,
      "types": ["generic_bodypanel_fender_f"]
    },
    {
      "pos": [1.1875,1.09375,2.6875],
      "maxValue": 3.0,
      "types": ["generic_bodypanel_door_f"],
      "animations": [
        {
          "animationType": "rotation",
          "variable": "door_fl",
          "centerPoint": [0.125,0.03125,0.625],
          "axis": [0.0,-60.0,0.0],
          "duration": 20,
          "forwardsStartSound": "iv_tpp:dooropen",
          "reverseEndSound": "iv_tpp:doorclose"
        }
      ]
    },
    {
      "pos": [-1.1875,1.09375,2.6875],
      "maxValue": 3.0,
      "types": ["generic_bodypanel_door_f"],
      "animations": [
        {
          "animationType": "rotation",
          "variable": "door_fr",
          "centerPoint": [-0.125,0.03125,0.625],
          "axis": [0.0,60.0,0.0],
          "duration": 20,
          "forwardsStartSound": "iv_tpp:dooropen",
          "reverseEndSound": "iv_tpp:doorclose"
        }
      ]
    },
    {
      "pos": [1.1875,1.09375,1.4375],
      "maxValue": 3.0,
      "types": ["generic_bodypanel_door_r"],
      "animations": [
        {
          "animationType": "rotation",
          "variable": "door_rl",
          "centerPoint": [0.125,0.03125,0.625],
          "axis": [0.0,-60.0,0.0],
          "duration": 20,
          "forwardsStartSound": "iv_tpp:dooropen",
          "reverseEndSound": "iv_tpp:doorclose"
        }
      ]
    },
    {
      "pos": [-1.1875,1.09375,1.4375],
      "maxValue": 3.0,
      "types": ["generic_bodypanel_door_r"],
      "animations": [
        {
          "animationType": "rotation",
          "variable": "door_rr",
          "centerPoint": [-0.125,0.03125,0.625],
          "axis": [0.0,60.0,0.0],
          "duration": 20,
          "forwardsStartSound": "iv_tpp:dooropen",
          "reverseEndSound": "iv_tpp:doorclose"
        }
      ]
    },
    {
      "pos": [1.1875,1.09375,-0.375],
      "maxValue": 3.0,
      "types": ["generic_bodypanel_fender_r"]
    },
    {
      "pos": [-1.1875,1.09375,-0.375],
      "maxValue": 3.0,
      "types": ["generic_bodypanel_fender_r"]
    },
    {
      "pos": [0.0,1.21875,-1.34375],
      "maxValue": 3.0,
      "types": ["generic_bodypanel_boot"],
      "animations": [
        {
          "animationType": "rotation",
          "variable": "door_boot",
          "centerPoint": [0.0,0.71875,0.40625],
          "axis": [90.0,0.0,0.0],
          "duration": 20,
          "forwardsStartSound": "iv_tpp:bootopen",
          "reverseEndSound": "iv_tpp:bootclose"
        }
      ]
    }
  ],
  "collision": [
    {
      "pos": [0.0,1.0625,4.5625],
      "width": 2.0,
      "height": 0.125
    },
    {
      "pos": [0.0,1.9375,-0.0625],
      "width": 2.0,
      "height": 0.125
    },
    {
      "pos": [0.0,1.9375,2.0],
      "width": 2.0,
      "height": 0.125
    },
    {
      "pos": [1.25,1.0,0.0],
      "width": 0.125,
      "height": 0.125
    },
    {
      "pos": [-1.25,1.0,0.0],
      "width": 0.125,
      "height": 0.125
    },
    {
      "pos": [-1.25,1.0,4.125],
      "width": 0.125,
      "height": 0.125
    },
    {
      "pos": [1.25,1.0,4.125],
      "width": 0.125,
      "height": 0.125
    }
  ],
  "doors": [
    {
      "name": "door_fl",
      "closedPos": [1.28125,1.03125,2.28125],
      "openPos": [2.21875,1.03125,2.78125],
      "width": 0.3125,
      "height": 0.125,
      "closeOnMovement": true,
      "activateOnSeated": true
    },
    {
      "name": "door_fr",
      "closedPos": [-1.28125,1.03125,2.28125],
      "openPos": [-2.21875,1.03125,2.78125],
      "width": 0.3125,
      "height": 0.125,
      "closeOnMovement": true,
      "activateOnSeated": true
    },
    {
      "name": "door_rl",
      "closedPos": [1.28125,1.03125,1.03125],
      "openPos": [2.21875,1.03125,1.53125],
      "width": 0.3125,
      "height": 0.125,
      "closeOnMovement": true,
      "activateOnSeated": true
    },
    {
      "name": "door_rr",
      "closedPos": [-1.28125,1.03125,1.03125],
      "openPos": [-2.21875,1.03125,1.53125],
      "width": 0.3125,
      "height": 0.125,
      "closeOnMovement": true,
      "activateOnSeated": true
    },
    {
      "name": "door_hood",
      "closedPos": [0.0,1.0,4.6875],
      "openPos": [0.0,2.1875,4.3125],
      "width": 1.0,
      "height": 0.5
    },
    {
      "name": "door_boot",
      "closedPos": [0.0,0.53125,-1.59375],
      "openPos": [0.0,2.59375,-2.34375],
      "width": 0.3125,
      "height": 0.125,
      "closedByDefault": true,
      "activateOnSeated": true
    }
  ],
  "connectionGroups": [
    {
      "groupName": "HOOKUP",
      "hookup": true,
      "connections": [
        {
          "type": "tow_bumper",
          "pos": [0.0,0.25,5.375],
          "distance": 0.0
        },
        {
          "type": "tow_wheel",
          "pos": [0.0,-0.4375,4.125],
          "distance": 0.0
        }
      ]
    }
  ],
  "instruments": [
    {
      "pos": [0.875,0.9375,3.29625],
      "rot": [0.0,0.0,0.0],
      "scale": 0.015625,
      "hudX": 80,
      "hudY": 36,
      "hudScale": 0.25
    },
    {
      "pos": [0.71875,0.96875,3.29625],
      "rot": [0.0,0.0,0.0],
      "scale": 0.015625,
      "hudX": 160,
      "hudY": 36,
      "hudScale": 0.5
    },
    {
      "pos": [0.40625,0.96875,3.29625],
      "rot": [0.0,0.0,0.0],
      "scale": 0.015625,
      "hudX": 240,
      "hudY": 36,
      "hudScale": 0.5
    },
    {
      "pos": [0.25,0.9375,3.29625],
      "rot": [0.0,0.0,0.0],
      "scale": 0.015625,
      "hudX": 320,
      "hudY": 36,
      "hudScale": 0.25
    }
  ],
  "definitions": [
    {
      "subName": "_g",
      "name": "Demolition Derby Trin Pilocrap chassis and skeleton.",
      "extraMaterials": ["minecraft:wool:7:2","minecraft:wool:8:3"]
    }
  ],
  "rendering": {
    "textObjects": [],
    "animatedObjects": [
      {
        "objectName": "$steer",
        "animations": [
          {
            "animationType": "rotation",
            "variable": "rudder",
            "centerPoint": [0.5625,0.96875,3.25],
            "axis": [0.0,0.0,1.0]
          }
        ]
      },
      {
        "objectName": "$gas",
        "animations": [
          {
            "animationType": "rotation",
            "variable": "throttle",
            "centerPoint": [0.0,0.59375,3.60938],
            "axis": [-30.0,0.0,0.0]
          }
        ]
      },
      {
        "objectName": "$brake",
        "animations": [
          {
            "animationType": "rotation",
            "variable": "brake",
            "centerPoint": [0.0,0.59375,3.60938],
            "axis": [-30.0,0.0,0.0]
          }
        ]
      },
      {
        "objectName": "$p_brake",
        "animations": [
          {
            "animationType": "rotation",
            "variable": "p_brake",
            "centerPoint": [0.0,0.3125,2.46875],
            "axis": [-30.0,0.0,0.0],
            "duration": 5
          }
        ]
      },
      {
        "objectName": "$shift",
        "animations": [
          {
            "animationType": "rotation",
            "variable": "engine_gearshift_1",
            "centerPoint": [0.0,0.3125,3.03125],
            "axis": [1.0,0.0,0.0],
            "duration": 5
          }
        ]
      }
    ],
    "customVariables": [],
    "sounds": [
      {
        "name": "iv_tcp_v3:horn_1",
        "activeAnimations": [
          {
            "animationType": "visibility",
            "variable": "horn",
            "clampMin": 1.0,
            "clampMax": 1.0
          }
        ],
        "looping": true
      }
    ],
    "particles": [
      {
        "type": "smoke",
        "activeAnimations": [
          {
            "animationType": "visibility",
            "variable": "engine_piston_1_2_cam_1",
            "clampMin": 1.0,
            "clampMax": 1.0
          }
        ],
        "color": "#D9D9D9",
        "transparency": 0.25,
        "toTransparency": 0.25,
        "scale": 1.0,
        "pos": [1.3125,0.15625,0.84375],
        "initialVelocity": [0.0,0.0,-1.0]
      },
      {
        "type": "smoke",
        "activeAnimations": [
          {
            "animationType": "visibility",
            "variable": "engine_backfired_1",
            "clampMin": 1.0,
            "clampMax": 1.0
          }
        ],
        "color": "#000000",
        "scale": 2.5,
        "pos": [1.3125,0.15625,0.84375],
        "initialVelocity": [0.0,0.0,-1.0],
        "quantity": 5
      },
      {
        "type": "smoke",
        "activeAnimations": [
          {
            "animationType": "visibility",
            "variable": "engine_piston_2_2_cam_1",
            "clampMin": 1.0,
            "clampMax": 1.0
          }
        ],
        "color": "#D9D9D9",
        "transparency": 0.25,
        "toTransparency": 0.25,
        "scale": 1.0,
        "pos": [-1.3125,0.15625,0.84375],
        "initialVelocity": [0.0,0.0,-1.0]
      },
      {
        "type": "smoke",
        "activeAnimations": [
          {
            "animationType": "visibility",
            "variable": "engine_backfired_1",
            "clampMin": 1.0,
            "clampMax": 1.0
          }
        ],
        "color": "#000000",
        "scale": 2.5,
        "pos": [-1.3125,0.15625,0.84375],
        "initialVelocity": [0.0,0.0,-1.0],
        "quantity": 5
      }
    ]
  },
  "prefixFolders": "e - other/",
  "packID": "iv_tcp_v3",
  "systemName": "trin_pilocrap_wagon",
  "classification": "vehicle",
  "general": {
    "description": "Body panels come in the trin Part Pack\n\nRecommended parts:\nAverage Wheels\ni3 engine\nModel 3 Seats",
    "materials": ["minecraft:iron_ingot:0:30","minecraft:iron_block:0:7","minecraft:glowstone_dust:0:1","mts:iv_tpp.metal_pile_3:0:1","mts:iv_tpp.chassis_nce_ladder_t6m:0:1"]
  }
}
