{
  "generic": {
    "type": "generic_engine_turbo",
    "mustBeRemovedByScrewdriver": true,
    "width": 0.25,
    "height": 0.25,
    "mass": 20
  },
  "definitions": [
    {
      "subName": "",
      "textureName": "turbo",
      "modelName": "turbo",
      "name": "Eco Turbocharger",
      "extraMaterialLists": [
        []
      ]
    }
  ],
  "variableModifiers": [
    {
      "variable": "generic_engine_turbo_power",
      "minValue": -0.125,
      "maxValue": 0.5,
      "animations": [
        {
          "animationType": "translation",
          "variable": "parent_engine_rpm_percent_safe",
          "axis": [0.0,0.0,0.625],
          "offset": -0.125
        },
        {
          "animationType": "translation",
          "variable": "throttle",
          "axis": [0.375,0.0,0.0],
          "offset": 0.625
        },
        {
          "animationType": "translation",
          "variable": "throttle",
          "axis": [1.125,0.0,0.0],
          "offset": -0.125,
          "duration": 10
        }
      ]
    }
  ],
  "rendering": {
    "animatedObjects": [
      {
        "objectName": "cube",
        "animations": [
          {
            "animationType": "visibility",
            "variable": "!invisible"
          }
        ]
      }
    ],
    "lightObjects": [],
    "particles": [],
    "modelType": "obj"
  },
  "general": {
    "name": "IVLabs Turbocharger",
    "description": "Can be installed onto engines for additional power\nUse a screwdriver to remove this part",
    "stackSize": 64,
    "radarWidth": 0.0,
    "radarRange": 0.0,
    "health": 80,
    "materialLists": [
      ["oredict:ingotIron:6"]
    ]
  }
}
