{
  "motorized": {
    "isFrontWheelDrive": true,
    "emptyMass": 1160,
    "fuelCapacity": 8000,
    "axleRatio": 4.286,
    "dragCoefficient": 0.34,
    "brakingFactor": 1.1,
    "downForce": 0.225,
    "overSteer": -5.0,
    "maxTiltAngle": -3.5
  },
  "parts": [
    {
      "pos": [1.0,0.0,0.0],
      "minValue": 0.7,
      "maxValue": 0.875,
      "types": ["ground_wheel"]
    },
    {
      "pos": [-1.0,0.0,0.0],
      "minValue": 0.7,
      "maxValue": 0.875,
      "types": ["ground_wheel"]
    },
    {
      "pos": [1.0,0.0,3.4375],
      "turnsWithSteer": true,
      "minValue": 0.7,
      "maxValue": 0.875,
      "types": ["ground_wheel"],
      "animations": [
        {
          "animationType": "rotation",
          "variable": "rudder",
          "centerPoint": [0.0,0.0,0.0],
          "axis": [0.0,-1.0,0.0]
        }
      ]
    },
    {
      "pos": [-1.0,0.0,3.4375],
      "turnsWithSteer": true,
      "minValue": 0.7,
      "maxValue": 0.875,
      "types": ["ground_wheel"],
      "animations": [
        {
          "animationType": "rotation",
          "variable": "rudder",
          "centerPoint": [0.0,0.0,0.0],
          "axis": [0.0,-1.0,0.0]
        }
      ]
    },
    {
      "pos": [0.5,0.375,2.0],
      "rot": [0.0,0.0,0.0],
      "dismountPos": [1.5,0.375,2.0],
      "isController": true,
      "types": ["seat"],
      "linkedDoors": ["door_fl"]
    },
    {
      "pos": [-0.5,0.375,2.0],
      "rot": [0.0,0.0,0.0],
      "dismountPos": [-1.5,0.375,2.0],
      "types": ["seat"],
      "additionalParts": [
        {
          "pos": [-0.5,0.38,2.0],
          "rot": [0.0,90.0,0.0],
          "maxValue": 2.0,
          "types": ["interactable_luggage"]
        }
      ],
      "linkedDoors": ["door_fr"]
    },
    {
      "pos": [-0.46875,0.3125,3.8125],
      "rot": [0.0,90.0,-90.0],
      "maxValue": 0.27,
      "types": ["engine_car"],
      "linkedDoors": ["door_hood"]
    },
    {
      "pos": [0.0,0.40625,4.48438],
      "maxValue": 3.0,
      "defaultPart": "iv_tpp:plate_gramados",
      "types": ["generic_licenseplate_us","generic_licenseplate_euro"]
    },
    {
      "pos": [0.0,0.28125,-0.89063],
      "rot": [0.0,180.0,0.0],
      "maxValue": 3.0,
      "defaultPart": "iv_tpp:plate_gramados",
      "types": ["generic_licenseplate_us","generic_licenseplate_euro"]
    },
    {
      "pos": [0.0,1.8125,1.8125],
      "maxValue": 3.0,
      "types": ["generic_lightbar","generic_roofdevice"]
    },
    {
      "pos": [0.0,1.8125,1.25],
      "maxValue": 3.0,
      "types": ["generic_lightbar","generic_roofdevice"]
    },
    {
      "pos": [0.0,1.8125,0.6875],
      "maxValue": 3.0,
      "types": ["generic_lightbar","generic_roofdevice"]
    },
    {
      "pos": [0.0,0.15625,4.375],
      "maxValue": 2.0,
      "types": ["generic_bullbar"]
    },
    {
      "pos": [0.6875,0.40625,4.45625],
      "rot": [0.0,186.0,0.0],
      "maxValue": 1.0,
      "types": ["generic_bumpersticker"]
    },
    {
      "pos": [-0.6875,0.40625,4.45625],
      "rot": [0.0,174.0,0.0],
      "maxValue": 1.0,
      "types": ["generic_bumpersticker"]
    },
    {
      "pos": [0.65625,0.21875,-0.88125],
      "rot": [0.0,0.0,0.0],
      "maxValue": 1.0,
      "types": ["generic_bumpersticker"]
    },
    {
      "pos": [-0.65625,0.21875,-0.88125],
      "rot": [0.0,0.0,0.0],
      "maxValue": 1.0,
      "types": ["generic_bumpersticker"]
    },
    {
      "pos": [0.0,1.8125,1.3125],
      "maxValue": 3.0,
      "types": ["interactable_crate_roof"]
    },
    {
      "pos": [0.0,0.5625,0.8125],
      "rot": [3.0,-1.0,2.0],
      "maxValue": 3.0,
      "types": ["interactable_crate"],
      "additionalParts": [
        {
          "pos": [0.4375,1.3125,0.8125],
          "rot": [4.0,0.0,-1.0],
          "maxValue": 3.0,
          "types": ["interactable_crate"]
        },
        {
          "pos": [-0.4375,1.3125,0.8125],
          "rot": [-3.0,3.0,3.0],
          "maxValue": 3.0,
          "types": ["interactable_crate"]
        }
      ],
      "linkedDoors": ["door_boot"]
    },
    {
      "pos": [0.0,0.5625,-0.0625],
      "rot": [-7.0,2.0,-4.0],
      "maxValue": 3.0,
      "types": ["interactable_crate"],
      "additionalParts": [
        {
          "pos": [0.4375,1.3125,-0.0625],
          "rot": [-2.0,-4.0,5.0],
          "maxValue": 3.0,
          "types": ["interactable_crate"]
        },
        {
          "pos": [-0.4375,1.3125,-0.0625],
          "rot": [-3.0,9.0,3.0],
          "maxValue": 3.0,
          "types": ["interactable_crate"]
        }
      ],
      "linkedDoors": ["door_boot"]
    }
  ],
  "collision": [
    {
      "pos": [0.0,0.9375,3.6875],
      "width": 1.0,
      "height": 0.125
    },
    {
      "pos": [0.0,1.75,1.3125],
      "width": 2.0,
      "height": 0.125
    },
    {
      "pos": [0.0,1.75,-0.0625],
      "width": 1.0,
      "height": 0.125
    },
    {
      "pos": [1.0,0.625,3.4375],
      "width": 0.125,
      "height": 0.125
    },
    {
      "pos": [-1.0,0.625,3.4375],
      "width": 0.125,
      "height": 0.125
    },
    {
      "pos": [1.0,0.625,0.0],
      "width": 0.125,
      "height": 0.125
    },
    {
      "pos": [-1.0,0.625,0.0],
      "width": 0.125,
      "height": 0.125
    }
  ],
  "doors": [
    {
      "name": "door_fl",
      "closedPos": [1.0625,0.78125,1.53125],
      "openPos": [2.3125,0.78125,2.15625],
      "width": 0.3125,
      "height": 0.125,
      "closeOnMovement": true,
      "activateOnSeated": true
    },
    {
      "name": "door_fr",
      "closedPos": [-1.0625,0.78125,1.53125],
      "openPos": [-2.3125,0.78125,2.15625],
      "width": 0.3125,
      "height": 0.125,
      "closeOnMovement": true,
      "activateOnSeated": true
    },
    {
      "name": "door_fl",
      "closedPos": [1.0625,0.78125,2.53125],
      "openPos": [1.375,0.78125,2.59375],
      "width": 0.3125,
      "height": 0.125,
      "closeOnMovement": true,
      "activateOnSeated": true
    },
    {
      "name": "door_fr",
      "closedPos": [-1.0625,0.78125,2.53125],
      "openPos": [-1.375,0.78125,2.59375],
      "width": 0.3125,
      "height": 0.125,
      "closeOnMovement": true,
      "activateOnSeated": true
    },
    {
      "name": "door_hood",
      "closedPos": [0.0,0.875,3.6875],
      "openPos": [0.0,1.75,3.4375],
      "width": 1.0,
      "height": 0.5
    },
    {
      "name": "door_boot",
      "closedPos": [0.125,0.78125,-0.84375],
      "openPos": [1.25,0.78125,-1.28125],
      "width": 0.3125,
      "height": 0.125,
      "closedByDefault": true,
      "activateOnSeated": true
    },
    {
      "name": "door_boot",
      "closedPos": [-0.125,0.78125,-0.84375],
      "openPos": [-1.25,0.78125,-1.28125],
      "width": 0.3125,
      "height": 0.125,
      "closedByDefault": true,
      "activateOnSeated": true
    }
  ],
  "connectionGroups": [
    {
      "groupName": "HOOKUP",
      "hookup": true,
      "connections": [
        {
          "type": "tow_bumper",
          "pos": [0.0,-0.0625,4.3125],
          "distance": 0.0
        },
        {
          "type": "tow_bumper",
          "pos": [0.0,-0.0625,-0.75],
          "distance": 0.0
        },
        {
          "type": "tow_wheel",
          "pos": [0.0,-0.4375,3.4375],
          "distance": 0.0
        }
      ]
    },
    {
      "groupName": "TRAILER",
      "canIntiateConnections": true,
      "connections": [
        {
          "type": "trailer_standard",
          "pos": [0.0,-0.0625,-0.75],
          "distance": 0.0
        }
      ]
    }
  ],
  "instruments": [
    {
      "pos": [0.73438,0.8375,2.67125],
      "rot": [0.0,0.0,0.0],
      "scale": 0.015625,
      "hudX": 80,
      "hudY": 36,
      "hudScale": 0.25
    },
    {
      "pos": [0.57813,0.85,2.67125],
      "rot": [0.0,0.0,0.0],
      "scale": 0.015625,
      "hudX": 160,
      "hudY": 36,
      "hudScale": 0.5
    },
    {
      "pos": [0.42188,0.85,2.67125],
      "rot": [0.0,0.0,0.0],
      "scale": 0.015625,
      "hudX": 240,
      "hudY": 36,
      "hudScale": 0.5
    },
    {
      "pos": [0.26563,0.8375,2.67125],
      "rot": [0.0,0.0,0.0],
      "scale": 0.015625,
      "hudX": 320,
      "hudY": 36,
      "hudScale": 0.25
    }
  ],
  "definitions": [
    {
      "subName": "_purewhite_g",
      "name": "Trin Econobox Window Van Root Trim - Pure White Paint, Gray Interior",
      "extraMaterials": ["mts:iv_tpp.paint_bucket_purewhite:0:1","minecraft:wool:7:2","minecraft:wool:8:3"]
    },
    {
      "subName": "_pink_g",
      "name": "Trin Econobox Window Van Root Trim - Pink Paint, Gray Interior",
      "extraMaterials": ["mts:iv_tpp.paint_bucket_pink:0:1","minecraft:wool:7:2","minecraft:wool:8:3"]
    },
    {
      "subName": "_oakgreen_g",
      "name": "Trin Econobox Window Van Root Trim - Oak Green Paint, Gray Interior",
      "extraMaterials": ["mts:iv_tpp.paint_bucket_oakgreen:0:1","minecraft:wool:7:2","minecraft:wool:8:3"]
    }
  ],
  "rendering": {
    "textObjects": [],
    "animatedObjects": [
      {
        "objectName": "steer",
        "animations": [
          {
            "animationType": "rotation",
            "variable": "rudder",
            "centerPoint": [0.5,0.78125,2.5625],
            "axis": [0.0,0.0,1.0]
          }
        ]
      },
      {
        "objectName": "gas",
        "animations": [
          {
            "animationType": "rotation",
            "variable": "throttle",
            "centerPoint": [0.0,0.25,3.0625],
            "axis": [-20.0,0.0,0.0]
          }
        ]
      },
      {
        "objectName": "brake",
        "animations": [
          {
            "animationType": "rotation",
            "variable": "brake",
            "centerPoint": [0.0,0.25,3.0625],
            "axis": [-20.0,0.0,0.0]
          }
        ]
      },
      {
        "objectName": "clutch",
        "animations": [
          {
            "animationType": "visibility",
            "variable": "engine_isautomatic_1"
          },
          {
            "animationType": "rotation",
            "variable": "clutch",
            "centerPoint": [0.0,0.1875,2.875],
            "axis": [-30.0,0.0,0.0]
          }
        ]
      },
      {
        "objectName": "p_brake",
        "animations": [
          {
            "animationType": "rotation",
            "variable": "p_brake",
            "centerPoint": [0.0,0.125,1.96875],
            "axis": [-30.0,0.0,0.0]
          }
        ]
      },
      {
        "objectName": "shift",
        "animations": [
          {
            "animationType": "rotation",
            "variable": "engine_gearshift_1",
            "centerPoint": [0.0,0.17188,2.46875],
            "axis": [1.0,0.0,0.0]
          }
        ]
      },
      {
        "objectName": "doorFR",
        "animations": [
          {
            "animationType": "rotation",
            "variable": "door_fr",
            "centerPoint": [-1.125,0.0,2.875],
            "axis": [0.0,60.0,0.0],
            "duration": 20,
            "forwardsStartSound": "iv_tpp:dooropen",
            "reverseEndSound": "iv_tpp:doorclose"
          }
        ]
      },
      {
        "objectName": "doorwindowFR",
        "applyAfter": "doorFR",
        "animations": []
      },
      {
        "objectName": "doorFL",
        "animations": [
          {
            "animationType": "rotation",
            "variable": "door_fl",
            "centerPoint": [1.125,0.0,2.875],
            "axis": [0.0,-60.0,0.0],
            "duration": 20,
            "forwardsStartSound": "iv_tpp:dooropen",
            "reverseEndSound": "iv_tpp:doorclose"
          }
        ]
      },
      {
        "objectName": "doorwindowFL",
        "applyAfter": "doorFL",
        "animations": []
      },
      {
        "objectName": "hood",
        "animations": [
          {
            "animationType": "rotation",
            "variable": "door_hood",
            "centerPoint": [0.0,1.0,3.1875],
            "axis": [-60.0,0.0,0.0],
            "duration": 20,
            "forwardsStartSound": "iv_tpp:hoodopen",
            "reverseStartSound": "iv_tpp:hoodclose"
          }
        ]
      },
      {
        "objectName": "bootR",
        "animations": [
          {
            "animationType": "rotation",
            "variable": "door_boot",
            "centerPoint": [-0.75,0.0,-0.875],
            "axis": [0.0,145.0,0.0],
            "duration": 20,
            "forwardsStartSound": "iv_tpp:bootopen",
            "reverseEndSound": "iv_tpp:bootclose"
          }
        ]
      },
      {
        "objectName": "bootL",
        "animations": [
          {
            "animationType": "rotation",
            "variable": "door_boot",
            "centerPoint": [0.75,0.0,-0.875],
            "axis": [0.0,-145.0,0.0],
            "duration": 20,
            "forwardsStartSound": "iv_tpp:bootopen",
            "reverseEndSound": "iv_tpp:bootclose"
          }
        ]
      }
    ],
    "customVariables": [],
    "sounds": [
      {
        "name": "iv_tcp_v3:horn_1",
        "activeAnimations": [
          {
            "animationType": "visibility",
            "variable": "horn",
            "clampMin": 1.0,
            "clampMax": 1.0
          }
        ],
        "looping": true
      }
    ],
    "particles": [
      {
        "type": "smoke",
        "activeAnimations": [
          {
            "animationType": "visibility",
            "variable": "engine_piston_1_1_cam_1",
            "clampMin": 1.0,
            "clampMax": 1.0
          }
        ],
        "color": "#D9D9D9",
        "transparency": 0.25,
        "toTransparency": 0.25,
        "scale": 1.0,
        "pos": [-1.15625,-0.03125,0.65625],
        "initialVelocity": [-1.0,0.0,0.0]
      },
      {
        "type": "smoke",
        "activeAnimations": [
          {
            "animationType": "visibility",
            "variable": "engine_backfired_1",
            "clampMin": 1.0,
            "clampMax": 1.0
          }
        ],
        "color": "#000000",
        "scale": 2.5,
        "pos": [-1.15625,-0.03125,0.65625],
        "initialVelocity": [-1.0,0.0,0.0],
        "quantity": 5
      }
    ]
  },
  "prefixFolders": "a - low end/j - van/",
  "packID": "iv_tcp_v3",
  "systemName": "trin_econobox_van_windowed_root",
  "classification": "vehicle",
  "general": {
    "description": "Low End Van\n2 doors, 2 seats\n\nRecommended parts:\nAverage Sized Wheels\nI4 Engine\nModel 3 Seats",
    "materials": ["minecraft:iron_ingot:0:14","minecraft:iron_block:0:5","minecraft:glowstone_dust:0:16","minecraft:glass_pane:0:5","mts:iv_tpp.metal_pile_2:0:1"]
  }
}
