{
  "generic": {
    "type": "generic_transmission",
    "customType": "ivlabs",
    "forwardsDamageMultiplier": 0.0
  },
  "definitions": [
    {
      "subName": "",
      "modelName": "gearbox",
      "textureName": "gearbox",
      "name": "Continuously Variable Gearbox",
      "extraMaterialLists": [
        []
      ]
    }
  ],
  "constantValues": {
    "generic_transmission_isautomatic": 1.0
  },
  "variableModifiers": [
    {
      "variable": "generic_transmission_gear",
      "minValue": -1.0,
      "maxValue": 1.0,
      "animations": [
        {
          "animationType": "translation",
          "variable": "parent_engine_gear",
          "axis": [0.0,0.0,1.0]
        }
      ]
    },
    {
      "variable": "generic_transmission_gear_restrict",
      "animations": [
        {
          "animationType": "translation",
          "variable": "parent_engine_gear",
          "axis": [0.0,0.0,1.0]
        }
      ]
    },
    {
      "variable": "generic_transmission_gear_math",
      "animations": [
        {
          "animationType": "translation",
          "variable": "parent_engine_gear",
          "axis": [0.0,0.0,1.0]
        },
        {
          "animationType": "translation",
          "variable": "generic_transmission_gear_restrict",
          "axis": [0.0,-1.0,0.0]
        }
      ]
    },
    {
      "variable": "generic_transmission_gear_restrict_upshift",
      "maxValue": 1.0,
      "animations": [
        {
          "animationType": "translation",
          "variable": "generic_transmission_gear_math",
          "axis": [0.0,0.0,1.0]
        }
      ]
    },
    {
      "variable": "generic_transmission_gear_restrict_downshift",
      "maxValue": 1.0,
      "animations": [
        {
          "animationType": "translation",
          "variable": "generic_transmission_gear_math",
          "axis": [0.0,0.0,-1.0]
        }
      ]
    },
    {
      "variable": "generic_transmission_gear_ratio",
      "animations": [
        {
          "animationType": "translation",
          "variable": "generic_transmission_gear",
          "axis": [0.0,0.0,3.0]
        },
        {
          "animationType": "translation",
          "variable": "engine_rpm_percent_safe",
          "axis": [-2.0,0.0,0.0],
          "offset": 1.875,
          "clampMin": 0.34375,
          "clampMax": 1.0
        }
      ]
    }
  ],
  "rendering": {
    "textObjects": [
      {
        "pos": [0.0,1.0,0.0],
        "rot": [0.0,180.0,0.0],
        "scale": 0.5,
        "variableName": "generic_transmission_gear_ratio",
        "variableFactor": 1.0,
        "variableFormat": "RATIO: %01.3f",
        "fontName": "ivv:digifont",
        "defaultText": "ERROR!",
        "color": "FFFFFF",
        "lightsUp": true
      },
      {
        "pos": [0.0,1.5,0.0],
        "rot": [0.0,180.0,0.0],
        "scale": 0.5,
        "variableName": "generic_transmission_gear",
        "variableFactor": 1.0,
        "variableFormat": "MATH: %01.0f",
        "fontName": "ivv:digifont",
        "defaultText": "ERROR!",
        "color": "FFFFFF",
        "lightsUp": true
      },
      {
        "pos": [0.0,2.0,0.0],
        "rot": [0.0,180.0,0.0],
        "scale": 0.5,
        "variableName": "generic_transmission_gear_restrictor",
        "variableFactor": 1.0,
        "variableFormat": "GEAR: %01.0f",
        "fontName": "ivv:digifont",
        "defaultText": "ERROR!",
        "color": "FFFFFF",
        "lightsUp": true
      }
    ],
    "lightObjects": [],
    "sounds": [],
    "particles": [],
    "modelType": "obj"
  },
  "general": {
    "name": "Automatic Gearbox",
    "description": "Gear Ratios:\n-1.03 <- -3.0, 0.0, 3.0 -> 1.03\n§5§oCrafted in the Engine Hoist bench",
    "stackSize": 64,
    "health": 100,
    "materialLists": [
      [
        "oredict:ingotIron:2",
        "oredict:ingotGold:1",
        "mts:ivv.gear:0:2",
        "oredict:dustRedstone:2"
      ]
    ],
    "radarWidth": 0.0,
    "radarRange": 0.0
  }
}