{
  "generic": {
    "type": "generic_transmission",
    "customType": "ivlabs",
    "forwardsDamageMultiplier": 0.0
  },
  "definitions": [
    {
      "subName": "",
      "modelName": "gearbox",
      "textureName": "gearbox",
      "name": "7 Speed Manual Gearbox",
      "extraMaterialLists": [
        []
      ]
    }
  ],
  "constantValues": {
    "generic_transmission_isautomatic": 0.0
  },
  "variableModifiers": [
    {
      "variable": "generic_transmission_selfshift",
      "maxValue": 1.0,
      "animations": [
        {
          "animationType": "translation",
          "variable": "unused",
          "axis": [0.0,0.0,1.0]
        },
        {
          "animationType": "translation",
          "variable": "!parent_self_controlled",
          "axis": [1.0,0.0,0.0]
        }
      ]
    },
    {
      "variable": "generic_transmission_gear",
      "minValue": -1.0,
      "maxValue": 7.0,
      "animations": [
        {
          "animationType": "translation",
          "variable": "parent_engine_gear",
          "axis": [0.0,0.0,1.0]
        }
      ]
    },
    {
      "variable": "generic_transmission_gear_restrict",
      "maxValue": 6.0,
      "animations": [
        {
          "animationType": "translation",
          "variable": "parent_engine_gear",
          "axis": [0.0,0.0,1.0]
        }
      ]
    },
    {
      "variable": "generic_transmission_gear_math",
      "animations": [
        {
          "animationType": "translation",
          "variable": "parent_engine_gear",
          "axis": [0.0,0.0,1.0]
        },
        {
          "animationType": "translation",
          "variable": "generic_transmission_gear_restrict",
          "axis": [0.0,-1.0,0.0]
        }
      ]
    },
    {
      "variable": "generic_transmission_upshift",
      "animations": [
        {
          "animationType": "visibility",
          "variable": "throttle",
          "clampMax": 0.33
        },
        {
          "animationType": "translation",
          "variable": "false",
          "axis": [0.0,0.0,1.0]
        },
        {
          "animationType": "inhibitor",
          "variable": "generic_transmission_selfshift"
        },
        {
          "animationType": "inhibitor",
          "variable": "generic_transmission_shift_cooldown",
          "clampMin": 1.0,
          "clampMax": 999.0
        },
        {
          "animationType": "inhibitor",
          "variable": "generic_transmission_gear",
          "clampMin": -1.0
        },
        {
          "animationType": "inhibitor",
          "variable": "parent_engine_rpm_percent_safe",
          "clampMin": -32767.0,
          "clampMax": 0.625
        },
        {
          "animationType": "translation",
          "variable": "!generic_transmission_gear_restrict_upshift",
          "axis": [0.0,0.0,1.0]
        }
      ]
    },
    {
      "variable": "generic_transmission_upshift",
      "animations": [
        {
          "animationType": "visibility",
          "variable": "throttle",
          "clampMin": 0.33,
          "clampMax": 0.66
        },
        {
          "animationType": "translation",
          "variable": "false",
          "axis": [0.0,0.0,1.0]
        },
        {
          "animationType": "inhibitor",
          "variable": "generic_transmission_selfshift"
        },
        {
          "animationType": "inhibitor",
          "variable": "generic_transmission_shift_cooldown",
          "clampMin": 1.0,
          "clampMax": 999.0
        },
        {
          "animationType": "inhibitor",
          "variable": "generic_transmission_gear",
          "clampMin": -1.0
        },
        {
          "animationType": "inhibitor",
          "variable": "parent_engine_rpm_percent_safe",
          "clampMin": -32767.0,
          "clampMax": 0.75
        },
        {
          "animationType": "translation",
          "variable": "!generic_transmission_gear_restrict_upshift",
          "axis": [0.0,0.0,1.0]
        }
      ]
    },
    {
      "variable": "generic_transmission_upshift",
      "animations": [
        {
          "animationType": "visibility",
          "variable": "throttle",
          "clampMin": 0.66,
          "clampMax": 1.0
        },
        {
          "animationType": "translation",
          "variable": "false",
          "axis": [0.0,0.0,1.0]
        },
        {
          "animationType": "inhibitor",
          "variable": "generic_transmission_selfshift"
        },
        {
          "animationType": "inhibitor",
          "variable": "generic_transmission_shift_cooldown",
          "clampMin": 1.0,
          "clampMax": 999.0
        },
        {
          "animationType": "inhibitor",
          "variable": "generic_transmission_gear",
          "clampMin": -1.0
        },
        {
          "animationType": "inhibitor",
          "variable": "parent_engine_rpm_percent_safe",
          "clampMin": -32767.0,
          "clampMax": 0.875
        },
        {
          "animationType": "translation",
          "variable": "!generic_transmission_gear_restrict_upshift",
          "axis": [0.0,0.0,1.0]
        }
      ]
    },
    {
      "variable": "generic_transmission_downshift",
      "animations": [
        {
          "animationType": "visibility",
          "variable": "throttle",
          "clampMax": 0.33
        },
        {
          "animationType": "translation",
          "variable": "false",
          "axis": [0.0,0.0,1.0]
        },
        {
          "animationType": "inhibitor",
          "variable": "generic_transmission_selfshift"
        },
        {
          "animationType": "inhibitor",
          "variable": "generic_transmission_shift_cooldown",
          "clampMin": 1.0,
          "clampMax": 999.0
        },
        {
          "animationType": "inhibitor",
          "variable": "generic_transmission_gear",
          "clampMin": -1.0,
          "clampMax": 1.0
        },
        {
          "animationType": "inhibitor",
          "variable": "parent_engine_rpm_percent_safe",
          "clampMin": 0.1875,
          "clampMax": 32767.0
        },
        {
          "animationType": "translation",
          "variable": "!generic_transmission_gear_restrict_downshift",
          "axis": [0.0,0.0,1.0]
        }
      ]
    },
    {
      "variable": "generic_transmission_downshift",
      "animations": [
        {
          "animationType": "visibility",
          "variable": "throttle",
          "clampMin": 0.33,
          "clampMax": 0.66
        },
        {
          "animationType": "translation",
          "variable": "false",
          "axis": [0.0,0.0,1.0]
        },
        {
          "animationType": "inhibitor",
          "variable": "generic_transmission_selfshift"
        },
        {
          "animationType": "inhibitor",
          "variable": "generic_transmission_shift_cooldown",
          "clampMin": 1.0,
          "clampMax": 999.0
        },
        {
          "animationType": "inhibitor",
          "variable": "generic_transmission_gear",
          "clampMin": -1.0,
          "clampMax": 1.0
        },
        {
          "animationType": "inhibitor",
          "variable": "parent_engine_rpm_percent_safe",
          "clampMin": 0.25,
          "clampMax": 32767.0
        },
        {
          "animationType": "translation",
          "variable": "!generic_transmission_gear_restrict_downshift",
          "axis": [0.0,0.0,1.0]
        }
      ]
    },
    {
      "variable": "generic_transmission_downshift",
      "animations": [
        {
          "animationType": "visibility",
          "variable": "throttle",
          "clampMin": 0.66,
          "clampMax": 1.0
        },
        {
          "animationType": "translation",
          "variable": "false",
          "axis": [0.0,0.0,1.0]
        },
        {
          "animationType": "inhibitor",
          "variable": "generic_transmission_selfshift"
        },
        {
          "animationType": "inhibitor",
          "variable": "generic_transmission_shift_cooldown",
          "clampMin": 1.0,
          "clampMax": 999.0
        },
        {
          "animationType": "inhibitor",
          "variable": "generic_transmission_gear",
          "clampMin": -1.0,
          "clampMax": 1.0
        },
        {
          "animationType": "inhibitor",
          "variable": "parent_engine_rpm_percent_safe",
          "clampMin": 0.28125,
          "clampMax": 32767.0
        },
        {
          "animationType": "translation",
          "variable": "!generic_transmission_gear_restrict_downshift",
          "axis": [0.0,0.0,1.0]
        }
      ]
    },
    {
      "variable": "generic_transmission_shift_cooldown",
      "maxValue": 10.0,
      "animations": [
        {
          "animationType": "translation",
          "variable": "generic_transmission_upshift",
          "axis": [0.0,999.0,0.0]
        },
        {
          "animationType": "translation",
          "variable": "generic_transmission_downshift",
          "axis": [0.0,999.0,0.0]
        },
        {
          "animationType": "translation",
          "variable": "!subtract",
          "axis": [0.0,1.0,0.0]
        }
      ]
    },
    {
      "variable": "generic_transmission_gear_restrict_upshift",
      "maxValue": 1.0,
      "animations": [
        {
          "animationType": "translation",
          "variable": "generic_transmission_gear_math",
          "axis": [0.0,0.0,1.0]
        }
      ]
    },
    {
      "variable": "generic_transmission_gear_restrict_downshift",
      "maxValue": 1.0,
      "animations": [
        {
          "animationType": "translation",
          "variable": "generic_transmission_gear_math",
          "axis": [0.0,0.0,-1.0]
        }
      ]
    },
    {
      "variable": "generic_transmission_gear_ratio",
      "animations": [
        {
          "animationType": "translation",
          "variable": "neutral",
          "axis": [0.0,0.0,1.0]
        },
        {
          "animationType": "inhibitor",
          "variable": "false"
        },
        {
          "animationType": "activator",
          "variable": "generic_transmission_gear",
          "clampMin": -1.0,
          "clampMax": -1.0
        },
        {
          "animationType": "translation",
          "variable": "!reverse",
          "axis": [0.0,0.0,-3.5]
        },
        {
          "animationType": "inhibitor",
          "variable": "false"
        },
        {
          "animationType": "activator",
          "variable": "generic_transmission_gear",
          "clampMin": 1.0,
          "clampMax": 1.0
        },
        {
          "animationType": "translation",
          "variable": "!first",
          "axis": [0.0,0.0,3.5]
        },
        {
          "animationType": "inhibitor",
          "variable": "false"
        },
        {
          "animationType": "activator",
          "variable": "generic_transmission_gear",
          "clampMin": 2.0,
          "clampMax": 2.0
        },
        {
          "animationType": "translation",
          "variable": "!second",
          "axis": [0.0,0.0,2.25]
        },
        {
          "animationType": "inhibitor",
          "variable": "false"
        },
        {
          "animationType": "activator",
          "variable": "generic_transmission_gear",
          "clampMin": 3.0,
          "clampMax": 3.0
        },
        {
          "animationType": "translation",
          "variable": "!third",
          "axis": [0.0,0.0,1.375]
        },
        {
          "animationType": "inhibitor",
          "variable": "false"
        },
        {
          "animationType": "activator",
          "variable": "generic_transmission_gear",
          "clampMin": 4.0,
          "clampMax": 4.0
        },
        {
          "animationType": "translation",
          "variable": "!fourth",
          "axis": [0.0,0.0,1.0]
        },
        {
          "animationType": "inhibitor",
          "variable": "false"
        },
        {
          "animationType": "activator",
          "variable": "generic_transmission_gear",
          "clampMin": 5.0,
          "clampMax": 5.0
        },
        {
          "animationType": "translation",
          "variable": "!fifth",
          "axis": [0.0,0.0,0.75]
        },
        {
          "animationType": "inhibitor",
          "variable": "false"
        },
        {
          "animationType": "activator",
          "variable": "generic_transmission_gear",
          "clampMin": 6.0,
          "clampMax": 6.0
        },
        {
          "animationType": "translation",
          "variable": "!sixth",
          "axis": [0.0,0.0,0.5]
        },
        {
          "animationType": "inhibitor",
          "variable": "false"
        },
        {
          "animationType": "activator",
          "variable": "generic_transmission_gear",
          "clampMin": 7.0,
          "clampMax": 7.0
        },
        {
          "animationType": "translation",
          "variable": "!seventh",
          "axis": [0.0,0.0,0.375]
        }
      ]
    }
  ],
  "rendering": {
    "textObjects": [
      {
        "pos": [0.0,1.0,0.0],
        "rot": [0.0,180.0,0.0],
        "scale": 0.5,
        "variableName": "generic_transmission_gear_ratio",
        "variableFactor": 1.0,
        "variableFormat": "RATIO: %01.3f",
        "fontName": "ivv:digifont",
        "defaultText": "ERROR!",
        "color": "FFFFFF",
        "lightsUp": true
      },
      {
        "pos": [0.0,1.5,0.0],
        "rot": [0.0,180.0,0.0],
        "scale": 0.5,
        "variableName": "generic_transmission_gear",
        "variableFactor": 1.0,
        "variableFormat": "MATH: %01.0f",
        "fontName": "ivv:digifont",
        "defaultText": "ERROR!",
        "color": "FFFFFF",
        "lightsUp": true
      },
      {
        "pos": [0.0,2.0,0.0],
        "rot": [0.0,180.0,0.0],
        "scale": 0.5,
        "variableName": "generic_transmission_gear_restrictor",
        "variableFactor": 1.0,
        "variableFormat": "GEAR: %01.0f",
        "fontName": "ivv:digifont",
        "defaultText": "ERROR!",
        "color": "FFFFFF",
        "lightsUp": true
      }
    ],
    "lightObjects": [],
    "sounds": [],
    "particles": [],
    "modelType": "obj"
  },
  "general": {
    "name": "Manual Gearbox",
    "description": "Gear Ratios:\n-3.5, 0.0, 3.5, 2.25, 1.375, 1.0, 0.75, 0.5, 0.375\n§5§oCrafted in the Engine Hoist bench",
    "stackSize": 64,
    "health": 100,
    "materialLists": [
      [
        "oredict:ingotIron:2",
        "mts:ivv.gear:0:6"
      ]
    ],
    "radarWidth": 0.0,
    "radarRange": 0.0
  }
}
