{
  "generic": {
    "type": "generic_engine_topend",
    "mustBeRemovedByScrewdriver": true,
    "width": 0.375,
    "height": 0.25,
    "mass": 20
  },
  "definitions": [
    {
      "subName": "",
      "modelName": "topendmod",
      "name": "Valvetrain Upgrade LVL5",
      "extraMaterialLists": [
        []
      ]
    }
  ],
  "variableModifiers": [
    {
      "variable": "generic_engine_topend",
      "animations": [
        {
          "animationType": "translation",
          "variable": "!uwu",
          "axis": [0.0,0.0,0.5]
        }
      ]
    }
  ],
  "rendering": {
    "animatedObjects": [
      {
        "objectName": "cube",
        "animations": [
          {
            "animationType": "translation",
            "variable": "fuelConsumption",
            "axis": [0.0,1.0,0.0]
          }
        ]
      }
    ],
    "lightObjects": [],
    "particles": [],
    "modelType": "obj"
  },
  "general": {
    "name": "Top End Upgrade",
    "description": "Can be installed onto engines to raise maximum RPM\nRaises maximum RPM by 50%\nUse a screwdriver to remove this part",
    "stackSize": 64,
    "radarWidth": 0.0,
    "radarRange": 0.0,
    "health": 80,
    "materialLists": [
      ["minecraft:barrier:0:1"]
    ]
  }
}
