{
  "motorized": {
    "isRearWheelDrive": true,
    "hasRunningLights": true,
    "hasHeadlights": true,
    "hasTurnSignals": true,
    "emptyMass": 1900,
    "fuelCapacity": 40000,
    "downForce": 0.7,
    "overSteer": 0.25,
    "underSteer": 2,
    "overSteerAccel": -2,
    "overSteerDecel": 2.5,
    "axleRatio": 3.444,
    "brakingFactor": 1.3,
    "maxTiltAngle": -3.4,
    "dragCoefficient": 0.34
  },
  "parts": [
    {
      "pos": [1.0,0.0,0.0],
      "rot": [0.0,0.0,0.0],
      "maxValue": 0.875,
      "types": ["ground_wheel"]
    },
    {
      "pos": [-1.0,0.0,0.0],
      "rot": [0.0,0.0,0.0],
      "maxValue": 0.875,
      "types": ["ground_wheel"]
    },
    {
      "pos": [1.0,0.0,5.1875],
      "rot": [0.0,0.0,0.0],
      "turnsWithSteer": true,
      "maxValue": 0.875,
      "types": ["ground_wheel"],
      "animations": [
        {
          "animationType": "rotation",
          "variable": "rudder",
          "centerPoint": [0.0,0.0,0.0],
          "axis": [0.0,-1.0,0.0]
        }
      ]
    },
    {
      "pos": [-1.0,0.0,5.1875],
      "rot": [0.0,0.0,0.0],
      "turnsWithSteer": true,
      "maxValue": 0.875,
      "types": ["ground_wheel"],
      "animations": [
        {
          "animationType": "rotation",
          "variable": "rudder",
          "centerPoint": [0.0,0.0,0.0],
          "axis": [0.0,-1.0,0.0]
        }
      ]
    },
    {
      "pos": [0.5,0.3125,3.625],
      "rot": [0.0,0.0,0.0],
      "dismountPos": [1.5,0.3125,3.625],
      "isController": true,
      "types": ["seat"],
      "linkedVariables": ["door_fl"]
    },
    {
      "pos": [-0.5,0.3125,3.625],
      "rot": [0.0,0.0,0.0],
      "dismountPos": [-1.5,0.3125,3.625],
      "types": ["seat"],
      "additionalParts": [
        {
          "pos": [-0.5,0.32,3.625],
          "rot": [0.0,90.0,0.0],
          "maxValue": 2.0,
          "types": ["interactable_luggage"]
        }
      ],
      "linkedVariables": ["door_fr"]
    },
    {
      "pos": [0.0,0.125,4.5625],
      "rot": [0.0,0.0,0.0],
      "maxValue": 0.34,
      "types": ["engine_car"],
      "linkedVariables": ["door_hood"]
    },
    {
      "pos": [0.0,0.0625,6.00625],
      "rot": [0.0,0.0,0.0],
      "maxValue": 3.0,
      "defaultPart": "iv_tpp:plate_gramados",
      "types": ["generic_licenseplate_us","generic_licenseplate_euro"]
    },
    {
      "pos": [0.0,0.14375,-1.13125],
      "rot": [0.0,180.0,0.0],
      "maxValue": 3.0,
      "defaultPart": "iv_tpp:plate_gramados",
      "types": ["generic_licenseplate_us","generic_licenseplate_euro"]
    },
    {
      "pos": [0.0,1.8125,3.84375],
      "maxValue": 3.0,
      "types": ["generic_lightbar","generic_roofdevice","generic_gyrophare"]
    },
    {
      "pos": [0.0,0.04688,5.9375],
      "maxValue": 2.0,
      "types": ["generic_bullbar"]
    },
    {
      "pos": [0.5,0.125,-1.13125],
      "rot": [0.0,0.0,0.0],
      "maxValue": 1.0,
      "types": ["generic_bumpersticker"]
    },
    {
      "pos": [-0.5,0.125,-1.13125],
      "rot": [0.0,0.0,0.0],
      "maxValue": 1.0,
      "types": ["generic_bumpersticker"]
    },
    {
      "pos": [0.5,0.09375,6.00625],
      "rot": [0.0,180.0,0.0],
      "maxValue": 1.0,
      "types": ["generic_bumpersticker"]
    },
    {
      "pos": [-0.5,0.09375,6.00625],
      "rot": [0.0,180.0,0.0],
      "maxValue": 1.0,
      "types": ["generic_bumpersticker"]
    },
    {
      "pos": [0.4375,0.4375,2.53125],
      "rot": [-2.0,5.0,0.0],
      "maxValue": 3.0,
      "types": ["interactable_crate"],
      "additionalParts": [
        {
          "pos": [0.4375,1.1875,2.53125],
          "rot": [4.0,-2.0,3.0],
          "maxValue": 3.0,
          "types": ["interactable_crate"]
        }
      ]
    },
    {
      "pos": [-0.4375,0.4375,2.53125],
      "rot": [-6.0,2.0,1.0],
      "maxValue": 3.0,
      "types": ["interactable_crate"],
      "additionalParts": [
        {
          "pos": [-0.4375,1.1875,2.53125],
          "rot": [1.0,0.0,3.0],
          "maxValue": 3.0,
          "types": ["interactable_crate"]
        }
      ]
    },
    {
      "pos": [0.4375,0.4375,1.75],
      "rot": [-2.0,-3.0,1.0],
      "maxValue": 3.0,
      "types": ["interactable_crate"],
      "additionalParts": [
        {
          "pos": [0.4375,1.1875,1.75],
          "rot": [1.0,3.0,0.0],
          "maxValue": 3.0,
          "types": ["interactable_crate"]
        }
      ]
    },
    {
      "pos": [-0.4375,0.4375,1.75],
      "rot": [-4.0,4.0,2.0],
      "maxValue": 3.0,
      "types": ["interactable_crate"],
      "additionalParts": [
        {
          "pos": [-0.4375,1.1875,1.75],
          "rot": [1.0,-3.0,0.0],
          "maxValue": 3.0,
          "types": ["interactable_crate"]
        }
      ]
    },
    {
      "pos": [0.4375,0.4375,0.96875],
      "rot": [-4.0,3.0,0.0],
      "maxValue": 3.0,
      "types": ["interactable_crate"],
      "additionalParts": [
        {
          "pos": [0.4375,1.1875,0.96875],
          "rot": [-3.0,-1.0,3.0],
          "maxValue": 3.0,
          "types": ["interactable_crate"]
        }
      ]
    },
    {
      "pos": [-0.4375,0.4375,0.96875],
      "rot": [2.0,-5.0,0.0],
      "maxValue": 3.0,
      "types": ["interactable_crate"],
      "additionalParts": [
        {
          "pos": [-0.4375,1.1875,0.96875],
          "rot": [1.0,0.0,3.0],
          "maxValue": 3.0,
          "types": ["interactable_crate"]
        }
      ]
    },
    {
      "pos": [0.4375,0.9375,-0.15625],
      "rot": [6.0,2.0,-1.0],
      "maxValue": 3.0,
      "types": ["interactable_crate"]
    },
    {
      "pos": [-0.4375,0.9375,-0.15625],
      "rot": [1.0,0.0,-2.0],
      "maxValue": 3.0,
      "types": ["interactable_crate"]
    },
    {
      "pos": [-1.03125,0.9375,5.28125],
      "maxValue": 3.0,
      "types": ["generic_flag_small"]
    },
    {
      "pos": [1.03125,0.9375,5.28125],
      "maxValue": 3.0,
      "types": ["generic_flag_small"]
    },
    {
      "pos": [0.84375,1.8125,3.78125],
      "maxValue": 3.0,
      "types": ["generic_flag_small"]
    },
    {
      "pos": [-0.84375,1.8125,3.78125],
      "maxValue": 3.0,
      "types": ["generic_flag_small"]
    },
    {
      "pos": [1.03125,0.9375,-0.53125],
      "maxValue": 3.0,
      "types": ["generic_flag_small"]
    },
    {
      "pos": [-1.03125,0.9375,-0.53125],
      "maxValue": 3.0,
      "types": ["generic_flag_small"]
    },
    {
      "pos": [0.375,0.375,5.9625],
      "maxValue": 3.0,
      "types": ["generic_ledlight"]
    },
    {
      "pos": [-0.375,0.375,5.9625],
      "maxValue": 3.0,
      "types": ["generic_ledlight"]
    },
    {
      "pos": [0.375,1.6875,4.1],
      "maxValue": 3.0,
      "types": ["generic_ledlight"]
    },
    {
      "pos": [-0.375,1.6875,4.1],
      "maxValue": 3.0,
      "types": ["generic_ledlight"]
    },
    {
      "pos": [0.65625,0.09375,-1.1],
      "rot": [0.0,180.0,0.0],
      "maxValue": 3.0,
      "types": ["generic_ledlight"]
    },
    {
      "pos": [-0.65625,0.09375,-1.1],
      "rot": [0.0,180.0,0.0],
      "maxValue": 3.0,
      "types": ["generic_ledlight"]
    }
  ],
  "collisionGroups": [
    {
      "isInterior": true,
      "collisions": [
        {
          "pos": [1.0625,0.8125,4.125],
          "width": 0.3125,
          "height": 0.125,
          "variableName": "door_fl",
          "variableType": "toggle",
          "variableValue": 0.0
        }
      ],
      "animations": [
        {
          "animationType": "translation",
          "variable": "door_fl",
          "axis": [0.125,0.0,0.0625]
        }
      ]
    },
    {
      "isInterior": true,
      "collisions": [
        {
          "pos": [-1.0625,0.8125,4.125],
          "width": 0.3125,
          "height": 0.125,
          "variableName": "door_fr",
          "variableType": "toggle",
          "variableValue": 0.0
        }
      ],
      "animations": [
        {
          "animationType": "translation",
          "variable": "door_fr",
          "axis": [-0.125,0.0,0.0625]
        }
      ]
    },
    {
      "isInterior": true,
      "collisions": [
        {
          "pos": [1.0625,0.75,3.1875],
          "width": 0.3125,
          "height": 0.125,
          "variableName": "door_fl",
          "variableType": "toggle",
          "variableValue": 0.0
        }
      ],
      "animations": [
        {
          "animationType": "translation",
          "variable": "door_fl",
          "axis": [0.9375,0.0,0.59375]
        }
      ]
    },
    {
      "isInterior": true,
      "collisions": [
        {
          "pos": [-1.0625,0.75,3.1875],
          "width": 0.3125,
          "height": 0.125,
          "variableName": "door_fr",
          "variableType": "toggle",
          "variableValue": 0.0
        }
      ],
      "animations": [
        {
          "animationType": "translation",
          "variable": "door_fr",
          "axis": [-0.9375,0.0,0.59375]
        }
      ]
    },
    {
      "isInterior": true,
      "collisions": [
        {
          "pos": [0.0,0.875,5.6875],
          "width": 1.0,
          "height": 0.5,
          "variableName": "door_hood",
          "variableType": "toggle",
          "variableValue": 0.0
        }
      ],
      "animations": [
        {
          "animationType": "translation",
          "variable": "door_hood",
          "axis": [0.0,0.5625,-0.25]
        }
      ]
    },
    {
      "isInterior": true,
      "collisions": [
        {
          "pos": [0.0,0.84375,-1.0625],
          "width": 0.3125,
          "height": 0.125,
          "variableName": "tailgate",
          "variableType": "toggle",
          "variableValue": 0.0
        }
      ],
      "animations": [
        {
          "animationType": "translation",
          "variable": "tailgate",
          "axis": [0.0,-0.9375,-0.4375]
        }
      ]
    },
    {
      "isInterior": true,
      "collisions": [
        {
          "pos": [0.0,0.0,4.0],
          "width": 2.0,
          "height": 0.125,
          "variableValue": 0.0
        },
        {
          "pos": [0.0,0.0,2.0],
          "width": 2.0,
          "height": 0.125,
          "variableValue": 0.0
        },
        {
          "pos": [0.0,0.0,0.0],
          "width": 2.0,
          "height": 0.125,
          "variableValue": 0.0
        }
      ]
    },
    {
      "collisions": [
        {
          "pos": [0.0,0.875,5.125],
          "width": 2.0,
          "height": 0.125,
          "variableValue": 0.0
        },
        {
          "pos": [0.5,1.8125,3.5],
          "width": 1.0,
          "height": 0.125,
          "variableValue": 0.0
        },
        {
          "pos": [-0.5,1.8125,3.5],
          "width": 1.0,
          "height": 0.125,
          "variableValue": 0.0
        }
      ]
    }
  ],
  "connectionGroups": [
    {
      "groupName": "HOOKUP",
      "hookup": true,
      "connections": [
        {
          "type": "tow_bumper",
          "pos": [0.0,0.0,5.9375],
          "distance": 0.0
        },
        {
          "type": "tow_bumper",
          "pos": [0.0,0.0625,-1.0625],
          "distance": 0.0
        },
        {
          "type": "tow_wheel",
          "pos": [0.0,-0.4375,5.1875],
          "distance": 0.0
        }
      ]
    },
    {
      "groupName": "TRAILER",
      "canIntiateConnections": true,
      "connections": [
        {
          "type": "trailer_standard",
          "pos": [0.0,0.125,-1.1875],
          "distance": 0.0
        }
      ]
    }
  ],
  "instruments": [
    {
      "pos": [0.71875,0.875,4.2343],
      "rot": [0.0,0.0,0.0],
      "scale": 0.015625,
      "hudX": 80,
      "hudY": 36,
      "hudScale": 0.25
    },
    {
      "pos": [0.57063,0.875,4.2343],
      "rot": [0.0,0.0,0.0],
      "scale": 0.015625,
      "hudX": 160,
      "hudY": 36,
      "hudScale": 0.5
    },
    {
      "pos": [0.42938,0.875,4.2343],
      "rot": [0.0,0.0,0.0],
      "scale": 0.015625,
      "hudX": 240,
      "hudY": 36,
      "hudScale": 0.5
    },
    {
      "pos": [0.28125,0.875,4.2343],
      "rot": [0.0,0.0,0.0],
      "scale": 0.015625,
      "hudX": 320,
      "hudY": 36,
      "hudScale": 0.25
    }
  ],
  "definitions": [
    {
      "subName": "_pureblack_g",
      "modelName": "trin_foragon_nrml_pickup",
      "name": "Trin Foragon Pick Up TQ2 Trim - Pure Black paint, gray interior",
      "description": "Utility Pick Up\n\nRecommended parts:\nAverage Sized Wheels (x4)\nI4 Engine\nModel 1 Seats",
      "extraMaterials": ["mts:iv_tpp.paint_bucket_pureblack:0:1","minecraft:wool:7:2","minecraft:wool:8:3"]
    },
    {
      "subName": "_coldspruce_g",
      "modelName": "trin_foragon_nrml_pickup",
      "name": "Trin Foragon Pick Up TQ2 Trim - Cold Spruce paint, gray interior",
      "description": "Utility Pick Up\n\nRecommended parts:\nAverage Sized Wheels (x4)\nI4 Engine\nModel 1 Seats",
      "extraMaterials": ["mts:iv_tpp.paint_bucket_coldspruce:0:1","minecraft:wool:7:2","minecraft:wool:8:3"]
    },
    {
      "subName": "_bloodred_g",
      "modelName": "trin_foragon_nrml_pickup",
      "name": "Trin Foragon Pick Up TQ2 Trim - Blood Red paint, gray interior",
      "description": "Utility Pick Up\n\nRecommended parts:\nAverage Sized Wheels (x4)\nI4 Engine\nModel 1 Seats",
      "extraMaterials": ["mts:iv_tpp.paint_bucket_bloodred:0:1","minecraft:wool:7:2","minecraft:wool:8:3"]
    }
  ],
  "rendering": {
    "textObjects": [],
    "animatedObjects": [
      {
        "objectName": "steer",
        "animations": [
          {
            "animationType": "rotation",
            "variable": "rudder",
            "centerPoint": [0.5,0.78125,4.1875],
            "axis": [0.0,0.0,1.0]
          }
        ]
      },
      {
        "objectName": "gas",
        "animations": [
          {
            "animationType": "rotation",
            "variable": "throttle",
            "centerPoint": [0.0,0.28125,4.625],
            "axis": [-20.0,0.0,0.0]
          }
        ]
      },
      {
        "objectName": "brake",
        "animations": [
          {
            "animationType": "rotation",
            "variable": "brake",
            "centerPoint": [0.0,0.28125,4.625],
            "axis": [-20.0,0.0,0.0]
          }
        ]
      },
      {
        "objectName": "clutch",
        "animations": [
          {
            "animationType": "visibility",
            "variable": "engine_isautomatic_1"
          },
          {
            "animationType": "rotation",
            "variable": "clutch",
            "centerPoint": [0.0,0.28125,4.625],
            "axis": [-30.0,0.0,0.0]
          }
        ]
      },
      {
        "objectName": "p_brake",
        "animations": [
          {
            "animationType": "rotation",
            "variable": "p_brake",
            "centerPoint": [0.0,0.25,3.34375],
            "axis": [-30.0,0.0,0.0]
          }
        ]
      },
      {
        "objectName": "shift",
        "animations": [
          {
            "animationType": "rotation",
            "variable": "engine_gearshift_1",
            "centerPoint": [0.0,0.28125,4.03125],
            "axis": [1.0,0.0,0.0]
          }
        ]
      },
      {
        "objectName": "doorFR",
        "animations": [
          {
            "animationType": "rotation",
            "variable": "door_fr",
            "centerPoint": [-1.0625,0.0,4.3125],
            "axis": [0.0,60.0,0.0],
            "duration": 20,
            "forwardsStartSound": "iv_tpp:dooropen",
            "reverseEndSound": "iv_tpp:doorclose"
          }
        ]
      },
      {
        "objectName": "doorwindowFR",
        "applyAfter": "doorFR",
        "animations": []
      },
      {
        "objectName": "doorFL",
        "animations": [
          {
            "animationType": "rotation",
            "variable": "door_fl",
            "centerPoint": [1.0625,0.0,4.3125],
            "axis": [0.0,-60.0,0.0],
            "duration": 20,
            "forwardsStartSound": "iv_tpp:dooropen",
            "reverseEndSound": "iv_tpp:doorclose"
          }
        ]
      },
      {
        "objectName": "doorwindowFL",
        "applyAfter": "doorFL",
        "animations": []
      },
      {
        "objectName": "hood",
        "animations": [
          {
            "animationType": "rotation",
            "variable": "door_hood",
            "centerPoint": [0.0,1.0,5.3125],
            "axis": [-90.0,0.0,0.0],
            "duration": 20,
            "forwardsStartSound": "iv_tpp:hoodopen",
            "reverseStartSound": "iv_tpp:hoodclose"
          }
        ]
      },
      {
        "objectName": "tailgate",
        "animations": [
          {
            "animationType": "rotation",
            "variable": "tailgate",
            "centerPoint": [0.0,0.25,-1.09375],
            "axis": [-130.0,0.0,0.0],
            "duration": 20,
            "forwardsStartSound": "iv_tpp:bootopen",
            "reverseEndSound": "iv_tpp:bootclose"
          }
        ]
      }
    ],
    "lightObjects": [
      {
        "objectName": "$headlight",
        "emissive": true,
        "covered": true,
        "isElectric": true,
        "color": "FFFFA7",
        "brightnessAnimations": [
          {
            "animationType": "visibility",
            "variable": "headlight",
            "clampMin": 1.0,
            "clampMax": 1.0
          }
        ],
        "blendableComponents": [
          {
            "pos": [0.6875,0.40625,5.9375],
            "axis": [0.0,0.0,1.0],
            "flareHeight": 0.75,
            "flareWidth": 0.75,
            "beamDiameter": 7.0,
            "beamLength": 20.0
          },
          {
            "pos": [-0.6875,0.40625,5.9375],
            "axis": [0.0,0.0,1.0],
            "flareHeight": 0.75,
            "flareWidth": 0.75,
            "beamDiameter": 7.0,
            "beamLength": 20.0
          }
        ]
      },
      {
        "objectName": "$front_running_light",
        "emissive": true,
        "covered": true,
        "isElectric": true,
        "color": "FFFFA7",
        "brightnessAnimations": [
          {
            "animationType": "visibility",
            "variable": "running_light",
            "clampMin": 1.0,
            "clampMax": 1.0
          }
        ],
        "blendableComponents": [
          {
            "pos": [0.84375,0.40625,5.96875],
            "axis": [0.0,0.0,1.0],
            "flareHeight": 0.75,
            "flareWidth": 0.75
          },
          {
            "pos": [-0.84375,0.40625,5.96875],
            "axis": [0.0,0.0,1.0],
            "flareHeight": 0.75,
            "flareWidth": 0.75
          },
          {
            "pos": [0.375,0.75,4.234375],
            "axis": [0.0,0.0,-1.0],
            "flareHeight": 0.1875,
            "flareWidth": 0.1875
          }
        ]
      },
      {
        "objectName": "$rear_running_light",
        "emissive": true,
        "covered": true,
        "isElectric": true,
        "color": "E60000",
        "brightnessAnimations": [
          {
            "animationType": "visibility",
            "variable": "running_light",
            "clampMin": 1.0,
            "clampMax": 1.0
          }
        ],
        "blendableComponents": [
          {
            "pos": [1.03125,0.46875,-1.09375],
            "axis": [0.37139999866485596,0.0,-0.9284999966621399],
            "flareHeight": 0.46875,
            "flareWidth": 0.46875
          },
          {
            "pos": [-1.03125,0.46875,-1.09375],
            "axis": [-0.37139999866485596,0.0,-0.9284999966621399],
            "flareHeight": 0.46875,
            "flareWidth": 0.46875
          }
        ]
      },
      {
        "objectName": "$brake_light",
        "emissive": true,
        "covered": true,
        "isElectric": true,
        "color": "E60000",
        "brightnessAnimations": [
          {
            "animationType": "visibility",
            "variable": "brake",
            "clampMin": 1.0,
            "clampMax": 1.0
          }
        ],
        "blendableComponents": [
          {
            "pos": [1.015625,0.59375,-1.09375],
            "axis": [0.4472000002861023,0.0,-0.8944000005722046],
            "flareHeight": 0.375,
            "flareWidth": 0.375
          },
          {
            "pos": [-1.015625,0.59375,-1.09375],
            "axis": [-0.4472000002861023,-0.0,-0.8944000005722046],
            "flareHeight": 0.375,
            "flareWidth": 0.375
          }
        ]
      },
      {
        "objectName": "$map_light",
        "emissive": true,
        "covered": true,
        "isElectric": true,
        "color": "FFFFA7",
        "brightnessAnimations": [
          {
            "animationType": "visibility",
            "variable": "Map Light",
            "clampMin": 1.0,
            "clampMax": 1.0
          }
        ],
        "blendableComponents": [
          {
            "pos": [-0.09375,1.71875,3.84375],
            "axis": [-0.4472000002861023,-0.8944000005722046,0.0],
            "flareHeight": 0.375,
            "flareWidth": 0.375
          },
          {
            "pos": [0.09375,1.71875,3.84375],
            "axis": [0.4472000002861023,-0.8944000005722046,0.0],
            "flareHeight": 0.375,
            "flareWidth": 0.375
          }
        ]
      },
      {
        "objectName": "$backup_light",
        "emissive": true,
        "covered": true,
        "isElectric": true,
        "color": "FFFFCC",
        "brightnessAnimations": [
          {
            "animationType": "visibility",
            "variable": "engine_reversed_1",
            "clampMin": 1.0,
            "clampMax": 1.0
          }
        ],
        "blendableComponents": [
          {
            "pos": [1.015625,0.34375,-1.078125],
            "axis": [0.4472000002861023,0.0,-0.8944000005722046],
            "flareHeight": 0.375,
            "flareWidth": 0.375
          },
          {
            "pos": [-1.015625,0.34375,-1.078125],
            "axis": [-0.4472000002861023,0.0,-0.8944000005722046],
            "flareHeight": 0.375,
            "flareWidth": 0.375
          }
        ]
      },
      {
        "objectName": "$left_turn_signal",
        "emissive": true,
        "covered": true,
        "isElectric": true,
        "color": "FF6600",
        "brightnessAnimations": [
          {
            "animationType": "visibility",
            "variable": "left_turn_signal",
            "clampMin": 1.0,
            "clampMax": 1.0
          },
          {
            "animationType": "visibility",
            "variable": "0_5_5_cycle",
            "clampMin": 1.0,
            "clampMax": 1.0
          }
        ],
        "blendableComponents": [
          {
            "pos": [1.0,0.40625,5.895312309265137],
            "axis": [0.44600000977516174,-0.07429999858140945,0.8920000195503235],
            "flareHeight": 0.5625,
            "flareWidth": 0.5625
          },
          {
            "pos": [0.71875,0.75,4.234375],
            "axis": [0.0,0.0,-1.0],
            "flareHeight": 0.1875,
            "flareWidth": 0.1875
          },
          {
            "pos": [1.140625,0.71875,-0.84375],
            "axis": [1.0,0.0,0.0],
            "flareHeight": 0.5625,
            "flareWidth": 0.5625
          },
          {
            "pos": [1.140625,0.71875,5.1875],
            "axis": [1.0,0.0,0.0],
            "flareHeight": 0.5625,
            "flareWidth": 0.5625
          },
          {
            "pos": [1.015625,0.25,-1.0625],
            "axis": [0.4472000002861023,0.0,-0.8944000005722046],
            "flareHeight": 0.375,
            "flareWidth": 0.375
          }
        ]
      },
      {
        "objectName": "$right_turn_signal",
        "emissive": true,
        "covered": true,
        "isElectric": true,
        "color": "FF6600",
        "brightnessAnimations": [
          {
            "animationType": "visibility",
            "variable": "right_turn_signal",
            "clampMin": 1.0,
            "clampMax": 1.0
          },
          {
            "animationType": "visibility",
            "variable": "0_5_5_cycle",
            "clampMin": 1.0,
            "clampMax": 1.0
          }
        ],
        "blendableComponents": [
          {
            "pos": [-1.0,0.40625,5.895312309265137],
            "axis": [-0.44600000977516174,-0.07429999858140945,0.8920000195503235],
            "flareHeight": 0.5625,
            "flareWidth": 0.5625
          },
          {
            "pos": [0.28125,0.75,4.234375],
            "axis": [0.0,0.0,-1.0],
            "flareHeight": 0.1875,
            "flareWidth": 0.1875
          },
          {
            "pos": [-1.140625,0.71875,-0.84375],
            "axis": [-1.0,0.0,0.0],
            "flareHeight": 0.5625,
            "flareWidth": 0.5625
          },
          {
            "pos": [-1.140625,0.71875,5.1875],
            "axis": [-1.0,0.0,0.0],
            "flareHeight": 0.5625,
            "flareWidth": 0.5625
          },
          {
            "pos": [-1.015625,0.25,-1.0625],
            "axis": [-0.4472000002861023,0.0,-0.8944000005722046],
            "flareHeight": 0.375,
            "flareWidth": 0.375
          }
        ]
      },
      {
        "objectName": "$emergency_light",
        "emissive": true,
        "covered": true,
        "isElectric": true,
        "color": "FF6600",
        "brightnessAnimations": [
          {
            "animationType": "visibility",
            "variable": "EMERLTS",
            "clampMin": 1.0,
            "clampMax": 1.0
          }
        ],
        "blendableComponents": [
          {
            "pos": [0.625,0.75,4.234375],
            "axis": [0.0,0.0,-1.0],
            "flareHeight": 0.1875,
            "flareWidth": 0.1875
          }
        ]
      }
    ],
    "cameraObjects": [],
    "customVariables": ["EMERLTS","Map Light"],
    "initialVariables": ["door_fr","door_hood","door_fl"],
    "sounds": [
      {
        "name": "iv_tcp:horn_1",
        "activeAnimations": [
          {
            "animationType": "visibility",
            "variable": "horn",
            "clampMin": 1.0,
            "clampMax": 1.0
          }
        ],
        "looping": true
      }
    ],
    "particles": [
      {
        "type": "smoke",
        "transparency": 0.25,
        "toTransparency": 0.25,
        "scale": 1.0,
        "color": "D9D9D9",
        "pos": [-1.125,-0.03125,0.65625],
        "initialVelocity": [-1.0,0.0,0.0],
        "activeAnimations": [
          {
            "animationType": "visibility",
            "variable": "engine_piston_1_2_cam_1",
            "clampMin": 1.0,
            "clampMax": 1.0
          }
        ]
      },
      {
        "type": "smoke",
        "transparency": 0.25,
        "toTransparency": 0.25,
        "scale": 1.0,
        "color": "D9D9D9",
        "pos": [1.125,-0.03125,0.65625],
        "initialVelocity": [1.0,0.0,0.0],
        "activeAnimations": [
          {
            "animationType": "visibility",
            "variable": "engine_piston_2_2_cam_1",
            "clampMin": 1.0,
            "clampMax": 1.0
          }
        ]
      },
      {
        "type": "smoke",
        "quantity": 5,
        "scale": 2.5,
        "color": "000000",
        "initialVelocity": [0.0,-1.0,0.0],
        "activeAnimations": [
          {
            "animationType": "visibility",
            "variable": "engine_backfired_1",
            "clampMin": 1.0,
            "clampMax": 1.0
          }
        ]
      }
    ]
  },
  "general": {
    "stackSize": 1,
    "materials": ["minecraft:iron_ingot:0:16","minecraft:iron_block:0:7","minecraft:glowstone_dust:0:16","minecraft:glass_pane:0:5","mts:iv_tpp.metal_pile_2:0:1","mts:iv_tpp.metal_pile_4:0:1","mts:iv_tpp.chassis_md4_l7m_t14_i4_foragon:0:1"]
  }
}
