{
  "motorized": {
    "isFrontWheelDrive": true,
    "isRearWheelDrive": true,
    "hasAutopilot": true,
    "hasRunningLights": true,
    "hasHeadlights": true,
    "hasTurnSignals": true,
    "emptyMass": 24000,
    "fuelCapacity": 40000,
    "downForce": 0.6,
    "overSteer": 2,
    "underSteer": 1.5,
    "overSteerAccel": 1.5,
    "overSteerDecel": -1.5,
    "axleRatio": 3.5,
    "brakingFactor": 1.8,
    "maxTiltAngle": -3,
    "dragCoefficient": 0.75
  },
  "parts": [
    {
      "pos": [1.375,0.0,-3.0],
      "minValue": 1.0,
      "maxValue": 1.25,
      "types": ["ground_wheel"]
    },
    {
      "pos": [-1.375,0.0,-3.0],
      "minValue": 1.0,
      "maxValue": 1.25,
      "types": ["ground_wheel"]
    },
    {
      "pos": [0.9375,0.0,-3.0],
      "minValue": 1.0,
      "maxValue": 1.25,
      "types": ["ground_wheel"]
    },
    {
      "pos": [-0.9375,0.0,-3.0],
      "minValue": 1.0,
      "maxValue": 1.25,
      "types": ["ground_wheel"]
    },
    {
      "pos": [1.375,0.0,-1.5],
      "minValue": 1.0,
      "maxValue": 1.25,
      "types": ["ground_wheel"]
    },
    {
      "pos": [-1.375,0.0,-1.5],
      "minValue": 1.0,
      "maxValue": 1.25,
      "types": ["ground_wheel"]
    },
    {
      "pos": [0.9375,0.0,-1.5],
      "minValue": 1.0,
      "maxValue": 1.25,
      "types": ["ground_wheel"]
    },
    {
      "pos": [-0.9375,0.0,-1.5],
      "minValue": 1.0,
      "maxValue": 1.25,
      "types": ["ground_wheel"]
    },
    {
      "pos": [1.375,0.0,0.0],
      "minValue": 1.0,
      "maxValue": 1.25,
      "types": ["ground_wheel"]
    },
    {
      "pos": [-1.375,0.0,0.0],
      "minValue": 1.0,
      "maxValue": 1.25,
      "types": ["ground_wheel"]
    },
    {
      "pos": [1.375,0.0,7.0625],
      "turnsWithSteer": true,
      "minValue": 1.0,
      "maxValue": 1.25,
      "types": ["ground_wheel"],
      "animations": [
        {
          "animationType": "rotation",
          "variable": "rudder",
          "centerPoint": [0.0,0.0,0.0],
          "axis": [0.0,-1.0,0.0]
        }
      ]
    },
    {
      "pos": [-1.375,0.0,7.0625],
      "turnsWithSteer": true,
      "minValue": 1.0,
      "maxValue": 1.25,
      "types": ["ground_wheel"],
      "animations": [
        {
          "animationType": "rotation",
          "variable": "rudder",
          "centerPoint": [0.0,0.0,0.0],
          "axis": [0.0,-1.0,0.0]
        }
      ]
    },
    {
      "pos": [0.625,1.0,4.875],
      "rot": [0.0,0.0,0.0],
      "dismountPos": [1.625,1.0,4.875],
      "isController": true,
      "types": ["seat"],
      "linkedVariables": ["door_fl"]
    },
    {
      "pos": [-0.625,1.0,4.875],
      "rot": [0.0,0.0,0.0],
      "dismountPos": [-1.625,1.0,4.875],
      "types": ["seat"],
      "additionalParts": [
        {
          "pos": [-0.625,1.01,4.875],
          "rot": [0.0,90.0,0.0],
          "maxValue": 2.0,
          "types": ["interactable_luggage"]
        }
      ],
      "linkedVariables": ["door_fr"]
    },
    {
      "pos": [0.0,0.375,6.0625],
      "rot": [0.0,0.0,0.0],
      "maxValue": 1.1,
      "types": ["engine_car"],
      "linkedVariables": ["door_hood"]
    },
    {
      "pos": [0.0,3.1875,4.09375],
      "maxValue": 3.0,
      "types": ["generic_lightbar"]
    },
    {
      "pos": [0.0,3.0,4.875],
      "maxValue": 3.0,
      "types": ["generic_lightbar"]
    },
    {
      "pos": [0.0,3.01,4.875],
      "maxValue": 3.0,
      "types": ["generic_roofdevice"]
    },
    {
      "pos": [-1.09375,0.625,-4.06875],
      "rot": [0.0,0.0,0.0],
      "maxValue": 1.0,
      "types": ["generic_bumpersticker"]
    },
    {
      "pos": [1.09375,0.625,-4.06875],
      "rot": [0.0,0.0,0.0],
      "maxValue": 1.0,
      "types": ["generic_bumpersticker"]
    },
    {
      "pos": [0.875,0.125,8.25625],
      "rot": [0.0,180.0,0.0],
      "maxValue": 1.0,
      "types": ["generic_bumpersticker"]
    },
    {
      "pos": [-0.875,0.125,8.25625],
      "rot": [0.0,180.0,0.0],
      "maxValue": 1.0,
      "types": ["generic_bumpersticker"]
    },
    {
      "pos": [0.5625,-0.1875,8.25625],
      "rot": [0.0,180.0,0.0],
      "maxValue": 1.0,
      "types": ["generic_bumpersticker"]
    },
    {
      "pos": [-0.5625,-0.1875,8.25625],
      "rot": [0.0,180.0,0.0],
      "maxValue": 1.0,
      "types": ["generic_bumpersticker"]
    },
    {
      "pos": [0.0,-0.1875,8.25625],
      "rot": [0.0,180.0,0.0],
      "maxValue": 1.0,
      "types": ["generic_bumpersticker"]
    },
    {
      "pos": [-1.125,1.375,1.84375],
      "rot": [0.0,0.0,0.0],
      "maxValue": 3.0,
      "types": ["interactable_crate"]
    },
    {
      "pos": [1.125,1.375,1.84375],
      "rot": [0.0,0.0,0.0],
      "maxValue": 3.0,
      "types": ["interactable_crate"]
    },
    {
      "pos": [-1.125,1.375,3.26563],
      "rot": [0.0,0.0,0.0],
      "maxValue": 3.0,
      "types": ["interactable_crate"]
    },
    {
      "pos": [1.125,1.375,3.26563],
      "rot": [0.0,0.0,0.0],
      "maxValue": 3.0,
      "types": ["interactable_crate"]
    },
    {
      "pos": [-1.09375,1.8125,-3.25],
      "maxValue": 3.0,
      "types": ["generic_gyrophare"]
    },
    {
      "pos": [1.09375,1.8125,-3.25],
      "maxValue": 3.0,
      "types": ["generic_gyrophare"]
    },
    {
      "pos": [-1.09375,2.0625,-0.25],
      "maxValue": 3.0,
      "types": ["generic_gyrophare"]
    },
    {
      "pos": [1.09375,2.0625,-0.25],
      "maxValue": 3.0,
      "types": ["generic_gyrophare"]
    },
    {
      "pos": [-1.09375,2.3125,1.0],
      "maxValue": 3.0,
      "types": ["generic_gyrophare"]
    },
    {
      "pos": [1.09375,2.3125,1.0],
      "maxValue": 3.0,
      "types": ["generic_gyrophare"]
    },
    {
      "pos": [-1.21875,2.6875,3.8125],
      "maxValue": 3.0,
      "types": ["generic_gyrophare"]
    },
    {
      "pos": [1.21875,2.6875,3.8125],
      "maxValue": 3.0,
      "types": ["generic_gyrophare"]
    },
    {
      "pos": [-1.0625,3.1875,4.09375],
      "maxValue": 3.0,
      "types": ["generic_gyrophare"]
    },
    {
      "pos": [1.0625,3.1875,4.09375],
      "maxValue": 3.0,
      "types": ["generic_gyrophare"]
    },
    {
      "pos": [-0.9375,3.0,4.875],
      "maxValue": 3.0,
      "types": ["generic_gyrophare"]
    },
    {
      "pos": [0.9375,3.0,4.875],
      "maxValue": 3.0,
      "types": ["generic_gyrophare"]
    },
    {
      "pos": [0.0,0.15625,8.29],
      "rot": [0.0,0.0,0.0],
      "maxValue": 3.0,
      "defaultPart": "iv_tpp:plate_gramados",
      "types": ["generic_licenseplate_us","generic_licenseplate_euro"]
    },
    {
      "pos": [0.0,0.1875,-4.08],
      "rot": [0.0,180.0,0.0],
      "maxValue": 3.0,
      "defaultPart": "iv_tpp:plate_gramados",
      "types": ["generic_licenseplate_us","generic_licenseplate_euro"]
    }
  ],
  "collisionGroups": [
    {
      "isInterior": true,
      "collisions": [
        {
          "pos": [1.28125,0.875,4.65625],
          "width": 0.3125,
          "height": 0.125,
          "variableName": "door_fl",
          "variableType": "toggle",
          "variableValue": 0.0
        }
      ],
      "animations": [
        {
          "animationType": "translation",
          "variable": "door_fl",
          "axis": [0.9375,0.0,0.53125]
        }
      ]
    },
    {
      "isInterior": true,
      "collisions": [
        {
          "pos": [1.28125,1.4375,5.40625],
          "width": 0.3125,
          "height": 0.125,
          "variableName": "door_fl",
          "variableType": "toggle",
          "variableValue": 0.0
        }
      ],
      "animations": [
        {
          "animationType": "translation",
          "variable": "door_fl",
          "axis": [0.25,0.0,0.15625]
        }
      ]
    },
    {
      "isInterior": true,
      "collisions": [
        {
          "pos": [-1.28125,0.875,4.65625],
          "width": 0.3125,
          "height": 0.125,
          "variableName": "door_fr",
          "variableType": "toggle",
          "variableValue": 0.0
        }
      ],
      "animations": [
        {
          "animationType": "translation",
          "variable": "door_fr",
          "axis": [-0.9375,0.0,0.53125]
        }
      ]
    },
    {
      "isInterior": true,
      "collisions": [
        {
          "pos": [-1.28125,1.4375,5.40625],
          "width": 0.3125,
          "height": 0.125,
          "variableName": "door_fr",
          "variableType": "toggle",
          "variableValue": 0.0
        }
      ],
      "animations": [
        {
          "animationType": "translation",
          "variable": "door_fr",
          "axis": [-0.25,0.0,0.15625]
        }
      ]
    },
    {
      "isInterior": true,
      "collisions": [
        {
          "pos": [0.0,1.5625,7.5],
          "width": 1.0,
          "height": 0.5,
          "variableName": "door_hood",
          "variableType": "toggle",
          "variableValue": 0.0
        }
      ],
      "animations": [
        {
          "animationType": "translation",
          "variable": "door_hood",
          "axis": [0.0,1.1875,-0.4375]
        }
      ]
    },
    {
      "collisions": [
        {
          "pos": [0.0,1.5,6.8125],
          "width": 2.0,
          "height": 0.125,
          "variableValue": 0.0
        },
        {
          "pos": [0.0,3.0,4.375],
          "width": 3.0,
          "height": 0.125,
          "variableValue": 0.0
        },
        {
          "pos": [0.0,1.5,2.625],
          "width": 2.0,
          "height": 0.125,
          "variableValue": 0.0
        },
        {
          "pos": [0.0,0.8125,0.375],
          "width": 2.0,
          "height": 0.125,
          "variableValue": 0.0
        },
        {
          "pos": [0.0,0.8125,-2.625],
          "width": 2.0,
          "height": 0.125,
          "variableValue": 0.0
        }
      ]
    }
  ],
  "connectionGroups": [
    {
      "groupName": "HOOKUP",
      "hookup": true,
      "connections": [
        {
          "type": "tow_bumper_heavy",
          "pos": [0.0,-0.3125,8.1875],
          "distance": 0.0
        },
        {
          "type": "tow_wheel_heavy",
          "pos": [0.0,-0.625,7.0625],
          "distance": 0.0
        }
      ]
    },
    {
      "groupName": "TRAILER",
      "canIntiateConnections": true,
      "connections": [
        {
          "type": "tow_bumper_heavy",
          "pos": [0.0,0.625,-5.9375],
          "distance": 0.0
        }
      ]
    }
  ],
  "instruments": [
    {
      "pos": [0.78125,1.34375,5.67125],
      "rot": [0.0,0.0,0.0],
      "scale": 0.015625,
      "hudX": 80,
      "hudY": 36,
      "hudScale": 0.25
    },
    {
      "pos": [0.78125,1.5,5.67125],
      "rot": [0.0,0.0,0.0],
      "scale": 0.015625,
      "hudX": 160,
      "hudY": 36,
      "hudScale": 0.5
    },
    {
      "pos": [0.46875,1.5,5.67125],
      "rot": [0.0,0.0,0.0],
      "scale": 0.015625,
      "hudX": 240,
      "hudY": 36,
      "hudScale": 0.5
    },
    {
      "pos": [0.46875,1.34375,5.67125],
      "rot": [0.0,0.0,0.0],
      "scale": 0.015625,
      "hudX": 320,
      "hudY": 36,
      "hudScale": 0.25
    }
  ],
  "definitions": [
    {
      "subName": "_pureblack_g",
      "name": "Trin Utility Tormador Tow Master TQ2 - pure black paint, Gray Interior",
      "extraMaterials": ["mts:iv_tpp.paint_bucket_pureblack:0:1","minecraft:wool:7:2","minecraft:wool:8:3"]
    },
    {
      "subName": "_electricblue_g",
      "name": "Trin Utility Tormador Tow Master TQ2 - electric blue paint, Gray Interior",
      "extraMaterials": ["mts:iv_tpp.paint_bucket_electricblue:0:1","minecraft:wool:7:2","minecraft:wool:8:3"]
    },
    {
      "subName": "_honey_g",
      "name": "Trin Utility Tormador Tow Master TQ2 - honey paint, Gray Interior",
      "extraMaterials": ["mts:iv_tpp.paint_bucket_honey:0:1","minecraft:wool:7:2","minecraft:wool:8:3"]
    },
    {
      "subName": "_customlivery1_g",
      "name": "Trin Utility Tormador Tow Master TQ2 - Gallifrey Repairs Livery, Gray Interior",
      "extraMaterials": ["minecraft:dye:4:5","minecraft:dye:1:4","minecraft:dye:0:1","minecraft:wool:7:2","minecraft:wool:8:3"]
    }
  ],
  "rendering": {
    "textObjects": [],
    "animatedObjects": [
      {
        "objectName": "$steer",
        "animations": [
          {
            "animationType": "rotation",
            "variable": "rudder",
            "centerPoint": [0.625,1.46875,5.625],
            "axis": [0.0,0.0,1.0]
          }
        ]
      },
      {
        "objectName": "$gas",
        "animations": [
          {
            "animationType": "rotation",
            "variable": "throttle",
            "centerPoint": [0.0,1.03125,5.85938],
            "axis": [-20.0,0.0,0.0]
          }
        ]
      },
      {
        "objectName": "$brake",
        "animations": [
          {
            "animationType": "rotation",
            "variable": "brake",
            "centerPoint": [0.0,1.03125,5.85938],
            "axis": [-20.0,0.0,0.0]
          }
        ]
      },
      {
        "objectName": "$p_brake",
        "animations": [
          {
            "animationType": "rotation",
            "variable": "p_brake",
            "centerPoint": [0.0,0.875,4.84375],
            "axis": [-30.0,0.0,0.0]
          }
        ]
      },
      {
        "objectName": "$shift",
        "animations": [
          {
            "animationType": "rotation",
            "variable": "engine_gearshift_1",
            "centerPoint": [0.125,0.8125,5.40625],
            "axis": [1.0,0.0,0.0]
          }
        ]
      },
      {
        "objectName": "$doorR",
        "animations": [
          {
            "animationType": "rotation",
            "variable": "door_fr",
            "centerPoint": [-1.3125,0.0,5.75],
            "axis": [0.0,60.0,0.0],
            "duration": 20,
            "forwardsStartSound": "iv_tpp:dooropen",
            "reverseEndSound": "iv_tpp:doorclose"
          }
        ]
      },
      {
        "objectName": "$doorwindowR",
        "applyAfter": "$doorR",
        "animations": []
      },
      {
        "objectName": "$doorL",
        "animations": [
          {
            "animationType": "rotation",
            "variable": "door_fl",
            "centerPoint": [1.3125,0.0,5.75],
            "axis": [0.0,-60.0,0.0],
            "duration": 20,
            "forwardsStartSound": "iv_tpp:dooropen",
            "reverseEndSound": "iv_tpp:doorclose"
          }
        ]
      },
      {
        "objectName": "$doorwindowL",
        "applyAfter": "$doorL",
        "animations": []
      },
      {
        "objectName": "$hood",
        "animations": [
          {
            "animationType": "rotation",
            "variable": "door_hood",
            "centerPoint": [0.0,1.65625,6.1875],
            "axis": [-60.0,0.0,0.0],
            "duration": 20,
            "forwardsStartSound": "iv_tpp:hoodopen",
            "reverseStartSound": "iv_tpp:hoodclose"
          }
        ]
      },
      {
        "objectName": "$tow_t",
        "animations": [
          {
            "animationType": "rotation",
            "variable": "trailer",
            "centerPoint": [0.0,0.5625,-4.0625],
            "axis": [-90.0,0.0,0.0],
            "duration": 160,
            "forwardsStartSound": "iv_tpp:hydraulic_sound",
            "reverseStartSound": "iv_tpp:hydraulic_sound"
          }
        ]
      }
    ],
    "lightObjects": [
      {
        "objectName": "&RightTurnLight_ff6600_FFC00_111",
        "emissive": true,
        "covered": true,
        "isElectric": true,
        "color": "FF6600",
        "brightnessAnimations": [
          {
            "animationType": "visibility",
            "variable": "right_turn_signal",
            "clampMin": 1.0,
            "clampMax": 1.0
          },
          {
            "animationType": "visibility",
            "variable": "10_10_0_cycle",
            "clampMin": 1.0,
            "clampMax": 1.0
          }
        ],
        "blendableComponents": [
          {
            "pos": [-1.375,0.7812439799308777,8.09375],
            "axis": [0.0,0.0,1.0],
            "flareHeight": 0.5625,
            "flareWidth": 0.5625
          },
          {
            "pos": [-1.46875,0.15625599771738052,-4.09375],
            "axis": [0.0,0.0,-1.0],
            "flareHeight": 0.5625,
            "flareWidth": 0.5625
          },
          {
            "pos": [-1.59375,0.15625599771738052,-4.0],
            "axis": [-1.0,0.0,0.0],
            "flareHeight": 0.375,
            "flareWidth": 0.375
          },
          {
            "pos": [0.3437489867210388,1.5937440395355225,5.734375],
            "axis": [0.0,0.0,-1.0],
            "flareHeight": 0.1875,
            "flareWidth": 0.1875
          }
        ]
      },
      {
        "objectName": "&RunningLight_ff6600_000FF_111",
        "emissive": true,
        "covered": true,
        "isElectric": true,
        "color": "FF6600",
        "brightnessAnimations": [
          {
            "animationType": "visibility",
            "variable": "running_light",
            "clampMin": 1.0,
            "clampMax": 1.0
          },
          {
            "animationType": "visibility",
            "variable": "0_8_12_cycle",
            "clampMin": 1.0,
            "clampMax": 1.0
          }
        ],
        "blendableComponents": [
          {
            "pos": [1.515625,2.1874970197677612,3.65625],
            "axis": [1.0,0.0,0.0],
            "flareHeight": 0.5625,
            "flareWidth": 0.5625
          },
          {
            "pos": [1.515625,2.1875,3.03125],
            "axis": [1.0,0.0,0.0],
            "flareHeight": 0.5625,
            "flareWidth": 0.5625
          },
          {
            "pos": [1.515625,2.1875,2.40625],
            "axis": [1.0,0.0,0.0],
            "flareHeight": 0.5625,
            "flareWidth": 0.5625
          },
          {
            "pos": [1.515625,2.1875,1.78125],
            "axis": [1.0,0.0,0.0],
            "flareHeight": 0.5625,
            "flareWidth": 0.5625
          },
          {
            "pos": [1.515625,2.1875,1.15625],
            "axis": [1.0,0.0,0.0],
            "flareHeight": 0.5625,
            "flareWidth": 0.5625
          },
          {
            "pos": [1.515625,1.9375,-0.03125],
            "axis": [1.0,0.0,0.0],
            "flareHeight": 0.5625,
            "flareWidth": 0.5625
          },
          {
            "pos": [1.515625,1.6875,-1.28125],
            "axis": [1.0,0.0,0.0],
            "flareHeight": 0.5625,
            "flareWidth": 0.5625
          },
          {
            "pos": [1.515625,1.6875,-1.90625],
            "axis": [1.0,0.0,0.0],
            "flareHeight": 0.5625,
            "flareWidth": 0.5625
          },
          {
            "pos": [1.515625,1.6875,-2.53125],
            "axis": [1.0,0.0,0.0],
            "flareHeight": 0.5625,
            "flareWidth": 0.5625
          },
          {
            "pos": [1.515625,1.6875,-3.15625],
            "axis": [1.0,0.0,0.0],
            "flareHeight": 0.5625,
            "flareWidth": 0.5625
          },
          {
            "pos": [-1.515625,2.1874970197677612,3.65625],
            "axis": [-1.0,0.0,0.0],
            "flareHeight": 0.5625,
            "flareWidth": 0.5625
          },
          {
            "pos": [-1.515625,2.1875,3.03125],
            "axis": [-1.0,0.0,0.0],
            "flareHeight": 0.5625,
            "flareWidth": 0.5625
          },
          {
            "pos": [-1.515625,2.1875,2.40625],
            "axis": [-1.0,0.0,0.0],
            "flareHeight": 0.5625,
            "flareWidth": 0.5625
          },
          {
            "pos": [-1.515625,2.1875,1.78125],
            "axis": [-1.0,0.0,0.0],
            "flareHeight": 0.5625,
            "flareWidth": 0.5625
          },
          {
            "pos": [-1.515625,2.1875,1.15625],
            "axis": [-1.0,0.0,0.0],
            "flareHeight": 0.5625,
            "flareWidth": 0.5625
          },
          {
            "pos": [-1.515625,1.9375,-0.03125],
            "axis": [-1.0,0.0,0.0],
            "flareHeight": 0.5625,
            "flareWidth": 0.5625
          },
          {
            "pos": [-1.515625,1.6875,-1.28125],
            "axis": [-1.0,0.0,0.0],
            "flareHeight": 0.5625,
            "flareWidth": 0.5625
          },
          {
            "pos": [-1.515625,1.6875,-1.90625],
            "axis": [-1.0,0.0,0.0],
            "flareHeight": 0.5625,
            "flareWidth": 0.5625
          },
          {
            "pos": [-1.515625,1.6875,-2.53125],
            "axis": [-1.0,0.0,0.0],
            "flareHeight": 0.5625,
            "flareWidth": 0.5625
          },
          {
            "pos": [-1.515625,1.6875,-3.15625],
            "axis": [-1.0,0.0,0.0],
            "flareHeight": 0.5625,
            "flareWidth": 0.5625
          }
        ]
      },
      {
        "objectName": "&BrakeLight_e60000_FFFFF_111",
        "emissive": true,
        "covered": true,
        "isElectric": true,
        "color": "E60000",
        "brightnessAnimations": [
          {
            "animationType": "visibility",
            "variable": "brake",
            "clampMin": 0.01,
            "clampMax": 1.0
          }
        ],
        "blendableComponents": [
          {
            "pos": [-0.96875,0.15625599771738052,-4.09375],
            "axis": [0.0,0.0,-1.0],
            "flareHeight": 0.5625,
            "flareWidth": 0.5625
          },
          {
            "pos": [0.96875,0.15625599771738052,-4.09375],
            "axis": [0.0,0.0,-1.0],
            "flareHeight": 0.5625,
            "flareWidth": 0.5625
          }
        ]
      },
      {
        "objectName": "&RunningLight_ff6600_FFFFF_111",
        "emissive": true,
        "covered": true,
        "isElectric": true,
        "color": "FF6600",
        "brightnessAnimations": [
          {
            "animationType": "visibility",
            "variable": "running_light",
            "clampMin": 1.0,
            "clampMax": 1.0
          }
        ],
        "blendableComponents": [
          {
            "pos": [-9.98377799987793E-7,1.4687440395355225,8.203125],
            "axis": [0.0,0.0,1.0],
            "flareHeight": 0.375,
            "flareWidth": 0.375
          },
          {
            "pos": [0.24999899417161942,1.4687440395355225,8.203125],
            "axis": [0.0,0.0,1.0],
            "flareHeight": 0.37499994,
            "flareWidth": 0.37499994
          },
          {
            "pos": [-0.2500010058283806,1.4687440395355225,8.203125],
            "axis": [0.0,0.0,1.0],
            "flareHeight": 0.37500006,
            "flareWidth": 0.37500006
          },
          {
            "pos": [-9.98377799987793E-7,2.855071544647217,5.7544779777526855],
            "axis": [0.0,0.1736000031232834,0.9847999811172485],
            "flareHeight": 0.375,
            "flareWidth": 0.375
          },
          {
            "pos": [0.24999899417161942,2.855071544647217,5.7544779777526855],
            "axis": [0.0,0.1736000031232834,0.9847999811172485],
            "flareHeight": 0.37499994,
            "flareWidth": 0.37499994
          },
          {
            "pos": [-0.2500010058283806,2.855071544647217,5.7544779777526855],
            "axis": [0.0,0.1736000031232834,0.9847999811172485],
            "flareHeight": 0.37500006,
            "flareWidth": 0.37500006
          },
          {
            "pos": [1.25,0.3437440097332001,8.265625],
            "axis": [0.0,0.0,1.0],
            "flareHeight": 0.375,
            "flareWidth": 0.375
          },
          {
            "pos": [-1.25,0.3437440097332001,8.265625],
            "axis": [0.0,0.0,1.0],
            "flareHeight": 0.375,
            "flareWidth": 0.375
          },
          {
            "pos": [-1.0,0.3437440097332001,8.265625],
            "axis": [0.0,0.0,1.0],
            "flareHeight": 0.375,
            "flareWidth": 0.375
          },
          {
            "pos": [-0.75,0.3437440097332001,8.265625],
            "axis": [0.0,0.0,1.0],
            "flareHeight": 0.375,
            "flareWidth": 0.375
          },
          {
            "pos": [-0.5,0.3437440097332001,8.265625],
            "axis": [0.0,0.0,1.0],
            "flareHeight": 0.375,
            "flareWidth": 0.375
          },
          {
            "pos": [-0.25,0.3437440097332001,8.265625],
            "axis": [0.0,0.0,1.0],
            "flareHeight": 0.375,
            "flareWidth": 0.375
          },
          {
            "pos": [0.0,0.3437440097332001,8.265625],
            "axis": [0.0,0.0,1.0],
            "flareHeight": 0.375,
            "flareWidth": 0.375
          },
          {
            "pos": [0.25,0.3437440097332001,8.265625],
            "axis": [0.0,0.0,1.0],
            "flareHeight": 0.375,
            "flareWidth": 0.375
          },
          {
            "pos": [0.5,0.3437440097332001,8.265625],
            "axis": [0.0,0.0,1.0],
            "flareHeight": 0.375,
            "flareWidth": 0.375
          },
          {
            "pos": [0.75,0.3437440097332001,8.265625],
            "axis": [0.0,0.0,1.0],
            "flareHeight": 0.375,
            "flareWidth": 0.375
          },
          {
            "pos": [1.0,0.3437440097332001,8.265625],
            "axis": [0.0,0.0,1.0],
            "flareHeight": 0.375,
            "flareWidth": 0.375
          }
        ]
      },
      {
        "objectName": "&LeftTurnLight_ff6600_FFC00_111",
        "emissive": true,
        "covered": true,
        "isElectric": true,
        "color": "FF6600",
        "brightnessAnimations": [
          {
            "animationType": "visibility",
            "variable": "left_turn_signal",
            "clampMin": 1.0,
            "clampMax": 1.0
          },
          {
            "animationType": "visibility",
            "variable": "10_10_0_cycle",
            "clampMin": 1.0,
            "clampMax": 1.0
          }
        ],
        "blendableComponents": [
          {
            "pos": [1.375,0.7812439799308777,8.09375],
            "axis": [0.0,0.0,1.0],
            "flareHeight": 0.5625,
            "flareWidth": 0.5625
          },
          {
            "pos": [1.46875,0.15625599771738052,-4.09375],
            "axis": [0.0,0.0,-1.0],
            "flareHeight": 0.5625,
            "flareWidth": 0.5625
          },
          {
            "pos": [1.59375,0.15625599771738052,-4.0],
            "axis": [1.0,0.0,0.0],
            "flareHeight": 0.375,
            "flareWidth": 0.375
          },
          {
            "pos": [0.9062494933605194,1.5937440395355225,5.734375],
            "axis": [0.0,0.0,-1.0],
            "flareHeight": 0.18750304,
            "flareWidth": 0.18750304
          }
        ]
      },
      {
        "objectName": "&RunningLight_FFFFA7_FFFFF_111",
        "emissive": true,
        "covered": true,
        "isElectric": true,
        "color": "FFFFA7",
        "brightnessAnimations": [
          {
            "animationType": "visibility",
            "variable": "running_light",
            "clampMin": 1.0,
            "clampMax": 1.0
          }
        ],
        "blendableComponents": [
          {
            "pos": [1.0625,0.7812439799308777,8.09375],
            "axis": [0.0,0.0,1.0],
            "flareHeight": 0.5625,
            "flareWidth": 0.5625
          },
          {
            "pos": [-1.0625,0.7812439799308777,8.09375],
            "axis": [0.0,0.0,1.0],
            "flareHeight": 0.5625,
            "flareWidth": 0.5625
          },
          {
            "pos": [0.6718744933605194,1.5781190395355225,5.671875],
            "axis": [0.0,0.0,-1.0],
            "flareHeight": 0.18750304,
            "flareWidth": 0.18750304
          },
          {
            "pos": [-0.09375099837779999,2.6562440395355225,5.59375],
            "axis": [-0.4472000002861023,-0.8944000005722046,0.0],
            "flareHeight": 0.375,
            "flareWidth": 0.375
          },
          {
            "pos": [0.09374899975955486,2.6562440395355225,5.59375],
            "axis": [0.4472000002861023,-0.8944000005722046,0.0],
            "flareHeight": 0.375,
            "flareWidth": 0.375
          }
        ]
      },
      {
        "objectName": "&RunningLight_e60000_FFFFF_111",
        "emissive": true,
        "covered": true,
        "isElectric": true,
        "color": "E60000",
        "brightnessAnimations": [
          {
            "animationType": "visibility",
            "variable": "running_light",
            "clampMin": 1.0,
            "clampMax": 1.0
          }
        ],
        "blendableComponents": [
          {
            "pos": [-1.34375,0.15625599771738052,-4.09375],
            "axis": [0.0,0.0,-1.0],
            "flareHeight": 0.5625,
            "flareWidth": 0.5625
          },
          {
            "pos": [1.34375,0.15625599771738052,-4.09375],
            "axis": [0.0,0.0,-1.0],
            "flareHeight": 0.5625,
            "flareWidth": 0.5625
          }
        ]
      },
      {
        "objectName": "&EmergencyLight_ff6600_00F0F_111",
        "emissive": true,
        "covered": true,
        "isElectric": true,
        "color": "FF6600",
        "brightnessAnimations": [
          {
            "animationType": "visibility",
            "variable": "EMERLTS",
            "clampMin": 1.0,
            "clampMax": 1.0
          },
          {
            "animationType": "visibility",
            "variable": "0_4_16_cycle",
            "clampMin": 1.0,
            "clampMax": 1.0
          }
        ],
        "blendableComponents": [
          {
            "pos": [0.5781244933605194,1.5781190395355225,5.671875],
            "axis": [0.0,0.0,-1.0],
            "flareHeight": 0.18750304,
            "flareWidth": 0.18750304
          }
        ]
      },
      {
        "objectName": "&Headlight_FFFFA7_FFFFF_111",
        "emissive": true,
        "covered": true,
        "isElectric": true,
        "color": "FFFFA7",
        "brightnessAnimations": [
          {
            "animationType": "visibility",
            "variable": "headlight",
            "clampMin": 1.0,
            "clampMax": 1.0
          }
        ],
        "blendableComponents": [
          {
            "pos": [1.25,0.7812439799308777,8.09375],
            "axis": [0.0,0.0,1.0],
            "flareHeight": 0.5625,
            "flareWidth": 0.5625,
            "beamDiameter": 12.0,
            "beamLength": 36.0
          },
          {
            "pos": [-1.25,0.7812439799308777,8.09375],
            "axis": [0.0,0.0,1.0],
            "flareHeight": 0.5625,
            "flareWidth": 0.5625,
            "beamDiameter": 12.0,
            "beamLength": 36.0
          }
        ]
      },
      {
        "objectName": "&BackupLight_ffffcc_FFFFF_111",
        "emissive": true,
        "covered": true,
        "isElectric": true,
        "color": "FFFFCC",
        "brightnessAnimations": [
          {
            "animationType": "visibility",
            "variable": "engine_reversed_1",
            "clampMin": 1.0,
            "clampMax": 1.0
          }
        ],
        "blendableComponents": [
          {
            "pos": [-1.15625,0.15625599771738052,-4.09375],
            "axis": [0.0,0.0,-1.0],
            "flareHeight": 0.5625,
            "flareWidth": 0.5625
          },
          {
            "pos": [1.15625,0.15625599771738052,-4.09375],
            "axis": [0.0,0.0,-1.0],
            "flareHeight": 0.5625,
            "flareWidth": 0.5625
          }
        ]
      },
      {
        "objectName": "&RunningLight_ffffcc_FFFFF_111",
        "emissive": true,
        "covered": true,
        "isElectric": true,
        "color": "FFFFCC",
        "brightnessAnimations": [
          {
            "animationType": "visibility",
            "variable": "running_light",
            "clampMin": 1.0,
            "clampMax": 1.0
          }
        ],
        "blendableComponents": [
          {
            "pos": [-0.28125,0.15625599771738052,-4.078125],
            "axis": [0.0,0.0,-1.0],
            "flareHeight": 0.375,
            "flareWidth": 0.375
          },
          {
            "pos": [0.28125,0.15625599771738052,-4.078125],
            "axis": [0.0,0.0,-1.0],
            "flareHeight": 0.375,
            "flareWidth": 0.375
          }
        ]
      }
    ],
    "customVariables": ["EMERLTS"],
    "initialVariables": ["door_fr","door_hood","door_fl"],
    "sounds": [
      {
        "name": "iv_tcp:big_fat_horn_of_doom",
        "activeAnimations": [
          {
            "animationType": "visibility",
            "variable": "horn",
            "clampMin": 1.0,
            "clampMax": 1.0
          }
        ],
        "looping": true
      },
      {
        "name": "mts:air_brake_activating",
        "activeAnimations": [
          {
            "animationType": "visibility",
            "variable": "p_brake",
            "clampMin": 1.0,
            "clampMax": 1.0
          }
        ]
      },
      {
        "name": "mts:backup_beeper",
        "activeAnimations": [
          {
            "animationType": "visibility",
            "variable": "engine_gear_1",
            "clampMin": -10.0,
            "clampMax": -1.0
          }
        ],
        "looping": true
      }
    ],
    "particles": [
      {
        "type": "smoke",
        "transparency": 0.25,
        "toTransparency": 0.25,
        "scale": 1.0,
        "color": "D9D9D9",
        "pos": [1.4375,3.3125,4.125],
        "initialVelocity": [0.0,0.0,-1.0],
        "activeAnimations": [
          {
            "animationType": "visibility",
            "variable": "engine_piston_1_2_cam_1",
            "clampMin": 1.0,
            "clampMax": 1.0
          }
        ]
      },
      {
        "type": "smoke",
        "quantity": 5,
        "scale": 2.5,
        "color": "000000",
        "pos": [1.4375,3.3125,4.125],
        "initialVelocity": [0.0,0.0,-1.0],
        "activeAnimations": [
          {
            "animationType": "visibility",
            "variable": "engine_backfired_1",
            "clampMin": 1.0,
            "clampMax": 1.0
          }
        ]
      },
      {
        "type": "smoke",
        "transparency": 0.25,
        "toTransparency": 0.25,
        "scale": 1.0,
        "color": "D9D9D9",
        "pos": [-1.4375,3.3125,4.125],
        "initialVelocity": [0.0,0.0,-1.0],
        "activeAnimations": [
          {
            "animationType": "visibility",
            "variable": "engine_piston_2_2_cam_1",
            "clampMin": 1.0,
            "clampMax": 1.0
          }
        ]
      },
      {
        "type": "smoke",
        "quantity": 5,
        "scale": 2.5,
        "color": "000000",
        "pos": [-1.4375,3.3125,4.125],
        "initialVelocity": [0.0,0.0,-1.0],
        "activeAnimations": [
          {
            "animationType": "visibility",
            "variable": "engine_backfired_1",
            "clampMin": 1.0,
            "clampMax": 1.0
          }
        ]
      }
    ]
  },
  "general": {
    "description": "Utility Class C Super Heavy Duty Tow Truck\n\nRecommended parts:\nGiant Sized Wheels\nHeavy Duty V10 Engine\nModel 2 Seats",
    "materials": ["minecraft:iron_ingot:0:16","minecraft:iron_block:0:12","minecraft:iron_nugget:0:12","minecraft:glowstone_dust:0:18","minecraft:wool:7:4","minecraft:glass_pane:0:6"]
  }
}
