{
  "motorized": {
    "isRearWheelDrive": true,
    "hasRunningLights": true,
    "hasHeadlights": true,
    "hasTurnSignals": true,
    "emptyMass": 10500,
    "fuelCapacity": 30000,
    "downForce": 0.6,
    "overSteer": 1.5,
    "underSteer": 0.75,
    "overSteerAccel": 1,
    "overSteerDecel": -2,
    "axleRatio": 3.25,
    "brakingFactor": 1.8,
    "maxTiltAngle": -3.0,
    "dragCoefficient": 1.0
  },
  "parts": [
    {
      "pos": [1.5,0.0,0.0],
      "minValue": 0.8,
      "maxValue": 1.1,
      "types": ["ground_wheel"]
    },
    {
      "pos": [-1.5,0.0,0.0],
      "minValue": 0.8,
      "maxValue": 1.1,
      "types": ["ground_wheel"]
    },
    {
      "pos": [1.1875,0.0,0.0],
      "minValue": 0.8,
      "maxValue": 1.1,
      "types": ["ground_wheel"]
    },
    {
      "pos": [-1.1875,0.0,0.0],
      "minValue": 0.8,
      "maxValue": 1.1,
      "types": ["ground_wheel"]
    },
    {
      "pos": [1.5,0.0,7.375],
      "turnsWithSteer": true,
      "minValue": 0.8,
      "maxValue": 1.1,
      "types": ["ground_wheel"],
      "animations": [
        {
          "animationType": "rotation",
          "variable": "rudder",
          "centerPoint": [0.0,0.0,0.0],
          "axis": [0.0,-1.0,0.0]
        }
      ]
    },
    {
      "pos": [-1.5,0.0,7.375],
      "turnsWithSteer": true,
      "minValue": 0.8,
      "maxValue": 1.1,
      "types": ["ground_wheel"],
      "animations": [
        {
          "animationType": "rotation",
          "variable": "rudder",
          "centerPoint": [0.0,0.0,0.0],
          "axis": [0.0,-1.0,0.0]
        }
      ]
    },
    {
      "pos": [0.9375,0.625,8.5625],
      "rot": [0.0,0.0,0.0],
      "dismountPos": [1.9375,0.625,8.5625],
      "isController": true,
      "types": ["seat"],
      "linkedVariables": ["door_f"]
    },
    {
      "pos": [0.5625,0.6875,7.8125],
      "rot": [0.0,180.0,0.0],
      "types": ["seat_bus"],
      "linkedVariables": ["door_s"]
    },
    {
      "pos": [1.125,0.6875,6.625],
      "rot": [0.0,180.0,0.0],
      "types": ["seat_bus"],
      "linkedVariables": ["door_s"]
    },
    {
      "pos": [-1.125,0.6875,6.625],
      "rot": [0.0,180.0,0.0],
      "types": ["seat_bus"],
      "linkedVariables": ["door_s"]
    },
    {
      "pos": [0.375,0.6875,6.625],
      "rot": [0.0,180.0,0.0],
      "types": ["seat_bus"],
      "linkedVariables": ["door_s"]
    },
    {
      "pos": [1.125,0.6875,4.625],
      "rot": [0.0,0.0,0.0],
      "types": ["seat_bus"],
      "linkedVariables": ["door_s"]
    },
    {
      "pos": [-1.125,0.6875,4.625],
      "rot": [0.0,0.0,0.0],
      "types": ["seat_bus"],
      "linkedVariables": ["door_s"]
    },
    {
      "pos": [0.375,0.6875,4.625],
      "rot": [0.0,0.0,0.0],
      "types": ["seat_bus"],
      "linkedVariables": ["door_s"]
    },
    {
      "pos": [1.375,0.6875,4.0625],
      "rot": [0.0,-90.0,0.0],
      "types": ["seat_bus"],
      "linkedVariables": ["door_s"]
    },
    {
      "pos": [1.375,0.6875,3.3125],
      "rot": [0.0,-90.0,0.0],
      "types": ["seat_bus"],
      "linkedVariables": ["door_s"]
    },
    {
      "pos": [1.125,0.6875,2.75],
      "rot": [0.0,180.0,0.0],
      "types": ["seat_bus"],
      "linkedVariables": ["door_s"]
    },
    {
      "pos": [-1.125,0.6875,2.75],
      "rot": [0.0,180.0,0.0],
      "types": ["seat_bus"],
      "linkedVariables": ["door_s"]
    },
    {
      "pos": [0.375,0.6875,2.75],
      "rot": [0.0,180.0,0.0],
      "types": ["seat_bus"],
      "linkedVariables": ["door_s"]
    },
    {
      "pos": [1.125,0.6875,0.75],
      "rot": [0.0,0.0,0.0],
      "types": ["seat_bus"],
      "linkedVariables": ["door_s"]
    },
    {
      "pos": [-1.125,0.6875,0.75],
      "rot": [0.0,0.0,0.0],
      "types": ["seat_bus"],
      "linkedVariables": ["door_s"]
    },
    {
      "pos": [0.375,0.6875,0.75],
      "rot": [0.0,0.0,0.0],
      "types": ["seat_bus"],
      "linkedVariables": ["door_s"]
    },
    {
      "pos": [0.5625,0.6875,0.375],
      "rot": [0.0,180.0,0.0],
      "types": ["seat_bus"],
      "linkedVariables": ["door_s"]
    },
    {
      "pos": [1.125,0.6875,-2.0625],
      "rot": [0.0,0.0,0.0],
      "types": ["seat_bus"],
      "linkedVariables": ["door_s"]
    },
    {
      "pos": [0.375,0.6875,-2.0625],
      "rot": [0.0,0.0,0.0],
      "types": ["seat_bus"],
      "linkedVariables": ["door_s"]
    },
    {
      "pos": [0.5,0.125,-2.8125],
      "rot": [0.0,-90.0,0.0],
      "maxValue": 0.91,
      "types": ["engine_car"],
      "linkedVariables": ["door_hood"]
    },
    {
      "pos": [0.0,2.625,9.625],
      "maxValue": 3.0,
      "types": ["generic_lightbar"]
    },
    {
      "pos": [0.0,2.625,-3.1875],
      "maxValue": 3.0,
      "types": ["generic_lightbar"]
    },
    {
      "pos": [0.0,2.625,9.39063],
      "maxValue": 3.0,
      "types": ["generic_roofdevice"]
    },
    {
      "pos": [-0.8125,0.5625,-3.50625],
      "rot": [0.0,0.0,0.0],
      "maxValue": 1.0,
      "types": ["generic_bumpersticker"]
    },
    {
      "pos": [0.0,0.5625,-3.50625],
      "rot": [0.0,0.0,0.0],
      "maxValue": 1.0,
      "types": ["generic_bumpersticker"]
    },
    {
      "pos": [0.8125,0.5625,-3.50625],
      "rot": [0.0,0.0,0.0],
      "maxValue": 1.0,
      "types": ["generic_bumpersticker"]
    },
    {
      "pos": [1.375,2.625,9.5625],
      "rot": [0.0,0.0,0.0],
      "maxValue": 1.0,
      "types": ["generic_flag_small"]
    },
    {
      "pos": [-1.375,2.625,9.5625],
      "rot": [0.0,0.0,0.0],
      "maxValue": 1.0,
      "types": ["generic_flag_small"]
    },
    {
      "pos": [1.375,2.625,-2.8125],
      "rot": [0.0,0.0,0.0],
      "maxValue": 1.0,
      "types": ["generic_flag_small"]
    },
    {
      "pos": [-1.375,2.625,-2.8125],
      "rot": [0.0,0.0,0.0],
      "maxValue": 1.0,
      "types": ["generic_flag_small"]
    },
    {
      "pos": [0.0,2.375,9.8125],
      "rot": [0.0,0.0,0.0],
      "maxValue": 1.0,
      "types": ["generic_sign_busdestination"]
    },
    {
      "pos": [1.625,2.375,7.375],
      "rot": [0.0,90.0,0.0],
      "maxValue": 1.0,
      "types": ["generic_sign_busdestination"]
    },
    {
      "pos": [-1.625,2.375,7.375],
      "rot": [0.0,-90.0,0.0],
      "inverseMirroring": true,
      "maxValue": 1.0,
      "types": ["generic_sign_busdestination"]
    },
    {
      "pos": [1.625,2.375,0.01],
      "rot": [0.0,90.0,0.0],
      "maxValue": 1.0,
      "types": ["generic_sign_busdestination"]
    },
    {
      "pos": [-1.625,2.375,0.01],
      "rot": [0.0,-90.0,0.0],
      "inverseMirroring": true,
      "maxValue": 1.0,
      "types": ["generic_sign_busdestination"]
    },
    {
      "pos": [0.0,1.75,-3.4375],
      "rot": [0.0,180.0,0.0],
      "maxValue": 1.0,
      "types": ["generic_sign_busdestination"]
    },
    {
      "pos": [0.0,2.34375,9.70313],
      "rot": [0.0,180.0,0.0],
      "maxValue": 1.0,
      "types": ["generic_sign_busdestination"]
    },
    {
      "pos": [0.0,1.46875,-2.3125],
      "rot": [-23.0,0.0,0.0],
      "maxValue": 1.0,
      "types": ["generic_sign_busdestination"]
    },
    {
      "pos": [0.0,-0.03125,9.90688],
      "rot": [0.0,0.0,0.0],
      "maxValue": 3.0,
      "defaultPart": "iv_tpp:plate_gramados",
      "types": ["generic_licenseplate_us","generic_licenseplate_euro"]
    },
    {
      "pos": [0.0,0.28125,-3.53188],
      "rot": [0.0,180.0,0.0],
      "maxValue": 3.0,
      "defaultPart": "iv_tpp:plate_gramados",
      "types": ["generic_licenseplate_us","generic_licenseplate_euro"]
    }
  ],
  "collisionGroups": [
    {
      "isInterior": true,
      "collisions": [
        {
          "pos": [-1.59375,0.90625,8.8125],
          "width": 0.3125,
          "height": 0.125,
          "variableName": "door_f",
          "variableType": "toggle",
          "variableValue": 0.0
        }
      ],
      "animations": [
        {
          "animationType": "translation",
          "variable": "door_f",
          "axis": [-0.125,0.0,-1.4375]
        }
      ]
    },
    {
      "isInterior": true,
      "collisions": [
        {
          "pos": [0.46875,0.96875,9.25],
          "width": 0.3125,
          "height": 0.125,
          "variableName": "door_s",
          "variableType": "toggle",
          "variableValue": 0.0
        }
      ],
      "animations": [
        {
          "animationType": "translation",
          "variable": "door_s",
          "axis": [0.0,0.0,0.0]
        }
      ]
    },
    {
      "isInterior": true,
      "collisions": [
        {
          "pos": [0.0,1.25,-3.375],
          "width": 1.0,
          "height": 0.5,
          "variableName": "door_hood",
          "variableType": "toggle",
          "variableValue": 0.0
        }
      ],
      "animations": [
        {
          "animationType": "translation",
          "variable": "door_hood",
          "axis": [0.0,0.4375,-0.375]
        }
      ]
    },
    {
      "collisions": [
        {
          "pos": [1.5,1.0,0.0],
          "width": 0.125,
          "height": 0.125,
          "variableValue": 0.0
        },
        {
          "pos": [-1.5,1.0,0.0],
          "width": 0.125,
          "height": 0.125,
          "variableValue": 0.0
        },
        {
          "pos": [1.5,1.0,7.375],
          "width": 0.125,
          "height": 0.125,
          "variableValue": 0.0
        },
        {
          "pos": [-1.5,1.0,7.375],
          "width": 0.125,
          "height": 0.125,
          "variableValue": 0.0
        },
        {
          "pos": [0.0,2.5625,-1.0],
          "width": 3.0,
          "height": 0.125,
          "variableValue": 0.0
        },
        {
          "pos": [0.0,2.5625,2.0],
          "width": 3.0,
          "height": 0.125,
          "variableValue": 0.0
        },
        {
          "pos": [0.0,2.5625,5.0],
          "width": 3.0,
          "height": 0.125,
          "variableValue": 0.0
        },
        {
          "pos": [0.0,2.5625,8.0],
          "width": 3.0,
          "height": 0.125,
          "variableValue": 0.0
        }
      ]
    }
  ],
  "connectionGroups": [
    {
      "groupName": "HOOKUP",
      "hookup": true,
      "connections": [
        {
          "type": "tow_bumper_heavy",
          "pos": [0.0,-0.3125,8.0],
          "distance": 0.0
        },
        {
          "type": "tow_wheel_heavy",
          "pos": [0.0,-0.5,7.375],
          "distance": 0.0
        }
      ]
    }
  ],
  "instruments": [
    {
      "pos": [1.125,0.875,9.29625],
      "rot": [0.0,0.0,0.0],
      "scale": 0.015625,
      "hudX": 80,
      "hudY": 36,
      "hudScale": 0.25
    },
    {
      "pos": [1.125,1.03125,9.29625],
      "rot": [0.0,0.0,0.0],
      "scale": 0.015625,
      "hudX": 160,
      "hudY": 36,
      "hudScale": 0.5
    },
    {
      "pos": [0.75,1.03125,9.29625],
      "rot": [0.0,0.0,0.0],
      "scale": 0.015625,
      "hudX": 240,
      "hudY": 36,
      "hudScale": 0.5
    },
    {
      "pos": [0.75,0.875,9.29625],
      "rot": [0.0,0.0,0.0],
      "scale": 0.015625,
      "hudX": 320,
      "hudY": 36,
      "hudScale": 0.25
    }
  ],
  "definitions": [
    {
      "subName": "_forest_g",
      "name": "Trin Transortus TQ3 - forest paint, gray interior",
      "extraMaterials": ["mts:iv_tpp.paint_double_bucket_forest:0:1","minecraft:wool:7:2","minecraft:wool:8:3"]
    },
    {
      "subName": "_redandblack_g",
      "name": "Trin Transortus TQ3 - red & black paint, gray interior",
      "extraMaterials": ["mts:iv_tpp.paint_double_bucket_redandblack:0:1","minecraft:wool:7:2","minecraft:wool:8:3"]
    },
    {
      "subName": "_electricblue_g",
      "name": "Trin Transortus TQ3 - electric blue paint, gray interior",
      "extraMaterials": ["mts:iv_tpp.paint_bucket_electricblue:0:1","minecraft:wool:7:2","minecraft:wool:8:3"]
    }
  ],
  "rendering": {
    "textObjects": [],
    "animatedObjects": [
      {
        "objectName": "$steer",
        "animations": [
          {
            "animationType": "rotation",
            "variable": "rudder",
            "centerPoint": [0.9375,0.96875,9.25],
            "axis": [0.0,0.0,1.0]
          }
        ]
      },
      {
        "objectName": "$gas",
        "animations": [
          {
            "animationType": "rotation",
            "variable": "throttle",
            "centerPoint": [0.0,0.59375,9.48438],
            "axis": [-30.0,0.0,0.0]
          }
        ]
      },
      {
        "objectName": "$brake",
        "animations": [
          {
            "animationType": "rotation",
            "variable": "brake",
            "centerPoint": [0.0,0.59375,9.48438],
            "axis": [-30.0,0.0,0.0]
          }
        ]
      },
      {
        "objectName": "$p_brake",
        "animations": [
          {
            "animationType": "rotation",
            "variable": "p_brake",
            "centerPoint": [0.0,0.5,9.0625],
            "axis": [-30.0,0.0,0.0]
          }
        ]
      },
      {
        "objectName": "$shift",
        "animations": [
          {
            "animationType": "rotation",
            "variable": "engine_gearshift_1",
            "centerPoint": [0.0,0.5,8.71875],
            "axis": [1.0,0.0,0.0]
          }
        ]
      },
      {
        "objectName": "$%door_frontR",
        "animations": [
          {
            "animationType": "translation",
            "variable": "door_f",
            "axis": [-0.09375,0.0,-1.4375],
            "duration": 30,
            "forwardsStartSound": "iv_tpp:busdooropen",
            "reverseStartSound": "iv_tpp:busdoorclose"
          }
        ]
      },
      {
        "objectName": "$%door_frontL",
        "applyAfter": "$%door_frontR",
        "animations": []
      },
      {
        "objectName": "$%door_frontLD_window",
        "applyAfter": "$%door_frontR",
        "animations": []
      },
      {
        "objectName": "$%door_frontLU_window",
        "applyAfter": "$%door_frontR",
        "animations": []
      },
      {
        "objectName": "$%door_frontRU_window",
        "applyAfter": "$%door_frontR",
        "animations": []
      },
      {
        "objectName": "$%door_frontRD_window",
        "applyAfter": "$%door_frontR",
        "animations": []
      },
      {
        "objectName": "%door_side_R",
        "animations": [
          {
            "animationType": "translation",
            "variable": "door_s",
            "axis": [-0.09375,0.0,0.71875],
            "duration": 30,
            "forwardsStartSound": "iv_tpp:busdooropen",
            "reverseStartSound": "iv_tpp:busdoorclose"
          }
        ]
      },
      {
        "objectName": "%doorF_side_R_window_U",
        "applyAfter": "%door_side_R",
        "animations": []
      },
      {
        "objectName": "%doorF_side_R_window_D",
        "applyAfter": "%door_side_R",
        "animations": []
      },
      {
        "objectName": "%doorR_side_R_window_U",
        "applyAfter": "%door_side_R",
        "animations": []
      },
      {
        "objectName": "%doorR_side_R_window_D",
        "applyAfter": "%door_side_R",
        "animations": []
      },
      {
        "objectName": "%door_side_L",
        "animations": [
          {
            "animationType": "translation",
            "variable": "door_s",
            "axis": [-0.09375,0.0,-0.71875],
            "duration": 30,
            "forwardsStartSound": "iv_tpp:busdooropen",
            "reverseStartSound": "iv_tpp:busdoorclose"
          }
        ]
      },
      {
        "objectName": "%doorF_side_L_window_U",
        "applyAfter": "%door_side_L",
        "animations": []
      },
      {
        "objectName": "%doorF_side_L_window_D",
        "applyAfter": "%door_side_L",
        "animations": []
      },
      {
        "objectName": "%doorR_side_L_window_U",
        "applyAfter": "%door_side_L",
        "animations": []
      },
      {
        "objectName": "%doorR_side_L_window_D",
        "applyAfter": "%door_side_L",
        "animations": []
      },
      {
        "objectName": "$hood",
        "animations": [
          {
            "animationType": "rotation",
            "variable": "door_hood",
            "centerPoint": [0.0,1.5,-3.4375],
            "axis": [120.0,0.0,0.0],
            "duration": 20,
            "forwardsStartSound": "iv_tpp:hoodopen",
            "reverseStartSound": "iv_tpp:hoodclose"
          }
        ]
      }
    ],
    "lightObjects": [
      {
        "objectName": "&RunningLight_FFFFA7_FFFFF_111",
        "emissive": true,
        "covered": true,
        "isElectric": true,
        "color": "FFFFA7",
        "brightnessAnimations": [
          {
            "animationType": "visibility",
            "variable": "running_light",
            "clampMin": 1.0,
            "clampMax": 1.0
          }
        ],
        "blendableComponents": [
          {
            "pos": [1.40625,0.4531190097332001,9.8125],
            "axis": [0.0,0.0,1.0],
            "flareHeight": 0.5625,
            "flareWidth": 0.5625
          },
          {
            "pos": [1.53125,0.5468689948320389,9.796875],
            "axis": [0.0,0.0,1.0],
            "flareHeight": 0.5625,
            "flareWidth": 0.5625
          },
          {
            "pos": [1.53125,0.4531190097332001,9.796875],
            "axis": [0.0,0.0,1.0],
            "flareHeight": 0.5625,
            "flareWidth": 0.5625
          },
          {
            "pos": [1.65625,0.5468689948320389,9.765625],
            "axis": [0.707099974155426,0.0,0.707099974155426],
            "flareHeight": 0.2812499,
            "flareWidth": 0.2812499
          },
          {
            "pos": [1.6953125,0.5312439948320389,9.703125],
            "axis": [0.9700999855995178,0.0,0.24250000715255737],
            "flareHeight": 0.3749999,
            "flareWidth": 0.3749999
          },
          {
            "pos": [-1.40625,0.4531190097332001,9.8125],
            "axis": [0.0,0.0,1.0],
            "flareHeight": 0.5625,
            "flareWidth": 0.5625
          },
          {
            "pos": [-1.53125,0.4531190097332001,9.796875],
            "axis": [0.0,0.0,1.0],
            "flareHeight": 0.5625,
            "flareWidth": 0.5625
          },
          {
            "pos": [-1.53125,0.5468689948320389,9.796875],
            "axis": [0.0,0.0,1.0],
            "flareHeight": 0.5625,
            "flareWidth": 0.5625
          },
          {
            "pos": [-1.65625,0.5468689948320389,9.765625],
            "axis": [-0.707099974155426,0.0,0.707099974155426],
            "flareHeight": 0.2812499,
            "flareWidth": 0.2812499
          },
          {
            "pos": [-1.6953125,0.5312439948320389,9.703125],
            "axis": [-0.9700999855995178,0.0,0.24250000715255737],
            "flareHeight": 0.3749999,
            "flareWidth": 0.3749999
          },
          {
            "pos": [-1.640625,2.25,-1.4375],
            "axis": [-1.0,0.0,0.0],
            "flareHeight": 0.5625,
            "flareWidth": 0.5625
          },
          {
            "pos": [-1.6406254768371582,2.249998450279236,3.6875],
            "axis": [-1.0,0.0,0.0],
            "flareHeight": 0.5625,
            "flareWidth": 0.5625
          },
          {
            "pos": [-1.6406259536743164,2.2499969005584717,8.8125],
            "axis": [-1.0,0.0,0.0],
            "flareHeight": 0.5625,
            "flareWidth": 0.5625
          },
          {
            "pos": [1.2499990463256836,1.0781190395355225,9.296875],
            "axis": [0.0,0.0,-1.0],
            "flareHeight": 0.1875,
            "flareWidth": 0.1875
          },
          {
            "pos": [-0.7904939949512482,2.4898619651794434,-3.15625],
            "axis": [-0.8828999996185303,-0.46950000524520874,0.0],
            "flareHeight": 0.9375,
            "flareWidth": 0.9375
          },
          {
            "pos": [0.790492981672287,2.4898619651794434,-3.15625],
            "axis": [0.8828999996185303,-0.46950000524520874,0.0],
            "flareHeight": 0.9375,
            "flareWidth": 0.9375
          },
          {
            "pos": [0.790492981672287,2.4898619651794434,-2.78125],
            "axis": [0.8828999996185303,-0.46950000524520874,0.0],
            "flareHeight": 0.9375,
            "flareWidth": 0.9375
          },
          {
            "pos": [-0.7904939949512482,2.4898619651794434,-2.78125],
            "axis": [-0.8828999996185303,-0.46950000524520874,0.0],
            "flareHeight": 0.9375,
            "flareWidth": 0.9375
          },
          {
            "pos": [0.790492981672287,2.4898619651794434,-2.03125],
            "axis": [0.8828999996185303,-0.46950000524520874,0.0],
            "flareHeight": 0.9375,
            "flareWidth": 0.9375
          },
          {
            "pos": [-0.7904939949512482,2.4898619651794434,-2.03125],
            "axis": [-0.8828999996185303,-0.46950000524520874,0.0],
            "flareHeight": 0.9375,
            "flareWidth": 0.9375
          },
          {
            "pos": [-0.7904939949512482,2.4898619651794434,-2.40625],
            "axis": [-0.8828999996185303,-0.46950000524520874,0.0],
            "flareHeight": 0.9375,
            "flareWidth": 0.9375
          },
          {
            "pos": [0.790492981672287,2.4898619651794434,-2.40625],
            "axis": [0.8828999996185303,-0.46950000524520874,0.0],
            "flareHeight": 0.9375,
            "flareWidth": 0.9375
          },
          {
            "pos": [0.790492981672287,2.4898619651794434,-0.53125],
            "axis": [0.8828999996185303,-0.46950000524520874,0.0],
            "flareHeight": 0.9375,
            "flareWidth": 0.9375
          },
          {
            "pos": [-0.7904939949512482,2.4898619651794434,-0.53125],
            "axis": [-0.8828999996185303,-0.46950000524520874,0.0],
            "flareHeight": 0.9375,
            "flareWidth": 0.9375
          },
          {
            "pos": [-0.7904939949512482,2.4898619651794434,-0.90625],
            "axis": [-0.8828999996185303,-0.46950000524520874,0.0],
            "flareHeight": 0.9375,
            "flareWidth": 0.9375
          },
          {
            "pos": [0.790492981672287,2.4898619651794434,-0.90625],
            "axis": [0.8828999996185303,-0.46950000524520874,0.0],
            "flareHeight": 0.9375,
            "flareWidth": 0.9375
          },
          {
            "pos": [0.790492981672287,2.4898619651794434,-1.28125],
            "axis": [0.8828999996185303,-0.46950000524520874,0.0],
            "flareHeight": 0.9375,
            "flareWidth": 0.9375
          },
          {
            "pos": [0.790492981672287,2.4898619651794434,-1.65625],
            "axis": [0.8828999996185303,-0.46950000524520874,0.0],
            "flareHeight": 0.9375,
            "flareWidth": 0.9375
          },
          {
            "pos": [-0.7904939949512482,2.4898619651794434,-1.28125],
            "axis": [-0.8828999996185303,-0.46950000524520874,0.0],
            "flareHeight": 0.9375,
            "flareWidth": 0.9375
          },
          {
            "pos": [-0.7904939949512482,2.4898619651794434,-1.65625],
            "axis": [-0.8828999996185303,-0.46950000524520874,0.0],
            "flareHeight": 0.9375,
            "flareWidth": 0.9375
          },
          {
            "pos": [0.790492981672287,2.489861011505127,2.46875],
            "axis": [0.8828999996185303,-0.46950000524520874,0.0],
            "flareHeight": 0.9375,
            "flareWidth": 0.9375
          },
          {
            "pos": [-0.7904939949512482,2.489861011505127,2.46875],
            "axis": [-0.8828999996185303,-0.46950000524520874,0.0],
            "flareHeight": 0.9375,
            "flareWidth": 0.9375
          },
          {
            "pos": [-0.7904939949512482,2.4898619651794434,2.09375],
            "axis": [-0.8828999996185303,-0.46950000524520874,0.0],
            "flareHeight": 0.9375,
            "flareWidth": 0.9375
          },
          {
            "pos": [0.790492981672287,2.4898619651794434,2.09375],
            "axis": [0.8828999996185303,-0.46950000524520874,0.0],
            "flareHeight": 0.9375,
            "flareWidth": 0.9375
          },
          {
            "pos": [0.790492981672287,2.4898619651794434,1.71875],
            "axis": [0.8828999996185303,-0.46950000524520874,0.0],
            "flareHeight": 0.9375,
            "flareWidth": 0.9375
          },
          {
            "pos": [0.790492981672287,2.4898619651794434,1.34375],
            "axis": [0.8828999996185303,-0.46950000524520874,0.0],
            "flareHeight": 0.9375,
            "flareWidth": 0.9375
          },
          {
            "pos": [-0.7904939949512482,2.4898619651794434,1.71875],
            "axis": [-0.8828999996185303,-0.46950000524520874,0.0],
            "flareHeight": 0.9375,
            "flareWidth": 0.9375
          },
          {
            "pos": [-0.7904939949512482,2.4898619651794434,1.34375],
            "axis": [-0.8828999996185303,-0.46950000524520874,0.0],
            "flareHeight": 0.9375,
            "flareWidth": 0.9375
          },
          {
            "pos": [-0.7904939949512482,2.4898619651794434,0.96875],
            "axis": [-0.8828999996185303,-0.46950000524520874,0.0],
            "flareHeight": 0.9375,
            "flareWidth": 0.9375
          },
          {
            "pos": [-0.7904939949512482,2.4898619651794434,0.59375],
            "axis": [-0.8828999996185303,-0.46950000524520874,0.0],
            "flareHeight": 0.9375,
            "flareWidth": 0.9375
          },
          {
            "pos": [-0.7904939949512482,2.4898619651794434,0.21875],
            "axis": [-0.8828999996185303,-0.46950000524520874,0.0],
            "flareHeight": 0.9375,
            "flareWidth": 0.9375
          },
          {
            "pos": [-0.7904939949512482,2.4898619651794434,-0.15625],
            "axis": [-0.8828999996185303,-0.46950000524520874,0.0],
            "flareHeight": 0.9375,
            "flareWidth": 0.9375
          },
          {
            "pos": [0.790492981672287,2.4898619651794434,-0.15625],
            "axis": [0.8828999996185303,-0.46950000524520874,0.0],
            "flareHeight": 0.9375,
            "flareWidth": 0.9375
          },
          {
            "pos": [0.790492981672287,2.4898619651794434,0.21875],
            "axis": [0.8828999996185303,-0.46950000524520874,0.0],
            "flareHeight": 0.9375,
            "flareWidth": 0.9375
          },
          {
            "pos": [0.790492981672287,2.4898619651794434,0.59375],
            "axis": [0.8828999996185303,-0.46950000524520874,0.0],
            "flareHeight": 0.9375,
            "flareWidth": 0.9375
          },
          {
            "pos": [0.790492981672287,2.4898619651794434,0.96875],
            "axis": [0.8828999996185303,-0.46950000524520874,0.0],
            "flareHeight": 0.9375,
            "flareWidth": 0.9375
          },
          {
            "pos": [0.790492981672287,2.4898589849472046,5.46875],
            "axis": [0.8828999996185303,-0.46950000524520874,0.0],
            "flareHeight": 0.9375,
            "flareWidth": 0.9375
          },
          {
            "pos": [-0.7904939949512482,2.4898589849472046,5.46875],
            "axis": [-0.8828999996185303,-0.46950000524520874,0.0],
            "flareHeight": 0.9375,
            "flareWidth": 0.9375
          },
          {
            "pos": [-0.7904939949512482,2.4898589849472046,5.09375],
            "axis": [-0.8828999996185303,-0.46950000524520874,0.0],
            "flareHeight": 0.9375,
            "flareWidth": 0.9375
          },
          {
            "pos": [0.790492981672287,2.4898589849472046,5.09375],
            "axis": [0.8828999996185303,-0.46950000524520874,0.0],
            "flareHeight": 0.9375,
            "flareWidth": 0.9375
          },
          {
            "pos": [0.790492981672287,2.4898589849472046,4.71875],
            "axis": [0.8828999996185303,-0.46950000524520874,0.0],
            "flareHeight": 0.9375,
            "flareWidth": 0.9375
          },
          {
            "pos": [0.790492981672287,2.4898589849472046,4.34375],
            "axis": [0.8828999996185303,-0.46950000524520874,0.0],
            "flareHeight": 0.9375,
            "flareWidth": 0.9375
          },
          {
            "pos": [-0.7904939949512482,2.4898589849472046,4.71875],
            "axis": [-0.8828999996185303,-0.46950000524520874,0.0],
            "flareHeight": 0.9375,
            "flareWidth": 0.9375
          },
          {
            "pos": [-0.7904939949512482,2.4898589849472046,4.34375],
            "axis": [-0.8828999996185303,-0.46950000524520874,0.0],
            "flareHeight": 0.9375,
            "flareWidth": 0.9375
          },
          {
            "pos": [-0.7904939949512482,2.4898589849472046,3.96875],
            "axis": [-0.8828999996185303,-0.46950000524520874,0.0],
            "flareHeight": 0.9375,
            "flareWidth": 0.9375
          },
          {
            "pos": [-0.7904939949512482,2.489859461784363,3.59375],
            "axis": [-0.8828999996185303,-0.46950000524520874,0.0],
            "flareHeight": 0.9375,
            "flareWidth": 0.9375
          },
          {
            "pos": [-0.7904939949512482,2.489861011505127,3.21875],
            "axis": [-0.8828999996185303,-0.46950000524520874,0.0],
            "flareHeight": 0.9375,
            "flareWidth": 0.9375
          },
          {
            "pos": [-0.7904939949512482,2.489861011505127,2.84375],
            "axis": [-0.8828999996185303,-0.46950000524520874,0.0],
            "flareHeight": 0.9375,
            "flareWidth": 0.9375
          },
          {
            "pos": [0.790492981672287,2.489861011505127,2.84375],
            "axis": [0.8828999996185303,-0.46950000524520874,0.0],
            "flareHeight": 0.9375,
            "flareWidth": 0.9375
          },
          {
            "pos": [0.790492981672287,2.489861011505127,3.21875],
            "axis": [0.8828999996185303,-0.46950000524520874,0.0],
            "flareHeight": 0.9375,
            "flareWidth": 0.9375
          },
          {
            "pos": [0.790492981672287,2.489859461784363,3.59375],
            "axis": [0.8828999996185303,-0.46950000524520874,0.0],
            "flareHeight": 0.9375,
            "flareWidth": 0.9375
          },
          {
            "pos": [0.790492981672287,2.4898589849472046,3.96875],
            "axis": [0.8828999996185303,-0.46950000524520874,0.0],
            "flareHeight": 0.9375,
            "flareWidth": 0.9375
          },
          {
            "pos": [-0.7904939949512482,2.4898585081100464,8.46875],
            "axis": [-0.8828999996185303,-0.46950000524520874,0.0],
            "flareHeight": 0.9375,
            "flareWidth": 0.9375
          },
          {
            "pos": [-0.7904939949512482,2.4898589849472046,8.09375],
            "axis": [-0.8828999996185303,-0.46950000524520874,0.0],
            "flareHeight": 0.9375,
            "flareWidth": 0.9375
          },
          {
            "pos": [0.790492981672287,2.4898589849472046,7.71875],
            "axis": [0.8828999996185303,-0.46950000524520874,0.0],
            "flareHeight": 0.9375,
            "flareWidth": 0.9375
          },
          {
            "pos": [0.790492981672287,2.4898589849472046,7.34375],
            "axis": [0.8828999996185303,-0.46950000524520874,0.0],
            "flareHeight": 0.9375,
            "flareWidth": 0.9375
          },
          {
            "pos": [-0.7904939949512482,2.4898589849472046,7.71875],
            "axis": [-0.8828999996185303,-0.46950000524520874,0.0],
            "flareHeight": 0.9375,
            "flareWidth": 0.9375
          },
          {
            "pos": [-0.7904939949512482,2.4898589849472046,7.34375],
            "axis": [-0.8828999996185303,-0.46950000524520874,0.0],
            "flareHeight": 0.9375,
            "flareWidth": 0.9375
          },
          {
            "pos": [-0.7904939949512482,2.4898589849472046,6.96875],
            "axis": [-0.8828999996185303,-0.46950000524520874,0.0],
            "flareHeight": 0.9375,
            "flareWidth": 0.9375
          },
          {
            "pos": [-0.7904939949512482,2.4898589849472046,6.59375],
            "axis": [-0.8828999996185303,-0.46950000524520874,0.0],
            "flareHeight": 0.9375,
            "flareWidth": 0.9375
          },
          {
            "pos": [-0.7904939949512482,2.4898589849472046,6.21875],
            "axis": [-0.8828999996185303,-0.46950000524520874,0.0],
            "flareHeight": 0.9375,
            "flareWidth": 0.9375
          },
          {
            "pos": [-0.7904939949512482,2.4898589849472046,5.84375],
            "axis": [-0.8828999996185303,-0.46950000524520874,0.0],
            "flareHeight": 0.9375,
            "flareWidth": 0.9375
          },
          {
            "pos": [0.790492981672287,2.4898589849472046,5.84375],
            "axis": [0.8828999996185303,-0.46950000524520874,0.0],
            "flareHeight": 0.9375,
            "flareWidth": 0.9375
          },
          {
            "pos": [0.790492981672287,2.4898589849472046,6.21875],
            "axis": [0.8828999996185303,-0.46950000524520874,0.0],
            "flareHeight": 0.9375,
            "flareWidth": 0.9375
          },
          {
            "pos": [0.790492981672287,2.4898589849472046,6.59375],
            "axis": [0.8828999996185303,-0.46950000524520874,0.0],
            "flareHeight": 0.9375,
            "flareWidth": 0.9375
          },
          {
            "pos": [0.790492981672287,2.4898589849472046,6.96875],
            "axis": [0.8828999996185303,-0.46950000524520874,0.0],
            "flareHeight": 0.9375,
            "flareWidth": 0.9375
          },
          {
            "pos": [-0.7904939949512482,2.4898585081100464,8.84375],
            "axis": [-0.8828999996185303,-0.46950000524520874,0.0],
            "flareHeight": 0.9375,
            "flareWidth": 0.9375
          },
          {
            "pos": [-0.7904939949512482,2.4898585081100464,9.21875],
            "axis": [-0.8828999996185303,-0.46950000524520874,0.0],
            "flareHeight": 0.9375,
            "flareWidth": 0.9375
          }
        ]
      },
      {
        "objectName": "&BackupLight_ffffcc_FFFFF_111",
        "emissive": true,
        "covered": true,
        "isElectric": true,
        "color": "FFFFCC",
        "brightnessAnimations": [
          {
            "animationType": "visibility",
            "variable": "engine_reversed_1",
            "clampMin": 1.0,
            "clampMax": 1.0
          }
        ],
        "blendableComponents": [
          {
            "pos": [1.34375,0.7812529802322388,-3.515625],
            "axis": [0.0,0.0,-1.0],
            "flareHeight": 0.5625,
            "flareWidth": 0.5625
          },
          {
            "pos": [-1.34375,0.7812529802322388,-3.515625],
            "axis": [0.0,0.0,-1.0],
            "flareHeight": 0.5625,
            "flareWidth": 0.5625
          }
        ]
      },
      {
        "objectName": "&EmergencyLight_ff6600_00F0F_111",
        "emissive": true,
        "covered": true,
        "isElectric": true,
        "color": "FF6600",
        "brightnessAnimations": [
          {
            "animationType": "visibility",
            "variable": "EMERLTS",
            "clampMin": 1.0,
            "clampMax": 1.0
          },
          {
            "animationType": "visibility",
            "variable": "0_4_16_cycle",
            "clampMin": 1.0,
            "clampMax": 1.0
          }
        ],
        "blendableComponents": [
          {
            "pos": [1.2499990463256836,0.9999950230121613,9.296875],
            "axis": [0.0,0.0,-1.0],
            "flareHeight": 0.1875,
            "flareWidth": 0.1875
          }
        ]
      },
      {
        "objectName": "&RunningLight_e60000_FFFFF_111",
        "emissive": true,
        "covered": true,
        "isElectric": true,
        "color": "E60000",
        "brightnessAnimations": [
          {
            "animationType": "visibility",
            "variable": "running_light",
            "clampMin": 1.0,
            "clampMax": 1.0
          }
        ],
        "blendableComponents": [
          {
            "pos": [1.53125,0.7812529802322388,-3.515625],
            "axis": [0.0,0.0,-1.0],
            "flareHeight": 0.5625,
            "flareWidth": 0.5625
          },
          {
            "pos": [1.21875,0.7187529802322388,-3.515625],
            "axis": [0.0,0.0,-1.0],
            "flareHeight": 0.75,
            "flareWidth": 0.75
          },
          {
            "pos": [1.65625,0.7500029802322388,-3.484375],
            "axis": [0.707099974155426,0.0,-0.707099974155426],
            "flareHeight": 0.5625,
            "flareWidth": 0.5625
          },
          {
            "pos": [-1.65625,0.7500029802322388,-3.484375],
            "axis": [-0.707099974155426,0.0,-0.707099974155426],
            "flareHeight": 0.5625,
            "flareWidth": 0.5625
          },
          {
            "pos": [-1.53125,0.7812529802322388,-3.515625],
            "axis": [0.0,0.0,-1.0],
            "flareHeight": 0.5625,
            "flareWidth": 0.5625
          },
          {
            "pos": [-1.21875,0.7187529802322388,-3.515625],
            "axis": [0.0,0.0,-1.0],
            "flareHeight": 0.75,
            "flareWidth": 0.75
          }
        ]
      },
      {
        "objectName": "&RunningLight_ff6600_FFFFF_111",
        "emissive": true,
        "covered": true,
        "isElectric": true,
        "color": "FF6600",
        "brightnessAnimations": [
          {
            "animationType": "visibility",
            "variable": "running_light",
            "clampMin": 1.0,
            "clampMax": 1.0
          }
        ],
        "blendableComponents": [
          {
            "pos": [-9.98377799987793E-7,0.8749939799308777,9.890625],
            "axis": [0.0,0.0,1.0],
            "flareHeight": 0.375,
            "flareWidth": 0.375
          },
          {
            "pos": [0.24999899417161942,0.8749939799308777,9.890625],
            "axis": [0.0,0.0,1.0],
            "flareHeight": 0.37499994,
            "flareWidth": 0.37499994
          },
          {
            "pos": [-0.2500010058283806,0.8749939799308777,9.890625],
            "axis": [0.0,0.0,1.0],
            "flareHeight": 0.37500006,
            "flareWidth": 0.37500006
          },
          {
            "pos": [0.25,2.5,-3.453125],
            "axis": [0.0,0.0,-1.0],
            "flareHeight": 0.375,
            "flareWidth": 0.375
          },
          {
            "pos": [0.0,2.5,-3.453125],
            "axis": [0.0,0.0,-1.0],
            "flareHeight": 0.375,
            "flareWidth": 0.375
          },
          {
            "pos": [-0.25,2.5,-3.453125],
            "axis": [0.0,0.0,-1.0],
            "flareHeight": 0.375,
            "flareWidth": 0.375
          }
        ]
      },
      {
        "objectName": "&LeftTurnLight_ff6600_FFC00_111",
        "emissive": true,
        "covered": true,
        "isElectric": true,
        "color": "FF6600",
        "brightnessAnimations": [
          {
            "animationType": "visibility",
            "variable": "left_turn_signal",
            "clampMin": 1.0,
            "clampMax": 1.0
          },
          {
            "animationType": "visibility",
            "variable": "10_10_0_cycle",
            "clampMin": 1.0,
            "clampMax": 1.0
          }
        ],
        "blendableComponents": [
          {
            "pos": [1.65625,0.4531190097332001,9.765625],
            "axis": [0.707099974155426,0.0,0.707099974155426],
            "flareHeight": 0.28125,
            "flareWidth": 0.28125
          },
          {
            "pos": [1.703125,0.5312439948320389,9.640625],
            "axis": [1.0,0.0,0.0],
            "flareHeight": 0.3749999,
            "flareWidth": 0.3749999
          },
          {
            "pos": [1.6953125,0.5312439948320389,9.578125],
            "axis": [0.9700999855995178,0.0,-0.24250000715255737],
            "flareHeight": 0.1875,
            "flareWidth": 0.1875
          },
          {
            "pos": [1.703125,0.8437470197677612,7.34375],
            "axis": [1.0,0.0,0.0],
            "flareHeight": 0.28125,
            "flareWidth": 0.28125
          },
          {
            "pos": [1.6953125,0.8437470197677612,7.28125],
            "axis": [0.9700999855995178,0.0,-0.24250000715255737],
            "flareHeight": 0.1875,
            "flareWidth": 0.1875
          },
          {
            "pos": [1.703125,0.8437470197677612,7.40625],
            "axis": [1.0,0.0,0.0],
            "flareHeight": 0.28125,
            "flareWidth": 0.28125
          },
          {
            "pos": [1.6953125,0.8437470197677612,7.46875],
            "axis": [0.9700999855995178,0.0,0.24250000715255737],
            "flareHeight": 0.1875,
            "flareWidth": 0.1875
          },
          {
            "pos": [1.703125,0.84375,0.03125],
            "axis": [1.0,0.0,0.0],
            "flareHeight": 0.28125,
            "flareWidth": 0.28125
          },
          {
            "pos": [1.6953125,0.84375,0.09375],
            "axis": [0.9700999855995178,0.0,0.24250000715255737],
            "flareHeight": 0.1875,
            "flareWidth": 0.1875
          },
          {
            "pos": [1.703125,0.84375,-0.03125],
            "axis": [1.0,0.0,0.0],
            "flareHeight": 0.28125,
            "flareWidth": 0.28125
          },
          {
            "pos": [1.6953125,0.84375,-0.09375],
            "axis": [0.9700999855995178,0.0,-0.24250000715255737],
            "flareHeight": 0.1875,
            "flareWidth": 0.1875
          },
          {
            "pos": [1.5625,0.6875029802322388,-3.515625],
            "axis": [0.0,0.0,-1.0],
            "flareHeight": 0.375,
            "flareWidth": 0.375
          },
          {
            "pos": [1.6953125,0.7500029802322388,-3.421875],
            "axis": [0.9700999855995178,0.0,-0.24250000715255737],
            "flareHeight": 0.5625,
            "flareWidth": 0.5625
          },
          {
            "pos": [1.703125,0.7500029802322388,-3.359375],
            "axis": [1.0,0.0,0.0],
            "flareHeight": 0.5625,
            "flareWidth": 0.5625
          },
          {
            "pos": [1.6953125,0.7500029802322388,-3.296875],
            "axis": [0.9700999855995178,0.0,0.24250000715255737],
            "flareHeight": 0.375,
            "flareWidth": 0.375
          },
          {
            "pos": [0.9843740165233612,1.0781190395355225,9.296875],
            "axis": [0.0,0.0,-1.0],
            "flareHeight": 0.18750018,
            "flareWidth": 0.18750018
          }
        ]
      },
      {
        "objectName": "&RunningLight_ffffcc_FFFFF_111",
        "emissive": true,
        "covered": true,
        "isElectric": true,
        "color": "FFFFCC",
        "brightnessAnimations": [
          {
            "animationType": "visibility",
            "variable": "running_light",
            "clampMin": 1.0,
            "clampMax": 1.0
          }
        ],
        "blendableComponents": [
          {
            "pos": [1.375,-0.06250600516796112,9.8125],
            "axis": [0.0,0.0,1.0],
            "flareHeight": 0.375,
            "flareWidth": 0.375
          },
          {
            "pos": [-1.375,-0.06250600516796112,9.8125],
            "axis": [0.0,0.0,1.0],
            "flareHeight": 0.375,
            "flareWidth": 0.375
          }
        ]
      },
      {
        "objectName": "&BrakeLight_e60000_FFFFF_111",
        "emissive": true,
        "covered": true,
        "isElectric": true,
        "color": "E60000",
        "brightnessAnimations": [
          {
            "animationType": "visibility",
            "variable": "brake",
            "clampMin": 0.01,
            "clampMax": 1.0
          }
        ],
        "blendableComponents": [
          {
            "pos": [1.375,0.6562529802322388,-3.515625],
            "axis": [0.0,0.0,-1.0],
            "flareHeight": 0.75,
            "flareWidth": 0.75
          },
          {
            "pos": [-1.375,0.6562529802322388,-3.515625],
            "axis": [0.0,0.0,-1.0],
            "flareHeight": 0.75,
            "flareWidth": 0.75
          },
          {
            "pos": [0.0,0.8750029802322388,-3.515625],
            "axis": [0.0,0.0,-1.0],
            "flareHeight": 1.125,
            "flareWidth": 1.125
          }
        ]
      },
      {
        "objectName": "&Headlight_FFFFA7_FFFFF_111",
        "emissive": true,
        "covered": true,
        "isElectric": true,
        "color": "FFFFA7",
        "brightnessAnimations": [
          {
            "animationType": "visibility",
            "variable": "headlight",
            "clampMin": 1.0,
            "clampMax": 1.0
          }
        ],
        "blendableComponents": [
          {
            "pos": [1.40625,0.5468689948320389,9.8125],
            "axis": [0.0,0.0,1.0],
            "flareHeight": 0.5625,
            "flareWidth": 0.5625,
            "beamDiameter": 12.0,
            "beamLength": 36.0
          },
          {
            "pos": [-1.40625,0.5468689948320389,9.8125],
            "axis": [0.0,0.0,1.0],
            "flareHeight": 0.5625,
            "flareWidth": 0.5625,
            "beamDiameter": 12.0,
            "beamLength": 36.0
          }
        ]
      },
      {
        "objectName": "&RightTurnLight_ff6600_FFC00_111",
        "emissive": true,
        "covered": true,
        "isElectric": true,
        "color": "FF6600",
        "brightnessAnimations": [
          {
            "animationType": "visibility",
            "variable": "right_turn_signal",
            "clampMin": 1.0,
            "clampMax": 1.0
          },
          {
            "animationType": "visibility",
            "variable": "10_10_0_cycle",
            "clampMin": 1.0,
            "clampMax": 1.0
          }
        ],
        "blendableComponents": [
          {
            "pos": [-1.65625,0.4531190097332001,9.765625],
            "axis": [-0.707099974155426,0.0,0.707099974155426],
            "flareHeight": 0.28125,
            "flareWidth": 0.28125
          },
          {
            "pos": [-1.703125,0.5312439948320389,9.640625],
            "axis": [-1.0,0.0,0.0],
            "flareHeight": 0.3749999,
            "flareWidth": 0.3749999
          },
          {
            "pos": [-1.6953125,0.5312439948320389,9.5859375],
            "axis": [-0.9487000107765198,0.0,-0.31619998812675476],
            "flareHeight": 0.18749991,
            "flareWidth": 0.18749991
          },
          {
            "pos": [-1.703125,0.84375,0.03125],
            "axis": [-1.0,0.0,0.0],
            "flareHeight": 0.28125,
            "flareWidth": 0.28125
          },
          {
            "pos": [-1.6953125,0.84375,0.09375],
            "axis": [-0.9700999855995178,-0.0,0.24250000715255737],
            "flareHeight": 0.1875,
            "flareWidth": 0.1875
          },
          {
            "pos": [-1.703125,0.84375,-0.03125],
            "axis": [-1.0,0.0,0.0],
            "flareHeight": 0.28125,
            "flareWidth": 0.28125
          },
          {
            "pos": [-1.6953125,0.84375,-0.09375],
            "axis": [-0.9700999855995178,0.0,-0.24250000715255737],
            "flareHeight": 0.1875,
            "flareWidth": 0.1875
          },
          {
            "pos": [-1.703125,0.8437470197677612,7.34375],
            "axis": [-1.0,0.0,0.0],
            "flareHeight": 0.28125,
            "flareWidth": 0.28125
          },
          {
            "pos": [-1.6953125,0.8437470197677612,7.28125],
            "axis": [-0.9700999855995178,0.0,-0.24250000715255737],
            "flareHeight": 0.1875,
            "flareWidth": 0.1875
          },
          {
            "pos": [-1.703125,0.8437470197677612,7.40625],
            "axis": [-1.0,0.0,0.0],
            "flareHeight": 0.28125,
            "flareWidth": 0.28125
          },
          {
            "pos": [-1.6953125,0.8437470197677612,7.46875],
            "axis": [-0.9700999855995178,-0.0,0.24250000715255737],
            "flareHeight": 0.1875,
            "flareWidth": 0.1875
          },
          {
            "pos": [-1.703125,0.7500029802322388,-3.359375],
            "axis": [-1.0,0.0,0.0],
            "flareHeight": 0.5625,
            "flareWidth": 0.5625
          },
          {
            "pos": [-1.6953125,0.7500029802322388,-3.296875],
            "axis": [-0.9700999855995178,-0.0,0.24250000715255737],
            "flareHeight": 0.375,
            "flareWidth": 0.375
          },
          {
            "pos": [-1.6953125,0.7500029802322388,-3.421875],
            "axis": [-0.9700999855995178,0.0,-0.24250000715255737],
            "flareHeight": 0.5625,
            "flareWidth": 0.5625
          },
          {
            "pos": [-1.5625,0.6875029802322388,-3.515625],
            "axis": [0.0,0.0,-1.0],
            "flareHeight": 0.375,
            "flareWidth": 0.375
          },
          {
            "pos": [0.8906239867210388,1.0781190395355225,9.296875],
            "axis": [0.0,0.0,-1.0],
            "flareHeight": 0.1875,
            "flareWidth": 0.1875
          }
        ]
      }
    ],
    "customVariables": ["door_f","EMERLTS","door_s"],
    "initialVariables": ["door_f","door_s","door_hood"],
    "sounds": [
      {
        "name": "iv_tcp_v3:horn_1",
        "activeAnimations": [
          {
            "animationType": "visibility",
            "variable": "horn",
            "clampMin": 1.0,
            "clampMax": 1.0
          }
        ],
        "looping": true
      },
      {
        "name": "mts:air_brake_activating",
        "activeAnimations": [
          {
            "animationType": "visibility",
            "variable": "p_brake",
            "clampMin": 1.0,
            "clampMax": 1.0
          }
        ]
      },
      {
        "name": "mts:backup_beeper",
        "activeAnimations": [
          {
            "animationType": "visibility",
            "variable": "engine_gear_1",
            "clampMin": -10.0,
            "clampMax": -1.0
          }
        ],
        "looping": true
      }
    ],
    "particles": [
      {
        "type": "smoke",
        "transparency": 0.25,
        "toTransparency": 0.25,
        "scale": 1.0,
        "color": "D9D9D9",
        "pos": [1.4375,-0.0625,-3.375],
        "initialVelocity": [0.0,0.0,-1.0],
        "activeAnimations": [
          {
            "animationType": "visibility",
            "variable": "engine_piston_1_1_cam_1",
            "clampMin": 1.0,
            "clampMax": 1.0
          }
        ]
      },
      {
        "type": "smoke",
        "quantity": 5,
        "scale": 2.5,
        "color": "000000",
        "pos": [1.4375,-0.0625,-3.375],
        "initialVelocity": [0.0,0.0,-1.0],
        "activeAnimations": [
          {
            "animationType": "visibility",
            "variable": "engine_backfired_1",
            "clampMin": 1.0,
            "clampMax": 1.0
          }
        ]
      }
    ]
  },
  "general": {
    "description": "Utility City Bus\nOpen passenger doors by clicking intertainment screen\n\nRecommended parts:\nLarge Sized Wheels\nHeavy Duty V8 Engine\nModel 1 Seat (Driver), Bus seats (Passengers)",
    "materials": ["minecraft:iron_ingot:0:16","minecraft:iron_block:0:13","minecraft:glowstone_dust:0:16","minecraft:glass_pane:0:36","mts:iv_tpp.metal_pile_4:0:3","mts:iv_tpp.metal_pile_1:0:6","mts:iv_tpp.chassis_cbs_t3d:0:1","minecraft:daylight_detector:0:10"]
  }
}
