{
  "motorized": {
    "isFrontWheelDrive": true,
    "isRearWheelDrive": true,
    "hasAutopilot": true,
    "hasRunningLights": true,
    "hasHeadlights": true,
    "hasTurnSignals": true,
    "emptyMass": 2750,
    "fuelCapacity": 45000,
    "downForce": 0.65,
    "overSteer": 2.5,
    "underSteer": 1.5,
    "overSteerAccel": 1.5,
    "overSteerDecel": -1.5,
    "axleRatio": 3.5,
    "brakingFactor": 1.8,
    "maxTiltAngle": -3,
    "dragCoefficient": 0.75
  },
  "parts": [
    {
      "pos": [1.375,0.0,-1.5],
      "rot": [0.0,0.0,0.0],
      "maxValue": 1.26,
      "types": ["ground_wheel"]
    },
    {
      "pos": [-1.375,0.0,-1.5],
      "rot": [0.0,0.0,0.0],
      "maxValue": 1.26,
      "types": ["ground_wheel"]
    },
    {
      "pos": [0.9375,0.0,-1.5],
      "rot": [0.0,0.0,0.0],
      "maxValue": 1.26,
      "types": ["ground_wheel"]
    },
    {
      "pos": [-0.9375,0.0,-1.5],
      "rot": [0.0,0.0,0.0],
      "maxValue": 1.26,
      "types": ["ground_wheel"]
    },
    {
      "pos": [1.375,0.0,0.0],
      "rot": [0.0,0.0,0.0],
      "maxValue": 1.26,
      "types": ["ground_wheel"]
    },
    {
      "pos": [-1.375,0.0,0.0],
      "rot": [0.0,0.0,0.0],
      "maxValue": 1.26,
      "types": ["ground_wheel"]
    },
    {
      "pos": [0.9375,0.0,0.0],
      "rot": [0.0,0.0,0.0],
      "maxValue": 1.26,
      "types": ["ground_wheel"]
    },
    {
      "pos": [-0.9375,0.0,0.0],
      "rot": [0.0,0.0,0.0],
      "maxValue": 1.26,
      "types": ["ground_wheel"]
    },
    {
      "pos": [1.375,0.0,5.0625],
      "rot": [0.0,0.0,0.0],
      "turnsWithSteer": true,
      "maxValue": 1.26,
      "types": ["ground_wheel"],
      "animations": [
        {
          "animationType": "rotation",
          "variable": "rudder",
          "centerPoint": [0.0,0.0,0.0],
          "axis": [0.0,-1.0,0.0]
        }
      ]
    },
    {
      "pos": [-1.375,0.0,5.0625],
      "rot": [0.0,0.0,0.0],
      "turnsWithSteer": true,
      "maxValue": 1.26,
      "types": ["ground_wheel"],
      "animations": [
        {
          "animationType": "rotation",
          "variable": "rudder",
          "centerPoint": [0.0,0.0,0.0],
          "axis": [0.0,-1.0,0.0]
        }
      ]
    },
    {
      "pos": [0.625,1.0,2.875],
      "rot": [0.0,0.0,0.0],
      "dismountPos": [1.625,1.0,2.875],
      "isController": true,
      "types": ["seat"],
      "linkedVariables": ["door_fl"]
    },
    {
      "pos": [-0.625,1.0,2.875],
      "rot": [0.0,0.0,0.0],
      "dismountPos": [-1.625,1.0,2.875],
      "types": ["seat"],
      "additionalParts": [
        {
          "pos": [0.625,1.1,2.875],
          "rot": [0.0,90.0,0.0],
          "maxValue": 2.0,
          "types": ["interactable_luggage"]
        }
      ],
      "linkedVariables": ["door_fr"]
    },
    {
      "pos": [0.0,0.375,4.0625],
      "rot": [0.0,0.0,0.0],
      "maxValue": 1.05,
      "types": ["engine_car"],
      "linkedVariables": ["door_hood"]
    },
    {
      "pos": [0.0,0.125,6.28125],
      "rot": [0.0,0.0,0.0],
      "maxValue": 3.0,
      "defaultPart": "iv_tpp:plate_gramados",
      "types": ["generic_licenseplate_us","generic_licenseplate_euro"]
    },
    {
      "pos": [0.0,0.15625,-2.75625],
      "rot": [0.0,180.0,0.0],
      "maxValue": 3.0,
      "defaultPart": "iv_tpp:plate_gramados",
      "types": ["generic_licenseplate_us","generic_licenseplate_euro"]
    },
    {
      "pos": [0.0,3.0,2.875],
      "maxValue": 3.0,
      "types": ["generic_lightbar","generic_roofdevice","generic_gyrophare"]
    },
    {
      "pos": [0.9375,0.1875,6.25625],
      "rot": [0.0,0.0,0.0],
      "maxValue": 1.0,
      "types": ["generic_bumpersticker"]
    },
    {
      "pos": [-0.9375,0.1875,6.25625],
      "rot": [0.0,0.0,0.0],
      "maxValue": 1.0,
      "types": ["generic_bumpersticker"]
    },
    {
      "pos": [0.9375,0.0,6.25625],
      "rot": [0.0,0.0,0.0],
      "maxValue": 1.0,
      "types": ["generic_bumpersticker"]
    },
    {
      "pos": [-0.9375,0.0,6.25625],
      "rot": [0.0,0.0,0.0],
      "maxValue": 1.0,
      "types": ["generic_bumpersticker"]
    },
    {
      "pos": [0.875,3.0,2.875],
      "maxValue": 3.0,
      "types": ["generic_gyrophare"]
    },
    {
      "pos": [-0.875,3.0,2.875],
      "maxValue": 3.0,
      "types": ["generic_gyrophare"]
    },
    {
      "pos": [0.71875,1.5625,6.03125],
      "maxValue": 3.0,
      "types": ["generic_flag_small"]
    },
    {
      "pos": [-0.71875,1.5625,6.03125],
      "maxValue": 3.0,
      "types": ["generic_flag_small"]
    },
    {
      "pos": [1.46875,0.9375,5.53125],
      "maxValue": 3.0,
      "types": ["generic_flag_small"]
    },
    {
      "pos": [-1.46875,0.9375,5.53125],
      "maxValue": 3.0,
      "types": ["generic_flag_small"]
    },
    {
      "pos": [1.15625,2.9375,3.53125],
      "maxValue": 3.0,
      "types": ["generic_flag_small"]
    },
    {
      "pos": [-1.15625,2.9375,3.53125],
      "maxValue": 3.0,
      "types": ["generic_flag_small"]
    },
    {
      "pos": [0.4375,0.6875,6.1875],
      "maxValue": 3.0,
      "types": ["generic_ledlight"]
    },
    {
      "pos": [-0.4375,0.6875,6.1875],
      "maxValue": 3.0,
      "types": ["generic_ledlight"]
    },
    {
      "pos": [0.4375,1.1875,6.1875],
      "maxValue": 3.0,
      "types": ["generic_ledlight"]
    },
    {
      "pos": [-0.4375,1.1875,6.1875],
      "maxValue": 3.0,
      "types": ["generic_ledlight"]
    },
    {
      "pos": [0.75,2.75,3.84375],
      "maxValue": 3.0,
      "types": ["generic_ledlight"]
    },
    {
      "pos": [-0.75,2.75,3.84375],
      "maxValue": 3.0,
      "types": ["generic_ledlight"]
    },
    {
      "pos": [0.75,2.5625,3.6875],
      "maxValue": 3.0,
      "types": ["generic_ledlight"]
    },
    {
      "pos": [-0.75,2.5625,3.6875],
      "maxValue": 3.0,
      "types": ["generic_ledlight"]
    },
    {
      "pos": [0.0,2.5625,3.6875],
      "maxValue": 3.0,
      "types": ["generic_ledlight"]
    }
  ],
  "collisionGroups": [
    {
      "isInterior": true,
      "collisions": [
        {
          "pos": [1.3125,1.53125,3.46875],
          "width": 0.3125,
          "height": 0.125,
          "variableName": "door_fl",
          "variableType": "toggle",
          "variableValue": 0.0
        }
      ],
      "animations": [
        {
          "animationType": "translation",
          "variable": "door_fl",
          "axis": [0.25,0.0,0.125]
        }
      ]
    },
    {
      "isInterior": true,
      "collisions": [
        {
          "pos": [-1.3125,1.53125,3.46875],
          "width": 0.3125,
          "height": 0.125,
          "variableName": "door_fr",
          "variableType": "toggle",
          "variableValue": 0.0
        }
      ],
      "animations": [
        {
          "animationType": "translation",
          "variable": "door_fr",
          "axis": [-0.25,0.0,0.125]
        }
      ]
    },
    {
      "isInterior": true,
      "collisions": [
        {
          "pos": [1.3125,0.875,2.65625],
          "width": 0.3125,
          "height": 0.125,
          "variableName": "door_fl",
          "variableType": "toggle",
          "variableValue": 0.0
        }
      ],
      "animations": [
        {
          "animationType": "translation",
          "variable": "door_fl",
          "axis": [0.9375,0.0,0.53125]
        }
      ]
    },
    {
      "isInterior": true,
      "collisions": [
        {
          "pos": [-1.3125,0.875,2.65625],
          "width": 0.3125,
          "height": 0.125,
          "variableName": "door_fr",
          "variableType": "toggle",
          "variableValue": 0.0
        }
      ],
      "animations": [
        {
          "animationType": "translation",
          "variable": "door_fr",
          "axis": [-0.9375,0.0,0.53125]
        }
      ]
    },
    {
      "isInterior": true,
      "collisions": [
        {
          "pos": [0.0,1.5,5.4375],
          "width": 1.0,
          "height": 0.5,
          "variableName": "door_hood",
          "variableType": "toggle",
          "variableValue": 0.0
        }
      ],
      "animations": [
        {
          "animationType": "translation",
          "variable": "door_hood",
          "axis": [0.0,1.125,-0.6875]
        }
      ]
    },
    {
      "isInterior": true,
      "collisions": [
        {
          "pos": [0.0,0.625,3.8125],
          "width": 2.0,
          "height": 0.125,
          "variableValue": 0.0
        }
      ]
    },
    {
      "collisions": [
        {
          "pos": [0.0,1.5,5.0625],
          "width": 2.0,
          "height": 0.125,
          "variableValue": 0.0
        },
        {
          "pos": [0.0,2.875,3.0],
          "width": 2.0,
          "height": 0.125,
          "variableValue": 0.0
        },
        {
          "pos": [0.0,0.625,1.1875],
          "width": 2.0,
          "height": 0.125,
          "variableValue": 0.0
        },
        {
          "pos": [0.0,0.625,-0.8125],
          "width": 2.0,
          "height": 0.125,
          "variableValue": 0.0
        }
      ]
    }
  ],
  "connectionGroups": [
    {
      "groupName": "HOOKUP",
      "hookup": true,
      "connections": [
        {
          "type": "tow_bumper",
          "pos": [0.0,-0.25,6.1875],
          "distance": 0.0
        },
        {
          "type": "tow_bumper",
          "pos": [0.0,0.125,-2.75],
          "distance": 0.0
        },
        {
          "type": "tow_wheel",
          "pos": [0.0,-0.625,5.0625],
          "distance": 0.0
        }
      ]
    },
    {
      "groupName": "TRAILER",
      "canIntiateConnections": true,
      "connections": [
        {
          "type": "trailer_fifthwheel",
          "pos": [0.0,0.625,-0.75],
          "distance": 0.0
        }
      ]
    }
  ],
  "instruments": [
    {
      "pos": [0.78125,1.34375,3.67125],
      "rot": [0.0,0.0,0.0],
      "scale": 0.015625,
      "hudX": 80,
      "hudY": 36,
      "hudScale": 0.25
    },
    {
      "pos": [0.78125,1.5,3.67125],
      "rot": [0.0,0.0,0.0],
      "scale": 0.015625,
      "hudX": 160,
      "hudY": 36,
      "hudScale": 0.5
    },
    {
      "pos": [0.46875,1.5,3.67125],
      "rot": [0.0,0.0,0.0],
      "scale": 0.015625,
      "hudX": 240,
      "hudY": 36,
      "hudScale": 0.5
    },
    {
      "pos": [0.46875,1.34375,3.67125],
      "rot": [0.0,0.0,0.0],
      "scale": 0.015625,
      "hudX": 320,
      "hudY": 36,
      "hudScale": 0.25
    }
  ],
  "definitions": [
    {
      "subName": "_pureblack_g",
      "modelName": "trin_juggernaut_semi_truck_s",
      "name": "Trin Juggernaut Semi Truck TQ2 Trim - Pure Black paint, Gray interior",
      "description": "Utility Semi Truck Tractor\n\nRecommended parts:\nGiant Wheels (x10)\nHeavy V10 Engine\nModel 2 Seats",
      "extraMaterials": ["mts:iv_tpp.paint_bucket_pureblack:0:1","minecraft:wool:7:2","minecraft:wool:8:3"]
    },
    {
      "subName": "_amber_g",
      "modelName": "trin_juggernaut_semi_truck_s",
      "name": "Trin Juggernaut Semi Truck TQ2 Trim - Amber paint, Gray interior",
      "description": "Utility Semi Truck Tractor\n\nRecommended parts:\nGiant Wheels (x10)\nHeavy V10 Engine\nModel 2 Seats",
      "extraMaterials": ["mts:iv_tpp.paint_bucket_amber:0:1","minecraft:wool:7:2","minecraft:wool:8:3"]
    },
    {
      "subName": "_electricblue_g",
      "modelName": "trin_juggernaut_semi_truck_s",
      "name": "Trin Juggernaut Semi Truck TQ2 Trim - Electric Blue paint, Gray interior",
      "description": "Utility Semi Truck Tractor\n\nRecommended parts:\nGiant Wheels (x10)\nHeavy V10 Engine\nModel 2 Seats",
      "extraMaterials": ["mts:iv_tpp.paint_bucket_electricblue:0:1","minecraft:wool:7:2","minecraft:wool:8:3"]
    }
  ],
  "rendering": {
    "textObjects": [],
    "animatedObjects": [
      {
        "objectName": "steer",
        "animations": [
          {
            "animationType": "rotation",
            "variable": "rudder",
            "centerPoint": [0.625,1.46875,3.625],
            "axis": [0.0,0.0,1.0]
          }
        ]
      },
      {
        "objectName": "gas",
        "animations": [
          {
            "animationType": "rotation",
            "variable": "throttle",
            "centerPoint": [0.0,1.03125,3.85938],
            "axis": [-20.0,0.0,0.0]
          }
        ]
      },
      {
        "objectName": "brake",
        "animations": [
          {
            "animationType": "rotation",
            "variable": "brake",
            "centerPoint": [0.0,1.03125,3.85938],
            "axis": [-20.0,0.0,0.0]
          }
        ]
      },
      {
        "objectName": "clutch",
        "animations": [
          {
            "animationType": "visibility",
            "variable": "engine_isautomatic_1"
          },
          {
            "animationType": "rotation",
            "variable": "clutch",
            "centerPoint": [0.0,1.03125,3.85938],
            "axis": [-30.0,0.0,0.0]
          }
        ]
      },
      {
        "objectName": "p_brake",
        "animations": [
          {
            "animationType": "rotation",
            "variable": "p_brake",
            "centerPoint": [0.0,0.875,2.84375],
            "axis": [-30.0,0.0,0.0]
          }
        ]
      },
      {
        "objectName": "shift",
        "animations": [
          {
            "animationType": "rotation",
            "variable": "engine_gearshift_1",
            "centerPoint": [0.0,0.8125,3.40625],
            "axis": [1.0,0.0,0.0]
          }
        ]
      },
      {
        "objectName": "doorFR",
        "animations": [
          {
            "animationType": "rotation",
            "variable": "door_fr",
            "centerPoint": [-1.3125,0.0,3.75],
            "axis": [0.0,60.0,0.0],
            "duration": 20,
            "forwardsStartSound": "iv_tpp:dooropen",
            "reverseEndSound": "iv_tpp:doorclose"
          }
        ]
      },
      {
        "objectName": "doorwindowFR",
        "applyAfter": "doorFR",
        "animations": []
      },
      {
        "objectName": "doorFL",
        "animations": [
          {
            "animationType": "rotation",
            "variable": "door_fl",
            "centerPoint": [1.3125,0.0,3.75],
            "axis": [0.0,-60.0,0.0],
            "duration": 20,
            "forwardsStartSound": "iv_tpp:dooropen",
            "reverseEndSound": "iv_tpp:doorclose"
          }
        ]
      },
      {
        "objectName": "doorwindowFL",
        "applyAfter": "doorFL",
        "animations": []
      },
      {
        "objectName": "hood",
        "animations": [
          {
            "animationType": "rotation",
            "variable": "door_hood",
            "centerPoint": [0.0,1.625,4.1875],
            "axis": [-60.0,0.0,0.0],
            "duration": 20,
            "forwardsStartSound": "iv_tpp:hoodopen",
            "reverseStartSound": "iv_tpp:hoodclose"
          }
        ]
      }
    ],
    "lightObjects": [
      {
        "objectName": "&Headlight_FFFFA7_FFFFF_111",
        "emissive": true,
        "covered": true,
        "isElectric": true,
        "color": "FFFFA7",
        "brightnessAnimations": [
          {
            "animationType": "visibility",
            "variable": "headlight",
            "clampMin": 1.0,
            "clampMax": 1.0
          }
        ],
        "blendableComponents": [
          {
            "pos": [1.25,0.78125,6.09375],
            "axis": [0.0,0.0,1.0],
            "flareHeight": 0.5625,
            "flareWidth": 0.5625,
            "beamDiameter": 12.0,
            "beamLength": 36.0
          },
          {
            "pos": [-1.25,0.78125,6.09375],
            "axis": [0.0,0.0,1.0],
            "flareHeight": 0.5625,
            "flareWidth": 0.5625,
            "beamDiameter": 12.0,
            "beamLength": 36.0
          }
        ]
      },
      {
        "objectName": "&RunningLight_FFFFA7_FFFFF_111",
        "emissive": true,
        "covered": true,
        "isElectric": true,
        "color": "FFFFA7",
        "brightnessAnimations": [
          {
            "animationType": "visibility",
            "variable": "running_light",
            "clampMin": 1.0,
            "clampMax": 1.0
          }
        ],
        "blendableComponents": [
          {
            "pos": [1.0625,0.78125,6.09375],
            "axis": [0.0,0.0,1.0],
            "flareHeight": 0.5625,
            "flareWidth": 0.5625
          },
          {
            "pos": [-1.0625,0.78125,6.09375],
            "axis": [0.0,0.0,1.0],
            "flareHeight": 0.5625,
            "flareWidth": 0.5625
          },
          {
            "pos": [0.90625,1.59375,3.734375],
            "axis": [0.0,0.0,-1.0],
            "flareHeight": 0.1875,
            "flareWidth": 0.1875
          }
        ]
      },
      {
        "objectName": "map_lights",
        "emissive": true,
        "covered": true,
        "isElectric": true,
        "color": "FFFFCC",
        "brightnessAnimations": [
          {
            "animationType": "visibility",
            "variable": "Map Light",
            "clampMin": 1.0,
            "clampMax": 1.0
          }
        ],
        "blendableComponents": [
          {
            "pos": [-0.09375099837779999,2.65625,3.59375],
            "axis": [-0.4472000002861023,-0.8944000005722046,0.0],
            "flareHeight": 0.375,
            "flareWidth": 0.375
          },
          {
            "pos": [0.09374900069087744,2.65625,3.59375],
            "axis": [0.4472000002861023,-0.8944000005722046,-0.0],
            "flareHeight": 0.375,
            "flareWidth": 0.375
          }
        ]
      },
      {
        "objectName": "&EmergencyLight_ff6600_00F0F_111",
        "emissive": true,
        "covered": true,
        "isElectric": true,
        "color": "FF6600",
        "brightnessAnimations": [
          {
            "animationType": "visibility",
            "variable": "EMERLTS",
            "clampMin": 1.0,
            "clampMax": 1.0
          },
          {
            "animationType": "visibility",
            "variable": "0_4_16_cycle",
            "clampMin": 1.0,
            "clampMax": 1.0
          }
        ],
        "blendableComponents": [
          {
            "pos": [0.34375,1.59375,3.734375],
            "axis": [0.0,0.0,-1.0],
            "flareHeight": 0.1875,
            "flareWidth": 0.1875
          }
        ]
      },
      {
        "objectName": "&RunningLight_ff6600_FFFFF_111",
        "emissive": true,
        "covered": true,
        "isElectric": true,
        "color": "FF6600",
        "brightnessAnimations": [
          {
            "animationType": "visibility",
            "variable": "running_light",
            "clampMin": 1.0,
            "clampMax": 1.0
          }
        ],
        "blendableComponents": [
          {
            "pos": [-1.25,0.34375,6.265625],
            "axis": [0.0,0.0,1.0],
            "flareHeight": 0.375,
            "flareWidth": 0.375
          },
          {
            "pos": [-1.0,0.34375,6.265625],
            "axis": [0.0,0.0,1.0],
            "flareHeight": 0.375,
            "flareWidth": 0.375
          },
          {
            "pos": [-0.75,0.34375,6.265625],
            "axis": [0.0,0.0,1.0],
            "flareHeight": 0.375,
            "flareWidth": 0.375
          },
          {
            "pos": [-0.5,0.34375,6.265625],
            "axis": [0.0,0.0,1.0],
            "flareHeight": 0.375,
            "flareWidth": 0.375
          },
          {
            "pos": [0.5,0.34375,6.265625],
            "axis": [0.0,0.0,1.0],
            "flareHeight": 0.375,
            "flareWidth": 0.375
          },
          {
            "pos": [0.25,0.34375,6.265625],
            "axis": [0.0,0.0,1.0],
            "flareHeight": 0.375,
            "flareWidth": 0.375
          },
          {
            "pos": [0.0,0.34375,6.265625],
            "axis": [0.0,0.0,1.0],
            "flareHeight": 0.375,
            "flareWidth": 0.375
          },
          {
            "pos": [-0.25,0.34375,6.265625],
            "axis": [0.0,0.0,1.0],
            "flareHeight": 0.375,
            "flareWidth": 0.375
          },
          {
            "pos": [1.25,0.34375,6.265625],
            "axis": [0.0,0.0,1.0],
            "flareHeight": 0.375,
            "flareWidth": 0.375
          },
          {
            "pos": [1.0,0.34375,6.265625],
            "axis": [0.0,0.0,1.0],
            "flareHeight": 0.375,
            "flareWidth": 0.375
          },
          {
            "pos": [0.75,0.34375,6.265625],
            "axis": [0.0,0.0,1.0],
            "flareHeight": 0.375,
            "flareWidth": 0.375
          }
        ]
      },
      {
        "objectName": "&BackupLight_ffffcc_FFFFF_111",
        "emissive": true,
        "covered": true,
        "isElectric": true,
        "color": "FFFFCC",
        "brightnessAnimations": [
          {
            "animationType": "visibility",
            "variable": "engine_reversed_1",
            "clampMin": 1.0,
            "clampMax": 1.0
          }
        ],
        "blendableComponents": [
          {
            "pos": [-1.15625,0.15625,-2.78125],
            "axis": [0.0,0.0,-1.0],
            "flareHeight": 0.5625,
            "flareWidth": 0.5625
          },
          {
            "pos": [1.15625,0.15625,-2.78125],
            "axis": [0.0,0.0,-1.0],
            "flareHeight": 0.5625,
            "flareWidth": 0.5625
          }
        ]
      },
      {
        "objectName": "&RunningLight_e60000_FFFFF_111",
        "emissive": true,
        "covered": true,
        "isElectric": true,
        "color": "E60000",
        "brightnessAnimations": [
          {
            "animationType": "visibility",
            "variable": "running_light",
            "clampMin": 1.0,
            "clampMax": 1.0
          }
        ],
        "blendableComponents": [
          {
            "pos": [-0.96875,0.15625,-2.78125],
            "axis": [0.0,0.0,-1.0],
            "flareHeight": 0.5625,
            "flareWidth": 0.5625
          },
          {
            "pos": [0.96875,0.15625,-2.78125],
            "axis": [0.0,0.0,-1.0],
            "flareHeight": 0.5625,
            "flareWidth": 0.5625
          }
        ]
      },
      {
        "objectName": "Regulation_lights",
        "emissive": true,
        "covered": true,
        "isElectric": true,
        "color": "FF6600",
        "brightnessAnimations": [
          {
            "animationType": "visibility",
            "variable": "engine_running_1",
            "clampMin": 1.0,
            "clampMax": 1.0
          }
        ],
        "blendableComponents": [
          {
            "pos": [-9.98377799987793E-7,1.46875,6.203125],
            "axis": [0.0,0.0,1.0],
            "flareHeight": 0.375,
            "flareWidth": 0.375
          },
          {
            "pos": [0.24999899417161942,1.46875,6.203125],
            "axis": [0.0,0.0,1.0],
            "flareHeight": 0.37499994,
            "flareWidth": 0.37499994
          },
          {
            "pos": [-0.2500010058283806,1.46875,6.203125],
            "axis": [0.0,0.0,1.0],
            "flareHeight": 0.37500006,
            "flareWidth": 0.37500006
          },
          {
            "pos": [-9.98377799987793E-7,2.8550775051116943,3.7544764280319214],
            "axis": [0.0,0.1736000031232834,0.9847999811172485],
            "flareHeight": 0.375,
            "flareWidth": 0.375
          },
          {
            "pos": [0.24999899417161942,2.8550775051116943,3.7544764280319214],
            "axis": [0.0,0.1736000031232834,0.9847999811172485],
            "flareHeight": 0.37499994,
            "flareWidth": 0.37499994
          },
          {
            "pos": [-0.2500010058283806,2.8550775051116943,3.7544764280319214],
            "axis": [0.0,0.1736000031232834,0.9847999811172485],
            "flareHeight": 0.37500006,
            "flareWidth": 0.37500006
          },
          {
            "pos": [-0.34375,0.15625,-2.765625],
            "axis": [0.0,0.0,-1.0],
            "flareHeight": 0.375,
            "flareWidth": 0.375
          },
          {
            "pos": [0.34375,0.15625,-2.765625],
            "axis": [0.0,0.0,-1.0],
            "flareHeight": 0.375,
            "flareWidth": 0.375
          }
        ]
      },
      {
        "objectName": "&BrakeLight_e60000_FFFFF_111",
        "emissive": true,
        "covered": true,
        "isElectric": true,
        "color": "E60000",
        "brightnessAnimations": [
          {
            "animationType": "visibility",
            "variable": "brake",
            "clampMin": 0.01,
            "clampMax": 1.0
          }
        ],
        "blendableComponents": [
          {
            "pos": [-1.34375,0.15625,-2.78125],
            "axis": [0.0,0.0,-1.0],
            "flareHeight": 0.5625,
            "flareWidth": 0.5625
          },
          {
            "pos": [1.34375,0.15625,-2.78125],
            "axis": [0.0,0.0,-1.0],
            "flareHeight": 0.5625,
            "flareWidth": 0.5625
          }
        ]
      },
      {
        "objectName": "&LeftTurnLight_ff6600_FFC00_111",
        "emissive": true,
        "covered": true,
        "isElectric": true,
        "color": "FF6600",
        "brightnessAnimations": [
          {
            "animationType": "visibility",
            "variable": "left_turn_signal",
            "clampMin": 1.0,
            "clampMax": 1.0
          },
          {
            "animationType": "visibility",
            "variable": "10_10_0_cycle",
            "clampMin": 1.0,
            "clampMax": 1.0
          }
        ],
        "blendableComponents": [
          {
            "pos": [1.375,0.78125,6.09375],
            "axis": [0.0,0.0,1.0],
            "flareHeight": 0.5625,
            "flareWidth": 0.5625
          },
          {
            "pos": [0.671875,1.578125,3.671875],
            "axis": [0.0,0.0,-1.0],
            "flareHeight": 0.1875,
            "flareWidth": 0.1875
          },
          {
            "pos": [1.46875,0.15625,-2.78125],
            "axis": [0.0,0.0,-1.0],
            "flareHeight": 0.5625,
            "flareWidth": 0.5625
          },
          {
            "pos": [1.59375,0.15625,-2.6875],
            "axis": [1.0,0.0,0.0],
            "flareHeight": 0.375,
            "flareWidth": 0.375
          }
        ]
      },
      {
        "objectName": "&RightTurnLight_ff6600_FFC00_111",
        "emissive": true,
        "covered": true,
        "isElectric": true,
        "color": "FF6600",
        "brightnessAnimations": [
          {
            "animationType": "visibility",
            "variable": "right_turn_signal",
            "clampMin": 1.0,
            "clampMax": 1.0
          },
          {
            "animationType": "visibility",
            "variable": "10_10_0_cycle",
            "clampMin": 1.0,
            "clampMax": 1.0
          }
        ],
        "blendableComponents": [
          {
            "pos": [-1.375,0.78125,6.09375],
            "axis": [0.0,0.0,1.0],
            "flareHeight": 0.5625,
            "flareWidth": 0.5625
          },
          {
            "pos": [0.578125,1.578125,3.671875],
            "axis": [0.0,0.0,-1.0],
            "flareHeight": 0.1875,
            "flareWidth": 0.1875
          },
          {
            "pos": [-1.46875,0.15625,-2.78125],
            "axis": [0.0,0.0,-1.0],
            "flareHeight": 0.5625,
            "flareWidth": 0.5625
          },
          {
            "pos": [-1.59375,0.15625,-2.6875],
            "axis": [-1.0,0.0,0.0],
            "flareHeight": 0.375,
            "flareWidth": 0.375
          }
        ]
      }
    ],
    "cameraObjects": [],
    "customVariables": ["EMERLTS","Map Light"],
    "initialVariables": ["door_fr","door_hood","door_fl"],
    "sounds": [
      {
        "name": "iv_tcp:big_fat_horn_of_doom",
        "activeAnimations": [
          {
            "animationType": "visibility",
            "variable": "horn",
            "clampMin": 1.0,
            "clampMax": 1.0
          }
        ],
        "looping": true
      },
      {
        "name": "mts:air_brake_activating",
        "activeAnimations": [
          {
            "animationType": "visibility",
            "variable": "p_brake",
            "clampMin": 1.0,
            "clampMax": 1.0
          }
        ]
      },
      {
        "name": "mts:backup_beeper",
        "activeAnimations": [
          {
            "animationType": "visibility",
            "variable": "engine_gear_1",
            "clampMin": -10.0,
            "clampMax": -1.0
          }
        ],
        "looping": true
      }
    ],
    "particles": [
      {
        "type": "smoke",
        "transparency": 0.25,
        "toTransparency": 0.25,
        "scale": 1.0,
        "color": "D9D9D9",
        "pos": [1.625,3.0,2.3125],
        "initialVelocity": [1.0,0.0,0.0],
        "activeAnimations": [
          {
            "animationType": "visibility",
            "variable": "engine_piston_1_2_cam_1",
            "clampMin": 1.0,
            "clampMax": 1.0
          }
        ]
      },
      {
        "type": "smoke",
        "transparency": 0.25,
        "toTransparency": 0.25,
        "scale": 1.0,
        "color": "D9D9D9",
        "pos": [-1.625,3.0,2.3125],
        "initialVelocity": [-1.0,0.0,0.0],
        "activeAnimations": [
          {
            "animationType": "visibility",
            "variable": "engine_piston_2_2_cam_1",
            "clampMin": 1.0,
            "clampMax": 1.0
          }
        ]
      },
      {
        "type": "smoke",
        "quantity": 5,
        "scale": 2.5,
        "color": "000000",
        "initialVelocity": [0.0,-1.0,0.0],
        "activeAnimations": [
          {
            "animationType": "visibility",
            "variable": "engine_backfired_1",
            "clampMin": 1.0,
            "clampMax": 1.0
          }
        ]
      }
    ]
  },
  "general": {
    "stackSize": 1,
    "materials": ["minecraft:iron_ingot:0:16","minecraft:iron_block:0:10","minecraft:glowstone_dust:0:16","minecraft:glass_pane:0:6","mts:iv_tpp.metal_pile_2:0:2","mts:iv_tpp.metal_pile_4:0:5","mts:iv_tpp.chassis_hd10_l10m_t20_hv10_juggernaut_semi:0:1"]
  }
}
