{
  "generic": {
    "type": "generic_engine_ecu_gas",
    "mustBeRemovedByScrewdriver": true,
    "width": 0.375,
    "height": 0.25
  },
  "definitions": [
    {
      "subName": "",
      "name": "Engine Control Unit",
      "extraMaterials": []
    }
  ],
  "rendering": {
    "lightObjects": []
  },
  "general": {
    "name": "Engine Control Unit",
    "description": "Used for crafting combustion engines\nCan also be installed on certain engines for rev-limiting\nUse a screwdriver to remove this part",
    "stackSize": 64,
    "radarWidth": 0.0,
    "radarRange": 0.0,
    "health": 100,
    "materials": ["oredict:ingotIron:2", "mts:ivv.circuit:-1:2", "oredict:dustRedstone:5"]
  }
}
