{
  "generic": {
    "type": "engine_car",
    "forwardsDamageMultiplier": 1.0,
    "width": 0.75,
    "height": 0.625,
    "mass": 160,
    "movementAnimations": [
      {
        "animationType": "translation",
        "variable": "engine_piston_0_1_0_crank",
        "centerPoint": [0.0,0.0,0.0],
        "axis": [0.0,0.00625,0.0]
      },
      {
        "animationType": "rotation",
        "variable": "engine_cos",
        "centerPoint": [0.0,0.0,0.0],
        "axis": [0.0,0.0,1.0]
      },
      {
        "animationType": "rotation",
        "variable": "engine_rpm_percent",
        "centerPoint": [0.0,0.0,0.0],
        "axis": [0.0,0.0,-3.0],
        "clampMin": -3.0,
        "clampMax": 3.0
      },
      {
        "animationType": "inhibitor",
        "variable": "engine_running"
      },
      {
        "animationType": "rotation",
        "variable": "throttle",
        "centerPoint": [0.0,0.0,0.0],
        "axis": [0.0,0.0,1.0]
      },
      {
        "animationType": "rotation",
        "variable": "throttle",
        "centerPoint": [0.0,0.0,0.0],
        "axis": [0.0,0.0,1.0],
        "duration": 5
      }
    ]
  },
  "engine": {
    "type": "normal",
    "isAutomatic": true,
    "starterPower": 12,
    "shiftSpeed": 10,
    "clutchTime": 10,
    "revResistance": 10,
    "maxRPM": 7800,
    "maxSafeRPM": 5200,
    "idleRPM": 500,
    "startRPM": 400,
    "revlimitRPM": -1,
    "revlimitBounce": 15,
    "stallRPM": 300,
    "engineWinddownRate": 100,
    "heatingCoefficient": 0.75,
    "coolingCoefficient": 1.5,
    "engineWearFactor": 0.75,
    "fuelConsumption": 0.2,
    "gearRatios": [-2.0,0.0,2.0,1.0],
    "upShiftRPM": [0,0,3800,3800],
    "downShiftRPM": [0,0,2100,2100],
    "fuelType": "gasoline",
    "superchargerFuelConsumption": -0.08375,
    "superchargerEfficiency": -0.9,
    "isCrankingNotPitched": true
  },
  "parts": [
    {
      "pos": [0.0,0.375,-0.13184],
      "rot": [0.0,0.0,0.0],
      "allowParentRemoval": true,
      "maxValue": 12.0,
      "types": [
        "generic_engine_ecu_gas"
      ],
      "interactableVariables": [
        [
          "parent_bench_status"
        ]
      ],
      "animations": [
        {
          "animationType": "visibility",
          "variable": "parent_bench_status",
          "clampMin": 1.0,
          "clampMax": 1.0
        }
      ]
    },
    {
      "pos": [0.16875,0.15625,0.4875],
      "allowParentRemoval": true,
      "maxValue": 1.0,
      "partScale": [0.5,0.5,0.5],
      "types": [
        "generic_engine_upgrade"
      ],
      "interactableVariables": [
        [
          "parent_bench_status"
        ]
      ],
      "animations": [
        {
          "animationType": "visibility",
          "variable": "parent_bench_status",
          "clampMin": 1.0,
          "clampMax": 1.0
        }
      ]
    },
    {
      "pos": [0.0,-0.125,0.75],
      "allowParentRemoval": true,
      "maxValue": 1.0,
      "partScale": [0.5,0.5,0.5],
      "types": [
        "generic_engine_gearbox"
      ],
      "interactableVariables": [
        [
          "parent_bench_status"
        ]
      ],
      "animations": [
        {
          "animationType": "visibility",
          "variable": "parent_bench_status",
          "clampMin": 1.0,
          "clampMax": 1.0
        }
      ]
    },
    {
      "pos": [0.0,0.375,0.25],
      "allowParentRemoval": true,
      "maxValue": 1.0,
      "partScale": [0.5,0.5,0.5],
      "types": [
        "generic_engine_topend"
      ],
      "interactableVariables": [
        [
          "parent_bench_status"
        ]
      ],
      "animations": [
        {
          "animationType": "visibility",
          "variable": "parent_bench_status",
          "clampMin": 1.0,
          "clampMax": 1.0
        }
      ]
    },
    {
      "pos": [0.0,-0.125,0.2875],
      "allowParentRemoval": true,
      "maxValue": 4.0,
      "partScale": [0.48,0.48,0.48],
      "types": [
        "generic_effect_particle"
      ],
      "customTypes": [
        "drip"
      ],
      "interactableVariables": [
        [
          "!parent_bench_status"
        ]
      ],
      "animations": [
        {
          "animationType": "visibility",
          "variable": "parent_bench_status"
        }
      ]
    }
  ],
  "definitions": [
    {
      "subName": "",
      "name": "Insolvo 'Stanley' I4",
      "extraMaterialLists": [
        []
      ]
    }
  ],
  "constantValues": {
    "generic_effect_particle_drip_slow": 1.0
  },
  "variableModifiers": [
    {
      "variable": "engine_obdiii_present",
      "animations": [
        {
          "animationType": "translation",
          "variable": "!built_atlas_tough",
          "axis": [0.0,0.0,1.0]
        }
      ]
    },
    {
      "variable": "engine_obdiii_horsepower",
      "animations": [
        {
          "animationType": "translation",
          "variable": "!built_atlas_tough",
          "axis": [0.0,0.0,40.0]
        },
        {
          "animationType": "translation",
          "variable": "generic_engine_upgrade_2",
          "axis": [1.0,0.0,0.0],
          "offset": 1.0
        },
        {
          "animationType": "translation",
          "variable": "engine_hours",
          "axis": [-1.5E-4,0.0,0.0],
          "offset": 1.0,
          "clampMin": 0.5
        }
      ]
    },
    {
      "variable": "engine_obdiii_torque",
      "animations": [
        {
          "animationType": "translation",
          "variable": "!built_atlas_tough",
          "axis": [0.0,0.0,108.0]
        },
        {
          "animationType": "translation",
          "variable": "generic_engine_upgrade_2",
          "axis": [0.8,0.0,0.0],
          "offset": 1.0
        },
        {
          "animationType": "translation",
          "variable": "engine_hours",
          "axis": [-1.5E-4,0.0,0.0],
          "offset": 1.0,
          "clampMin": 0.5
        }
      ]
    },
    {
      "variable": "engine_checklight",
      "maxValue": 1.0,
      "animations": [
        {
          "animationType": "translation",
          "variable": "part_present_1",
          "axis": [0.0,0.0,1.0]
        },
        {
          "animationType": "translation",
          "variable": "engine_hours",
          "axis": [0.0,1.0,0.0],
          "offset": -500.0,
          "clampMin": 1.25E-4,
          "clampMax": 1.0
        },
        {
          "animationType": "translation",
          "variable": "engine_temp",
          "axis": [0.0,1.0,0.0],
          "offset": -110.0,
          "clampMin": 1.25E-4,
          "clampMax": 1.0
        },
        {
          "animationType": "translation",
          "variable": "engine_oilleak",
          "axis": [0.0,1.0,0.0]
        }
      ]
    },
    {
      "variable": "heatingCoefficient",
      "animations": [
        {
          "animationType": "translation",
          "variable": "throttle",
          "axis": [0.5,0.0,0.0],
          "offset": 0.5
        },
        {
          "animationType": "inhibitor",
          "variable": "engine_temp",
          "clampMin": -32767.0,
          "clampMax": 105.0
        },
        {
          "animationType": "translation",
          "variable": "!cooling",
          "axis": [0.5,0.0,0.0]
        }
      ]
    },
    {
      "variable": "coolingCoefficient",
      "animations": [
        {
          "animationType": "translation",
          "variable": "throttle",
          "axis": [-0.5,0.0,0.0],
          "offset": 1.5
        },
        {
          "animationType": "inhibitor",
          "variable": "engine_temp",
          "clampMin": -32767.0,
          "clampMax": 105.0
        },
        {
          "animationType": "translation",
          "variable": "!cooling",
          "axis": [2.0,0.0,0.0]
        }
      ]
    },
    {
      "variable": "idleRPM",
      "animations": [
        {
          "animationType": "translation",
          "variable": "2_4_2_cycle",
          "axis": [0.0,60.0,0.0],
          "offset": -30.0,
          "duration": 4,
          "forwardsEasing": "easeinoutsine",
          "reverseEasing": "easeinoutsine"
        },
        {
          "animationType": "translation",
          "variable": "tick_sin",
          "axis": [0.0,30.0,0.0]
        }
      ]
    },
    {
      "variable": "idleRPM",
      "animations": [
        {
          "animationType": "translation",
          "variable": "engine_powered",
          "axis": [0.0,2000.0,0.0]
        },
        {
          "animationType": "translation",
          "variable": "engine_powered",
          "axis": [0.0,-2000.0,0.0],
          "duration": 100,
          "skipReverseMovement": true
        }
      ]
    },
    {
      "variable": "fuelConsumption",
      "animations": [
        {
          "animationType": "translation",
          "variable": "parent_vehicle_intake_fc",
          "axis": [0.0,1.0,0.0]
        },
        {
          "animationType": "translation",
          "variable": "generic_engine_upgrade_2",
          "axis": [1.0,0.0,0.0],
          "offset": 1.0
        },
        {
          "animationType": "translation",
          "variable": "throttle",
          "axis": [0.375,0.0,0.0],
          "offset": 0.625
        },
        {
          "animationType": "translation",
          "variable": "throttle",
          "axis": [0.375,0.0,0.0],
          "offset": 0.625,
          "duration": 5
        }
      ]
    },
    {
      "variable": "superchargerFuelConsumption",
      "animations": [
        {
          "animationType": "translation",
          "variable": "parent_vehicle_intake_scfc",
          "axis": [0.0,1.0,0.0]
        },
        {
          "animationType": "translation",
          "variable": "generic_engine_turbo_power_1",
          "axis": [0.0,1.0,0.0]
        },
        {
          "animationType": "translation",
          "variable": "generic_engine_upgrade_2",
          "axis": [1.0,0.0,0.0],
          "offset": 1.0
        },
        {
          "animationType": "translation",
          "variable": "throttle",
          "axis": [0.375,0.0,0.0],
          "offset": 0.625
        },
        {
          "animationType": "translation",
          "variable": "throttle",
          "axis": [0.375,0.0,0.0],
          "offset": 0.625,
          "duration": 5
        }
      ]
    },
    {
      "variable": "engine_revlimit_backfire",
      "maxValue": 1.0,
      "animations": [
        {
          "animationType": "translation",
          "variable": "nopop",
          "axis": [0.0,0.0,1.0]
        },
        {
          "animationType": "inhibitor",
          "variable": "1_2_0_cycle",
          "clampMin": 1.0,
          "clampMax": 1.0
        },
        {
          "animationType": "inhibitor",
          "variable": "engine_rpm_percent_revlimit",
          "clampMin": -10.0,
          "clampMax": 0.9875
        },
        {
          "animationType": "translation",
          "variable": "!poppop",
          "axis": [0.0,0.0,1.0]
        },
        {
          "animationType": "translation",
          "variable": "engine_running",
          "axis": [1.0,0.0,0.0]
        },
        {
          "animationType": "translation",
          "variable": "generic_engine_upgrade_2",
          "axis": [4.0,0.0,0.0]
        }
      ]
    },
    {
      "variable": "revlimitRPM",
      "animations": [
        {
          "animationType": "translation",
          "variable": "generic_engine_topend_4",
          "axis": [1.0,0.0,0.0],
          "offset": 1.0
        }
      ]
    },
    {
      "variable": "maxRPM",
      "animations": [
        {
          "animationType": "translation",
          "variable": "generic_engine_topend_4",
          "axis": [1.0,0.0,0.0],
          "offset": 1.0
        }
      ]
    },
    {
      "variable": "maxSafeRPM",
      "animations": [
        {
          "animationType": "translation",
          "variable": "generic_engine_topend_4",
          "axis": [1.0,0.0,0.0],
          "offset": 1.0
        }
      ]
    },
    {
      "variable": "engine_clutching",
      "maxValue": 1.0,
      "animations": [
        {
          "animationType": "translation",
          "variable": "engine_clutch_upshift",
          "axis": [0.0,3.0,0.0],
          "offset": -1.0
        },
        {
          "animationType": "translation",
          "variable": "engine_clutch_downshift",
          "axis": [0.0,3.0,0.0],
          "offset": -1.0
        }
      ]
    },
    {
      "variable": "currentGearRatio",
      "animations": [
        {
          "animationType": "translation",
          "variable": "generic_engine_gearbox_3",
          "axis": [1.0,0.0,0.0],
          "offset": 1.0
        },
        {
          "animationType": "translation",
          "variable": "throttle",
          "axis": [0.25,0.0,0.0],
          "offset": 0.75,
          "duration": 6
        },
        {
          "animationType": "inhibitor",
          "variable": "engine_rpm_percent_safe",
          "clampMin": 0.375,
          "clampMax": 32767.0
        },
        {
          "animationType": "translation",
          "variable": "!p_brake",
          "axis": [1.0,0.0,0.0]
        }
      ]
    },
    {
      "variable": "revlimitRPM",
      "setValue": 3500.0,
      "animations": [
        {
          "animationType": "visibility",
          "variable": "engine_gearshift"
        },
        {
          "animationType": "visibility",
          "variable": "part_present_1",
          "clampMin": 1.0,
          "clampMax": 1.0
        }
      ]
    },
    {
      "variable": "engine_isdualclutch",
      "animations": [
        {
          "animationType": "translation",
          "variable": "parent_self_controlled",
          "axis": [0.0,0.0,1.0]
        }
      ]
    },
    {
      "variable": "isAutomatic",
      "animations": [
        {
          "animationType": "translation",
          "variable": "!parent_self_controlled",
          "axis": [0.0,0.0,1.0]
        }
      ]
    }
  ],
  "rendering": {
    "lightObjects": [],
    "sounds": [
      {
        "name": "ivv:v4inlineinsolvoauto_starting",
        "activeAnimations": [
          {
            "animationType": "visibility",
            "variable": "engine_running",
            "clampMin": 1.0,
            "clampMax": 1.0
          }
        ],
        "minDistance": 0.0,
        "minDistanceVolume": 0.0,
        "middleDistance": 0.0,
        "middleDistanceVolume": 0.0,
        "maxDistance": 16.0,
        "maxDistanceVolume": 0.0
      },
      {
        "name": "ivv:enginestopping2",
        "activeAnimations": [
          {
            "animationType": "visibility",
            "variable": "engine_running"
          }
        ],
        "minDistance": 0.0,
        "minDistanceVolume": 0.0,
        "middleDistance": 0.0,
        "middleDistanceVolume": 0.0,
        "maxDistance": 16.0,
        "maxDistanceVolume": 0.0
      },
      {
        "name": "ivv:enginebackfire1",
        "soundVariations": [
          "ivv:enginebackfire1",
          "ivv:enginebackfire2",
          "ivv:enginebackfire3",
          "ivv:enginebackfire4",
          "ivv:enginebackfire5",
          "ivv:enginebackfire6"
        ],
        "activeAnimations": [
          {
            "animationType": "visibility",
            "variable": "engine_revlimit_backfire",
            "clampMin": 1.0,
            "clampMax": 1.0
          }
        ],
        "pitchAnimations": [
          {
            "animationType": "translation",
            "variable": "random",
            "axis": [0.0,0.25,0.0],
            "offset": 0.875
          }
        ],
        "minDistance": 0.0,
        "minDistanceVolume": 1.0,
        "middleDistance": 32.0,
        "middleDistanceVolume": 0.25,
        "maxDistance": 64.0,
        "maxDistanceVolume": 0.0
      },
      {
        "name": "ivv:enginesputter1",
        "soundVariations": [
          "ivv:enginesputter1",
          "ivv:enginesputter2",
          "ivv:enginesputter3",
          "ivv:enginesputter4"
        ],
        "activeAnimations": [
          {
            "animationType": "visibility",
            "variable": "engine_hours",
            "clampMin": 250.0,
            "clampMax": 750.0
          },
          {
            "animationType": "visibility",
            "variable": "engine_backfired",
            "clampMin": 1.0,
            "clampMax": 1.0
          }
        ],
        "pitchAnimations": [
          {
            "animationType": "translation",
            "variable": "random",
            "axis": [0.0,0.5,0.0],
            "offset": 0.75
          }
        ],
        "forceSound": true,
        "minDistance": 0.0,
        "minDistanceVolume": 0.0,
        "middleDistance": 0.0,
        "middleDistanceVolume": 0.0,
        "maxDistance": 32.0,
        "maxDistanceVolume": 0.0
      },
      {
        "name": "ivv:enginesputterbig1",
        "soundVariations": [
          "ivv:enginesputterbig1",
          "ivv:enginesputterbig2",
          "ivv:enginesputterbig3",
          "ivv:enginesputterbig4"
        ],
        "activeAnimations": [
          {
            "animationType": "visibility",
            "variable": "engine_hours",
            "clampMin": 750.0,
            "clampMax": 10000.0
          },
          {
            "animationType": "visibility",
            "variable": "engine_backfired",
            "clampMin": 1.0,
            "clampMax": 1.0
          }
        ],
        "pitchAnimations": [
          {
            "animationType": "translation",
            "variable": "random",
            "axis": [0.0,0.125,0.0],
            "offset": 0.9375
          }
        ],
        "forceSound": true,
        "minDistance": 0.0,
        "minDistanceVolume": 1.0,
        "middleDistance": 16.0,
        "middleDistanceVolume": 0.25,
        "maxDistance": 32.0,
        "maxDistanceVolume": 0.0
      },
      {
        "name": "ivv:enginesputterfuel",
        "activeAnimations": [
          {
            "animationType": "visibility",
            "variable": "fuel"
          },
          {
            "animationType": "visibility",
            "variable": "engine_running"
          }
        ],
        "pitchAnimations": [
          {
            "animationType": "translation",
            "variable": "random",
            "axis": [0.0,0.25,0.0],
            "offset": 0.875
          }
        ],
        "minDistance": 0.0,
        "minDistanceVolume": 0.0,
        "middleDistance": 0.0,
        "middleDistanceVolume": 0.0,
        "maxDistance": 64.0,
        "maxDistanceVolume": 0.0
      },
      {
        "name": "ivv:super1",
        "activeAnimations": [
          {
            "animationType": "visibility",
            "variable": "!speed"
          },
          {
            "animationType": "inhibitor",
            "variable": "parent_vehicle_engine_gear_straightcut",
            "clampMin": 1.0,
            "clampMax": 1.0
          },
          {
            "animationType": "visibility",
            "variable": "engine_reversed",
            "clampMin": 1.0,
            "clampMax": 1.0,
            "reverseDelay": 3
          }
        ],
        "volumeAnimations": [
          {
            "animationType": "translation",
            "variable": "speed",
            "axis": [0.0,0.1,0.0],
            "clampMax": 1.0
          },
          {
            "animationType": "translation",
            "variable": "slip",
            "axis": [0.0,0.0125,0.0],
            "clampMax": 0.5,
            "absolute": true
          },
          {
            "animationType": "translation",
            "variable": "engine_clutching",
            "axis": [0.0,-1.0,0.0],
            "duration": 3
          },
          {
            "animationType": "translation",
            "variable": "!throttle",
            "axis": [0.0,-0.375,0.0],
            "duration": 3
          }
        ],
        "pitchAnimations": [
          {
            "animationType": "translation",
            "variable": "engine_gear",
            "axis": [0.0,0.05,0.0],
            "absolute": true
          },
          {
            "animationType": "translation",
            "variable": "speed",
            "axis": [0.0,0.075,0.0],
            "offset": 0.1875
          },
          {
            "animationType": "translation",
            "variable": "slip",
            "axis": [0.0,0.0125,0.0],
            "absolute": true
          },
          {
            "animationType": "translation",
            "variable": "!throttle",
            "axis": [0.0,-0.125,0.0],
            "duration": 3
          }
        ],
        "looping": true,
        "minDistance": 0.0,
        "minDistanceVolume": 0.5,
        "middleDistance": 8.0,
        "middleDistanceVolume": 0.125,
        "maxDistance": 16.0,
        "maxDistanceVolume": 0.0
      },
      {
        "name": "ivv:transmissionfailshift1",
        "soundVariations": [
          "ivv:transmissionfailshift1",
          "ivv:transmissionfailshift2",
          "ivv:transmissionfailshift3",
          "ivv:transmissionfailshift4"
        ],
        "activeAnimations": [
          {
            "animationType": "visibility",
            "variable": "engine_badshift",
            "clampMin": 1.0,
            "clampMax": 1.0
          }
        ],
        "pitchAnimations": [
          {
            "animationType": "translation",
            "variable": "random",
            "axis": [0.0,0.125,0.0],
            "offset": -0.0625
          },
          {
            "animationType": "translation",
            "variable": "speed",
            "axis": [0.0,0.0125,0.0],
            "offset": 0.75,
            "clampMin": 0.875,
            "clampMax": 1.25
          }
        ],
        "forceSound": true,
        "minDistance": 0.0,
        "minDistanceVolume": 1.0,
        "middleDistance": 8.0,
        "middleDistanceVolume": 0.25,
        "maxDistance": 32.0,
        "maxDistanceVolume": 0.0
      },
      {
        "name": "ivv:transmissionautoselectup",
        "activeAnimations": [
          {
            "animationType": "inhibitor",
            "variable": "engine_gear",
            "clampMin": 2.0,
            "clampMax": 127.0
          },
          {
            "animationType": "visibility",
            "variable": "engine_clutch_upshift",
            "clampMin": 1.0,
            "clampMax": 127.0
          }
        ],
        "minDistance": 0.0,
        "minDistanceVolume": 0.0,
        "middleDistance": 0.0,
        "middleDistanceVolume": 0.0,
        "maxDistance": 16.0,
        "maxDistanceVolume": 0.0
      },
      {
        "name": "ivv:transmissionautoselectdown",
        "activeAnimations": [
          {
            "animationType": "inhibitor",
            "variable": "engine_gear",
            "clampMin": 1.0,
            "clampMax": 127.0
          },
          {
            "animationType": "inhibitor",
            "variable": "engine_gear",
            "clampMin": -127.0,
            "clampMax": -2.0
          },
          {
            "animationType": "visibility",
            "variable": "engine_clutch_downshift",
            "clampMin": 1.0,
            "clampMax": 1.0
          }
        ],
        "minDistance": 0.0,
        "minDistanceVolume": 0.0,
        "middleDistance": 0.0,
        "middleDistanceVolume": 0.0,
        "maxDistance": 16.0,
        "maxDistanceVolume": 0.0
      },
      {
        "name": "ivv:transmissionautooldshiftup",
        "activeAnimations": [
          {
            "animationType": "visibility",
            "variable": "engine_clutch_upshift",
            "clampMin": 1.0,
            "clampMax": 1.0,
            "forwardsDelay": 2
          }
        ],
        "minDistance": 0.0,
        "minDistanceVolume": 0.0,
        "middleDistance": 0.0,
        "middleDistanceVolume": 0.0,
        "maxDistance": 16.0,
        "maxDistanceVolume": 0.0
      },
      {
        "name": "ivv:transmissionautooldshiftdown",
        "activeAnimations": [
          {
            "animationType": "visibility",
            "variable": "engine_clutch_downshift",
            "clampMin": 1.0,
            "clampMax": 1.0,
            "forwardsDelay": 2
          }
        ],
        "minDistance": 0.0,
        "minDistanceVolume": 0.0,
        "middleDistance": 0.0,
        "middleDistanceVolume": 0.0,
        "maxDistance": 16.0,
        "maxDistanceVolume": 0.0
      },
      {
        "name": "ivv:engineplinkaplink",
        "activeAnimations": [
          {
            "animationType": "visibility",
            "variable": "engine_powered",
            "clampMin": 1.0,
            "clampMax": 1.0,
            "reverseDelay": 600
          }
        ],
        "volumeAnimations": [
          {
            "animationType": "translation",
            "variable": "engine_running",
            "axis": [0.0,-0.75,0.0],
            "offset": 1.0
          }
        ],
        "pitchAnimations": [
          {
            "animationType": "translation",
            "variable": "random",
            "axis": [0.0,0.125,0.0],
            "offset": -0.0625
          },
          {
            "animationType": "translation",
            "variable": "engine_temp",
            "axis": [0.0,0.00625,0.0],
            "offset": 0.375,
            "clampMin": 0.5,
            "clampMax": 2.0
          }
        ],
        "looping": true,
        "minDistance": 0.0,
        "minDistanceVolume": 1.0,
        "middleDistance": 12.0,
        "middleDistanceVolume": 0.25,
        "maxDistance": 32.0,
        "maxDistanceVolume": 0.0
      },
      {
        "name": "ivv:hydraulicsupercushion",
        "activeAnimations": [
          {
            "animationType": "visibility",
            "variable": "engine_powered",
            "clampMin": 1.0,
            "clampMax": 1.0,
            "reverseDelay": 100
          },
          {
            "animationType": "inhibitor",
            "variable": "!parent_damage_totaled"
          },
          {
            "animationType": "visibility",
            "variable": "parent_damage_percent",
            "clampMin": 0.75,
            "clampMax": 1.0
          }
        ],
        "volumeAnimations": [
          {
            "animationType": "translation",
            "variable": "!engine_powered",
            "axis": [0.0,0.25,0.0],
            "offset": 0.25,
            "duration": 10
          }
        ],
        "pitchAnimations": [
          {
            "animationType": "translation",
            "variable": "engine_powered",
            "axis": [0.0,0.125,0.0],
            "offset": 1.125,
            "duration": 10
          }
        ],
        "looping": true,
        "minDistance": 0.0,
        "minDistanceVolume": 1.0,
        "middleDistance": 4.0,
        "middleDistanceVolume": 0.25,
        "maxDistance": 16.0,
        "maxDistanceVolume": 0.0
      },
      {
        "name": "ivv:enginepressurehiss",
        "activeAnimations": [
          {
            "animationType": "visibility",
            "variable": "engine_powered",
            "reverseDelay": 100
          },
          {
            "animationType": "inhibitor",
            "variable": "!parent_damage_totaled"
          },
          {
            "animationType": "visibility",
            "variable": "parent_damage_percent",
            "clampMin": 0.75,
            "clampMax": 1.0
          }
        ],
        "minDistance": 0.0,
        "minDistanceVolume": 0.0,
        "middleDistance": 0.0,
        "middleDistanceVolume": 0.0,
        "maxDistance": 16.0,
        "maxDistanceVolume": 0.0
      },
      {
        "name": "ivv:jumpercable",
        "activeAnimations": [
          {
            "animationType": "visibility",
            "variable": "engine_jumper_cable",
            "clampMin": 1.0,
            "clampMax": 1.0
          }
        ],
        "pitchAnimations": [
          {
            "animationType": "translation",
            "variable": "tick_sin",
            "axis": [0.0,0.0625,0.0],
            "offset": 1.0
          },
          {
            "animationType": "translation",
            "variable": "random",
            "axis": [0.0,0.0625,0.0],
            "offset": -0.0375
          }
        ],
        "minDistance": 0.0,
        "minDistanceVolume": 0.0,
        "middleDistance": 0.0,
        "middleDistanceVolume": 0.0,
        "maxDistance": 16.0,
        "maxDistanceVolume": 0.0
      },
      {
        "name": "ivv:engineoverrev",
        "activeAnimations": [
          {
            "animationType": "visibility",
            "variable": "engine_powered",
            "clampMin": 1.0,
            "clampMax": 1.0
          }
        ],
        "volumeAnimations": [
          {
            "animationType": "translation",
            "variable": "engine_rpm_percent_safe",
            "axis": [0.0,10.0,0.0],
            "offset": -10.0
          }
        ],
        "pitchAnimations": [
          {
            "animationType": "translation",
            "variable": "engine_rpm_percent_safe",
            "axis": [0.0,4.0,0.0],
            "offset": -3.5,
            "clampMax": 4.0
          }
        ],
        "looping": true,
        "minDistance": 0.0,
        "minDistanceVolume": 0.0,
        "middleDistance": 0.0,
        "middleDistanceVolume": 0.0,
        "maxDistance": 16.0,
        "maxDistanceVolume": 0.0
      },
      {
        "name": "ivv:enginehourrattle",
        "activeAnimations": [
          {
            "animationType": "visibility",
            "variable": "engine_powered",
            "clampMin": 1.0,
            "clampMax": 1.0
          },
          {
            "animationType": "inhibitor",
            "variable": "parent_damage_percent",
            "clampMin": 0.5,
            "clampMax": 1.0
          },
          {
            "animationType": "visibility",
            "variable": "engine_hours",
            "clampMin": 500.0,
            "clampMax": 999999.0
          }
        ],
        "volumeAnimations": [
          {
            "animationType": "translation",
            "variable": "throttle",
            "axis": [0.0,-1.5,0.0],
            "offset": 1.0,
            "duration": 10
          },
          {
            "animationType": "translation",
            "variable": "engine_rpm_percent",
            "axis": [0.0,1.75,0.0],
            "offset": -1.25,
            "clampMax": 1.5
          }
        ],
        "pitchAnimations": [
          {
            "animationType": "translation",
            "variable": "throttle",
            "axis": [0.0,0.25,0.0],
            "offset": 0.75,
            "duration": 20
          }
        ],
        "looping": true,
        "minDistance": 0.0,
        "minDistanceVolume": 0.0,
        "middleDistance": 0.0,
        "middleDistanceVolume": 0.0,
        "maxDistance": 16.0,
        "maxDistanceVolume": 0.0
      },
      {
        "name": "ivv:engineclunk",
        "activeAnimations": [
          {
            "animationType": "visibility",
            "variable": "engine_powered",
            "clampMin": 1.0,
            "clampMax": 1.0,
            "reverseDelay": 20
          },
          {
            "animationType": "inhibitor",
            "variable": "parent_damage_percent",
            "clampMin": 0.875,
            "clampMax": 1.0
          },
          {
            "animationType": "visibility",
            "variable": "engine_hours",
            "clampMin": 500.0,
            "clampMax": 999999.0
          }
        ],
        "volumeAnimations": [
          {
            "animationType": "translation",
            "variable": "engine_powered",
            "axis": [0.0,1.0,0.0],
            "duration": 10,
            "reverseDelay": 10
          },
          {
            "animationType": "translation",
            "variable": "throttle",
            "axis": [0.0,-0.375,0.0],
            "duration": 10
          },
          {
            "animationType": "translation",
            "variable": "throttle",
            "axis": [0.0,-0.375,0.0]
          },
          {
            "animationType": "translation",
            "variable": "engine_rpm_percent",
            "axis": [0.0,-0.25,0.0]
          }
        ],
        "pitchAnimations": [
          {
            "animationType": "translation",
            "variable": "engine_rpm_percent",
            "axis": [0.0,1.0,0.0],
            "offset": 0.9375
          },
          {
            "animationType": "translation",
            "variable": "tick_sin",
            "axis": [0.0,0.0625,0.0]
          }
        ],
        "looping": true,
        "minDistance": 0.0,
        "minDistanceVolume": 0.0,
        "middleDistance": 0.0,
        "middleDistanceVolume": 0.0,
        "maxDistance": 16.0,
        "maxDistanceVolume": 0.0
      },
      {
        "name": "ivv:crankinsolvo4start",
        "activeAnimations": [
          {
            "animationType": "visibility",
            "variable": "engine_starter",
            "clampMin": 1.0,
            "clampMax": 1.0
          }
        ],
        "minDistance": 0.0,
        "minDistanceVolume": 0.0,
        "middleDistance": 0.0,
        "middleDistanceVolume": 0.0,
        "maxDistance": 16.0,
        "maxDistanceVolume": 0.0
      },
      {
        "name": "ivv:crankinsolvo4",
        "activeAnimations": [
          {
            "animationType": "visibility",
            "variable": "engine_starter",
            "clampMin": 1.0,
            "clampMax": 1.0,
            "forwardsDelay": 19
          }
        ],
        "volumeAnimations": [
          {
            "animationType": "translation",
            "variable": "electric_power",
            "axis": [0.0,0.25,0.0],
            "offset": 1.0,
            "clampMin": 1.0,
            "clampMax": 1.0
          }
        ],
        "pitchAnimations": [
          {
            "animationType": "translation",
            "variable": "electric_power",
            "axis": [0.0,0.0,0.0],
            "offset": 1.0,
            "clampMin": 1.0,
            "clampMax": 1.0
          }
        ],
        "looping": true,
        "minDistance": 0.0,
        "minDistanceVolume": 0.0,
        "middleDistance": 0.0,
        "middleDistanceVolume": 0.0,
        "maxDistance": 16.0,
        "maxDistanceVolume": 0.0
      },
      {
        "name": "ivv:crankinsolvo4stop",
        "activeAnimations": [
          {
            "animationType": "visibility",
            "variable": "engine_starter"
          }
        ],
        "minDistance": 0.0,
        "minDistanceVolume": 0.0,
        "middleDistance": 0.0,
        "middleDistanceVolume": 0.0,
        "maxDistance": 16.0,
        "maxDistanceVolume": 0.0
      },
      {
        "name": "ivv:engineexhaust4cyl",
        "activeAnimations": [
          {
            "animationType": "visibility",
            "variable": "engine_powered",
            "clampMin": 1.0,
            "clampMax": 1.0
          }
        ],
        "volumeAnimations": [
          {
            "animationType": "translation",
            "variable": "generic_engine_upgrade_2",
            "axis": [0.0,0.4,0.0]
          },
          {
            "animationType": "translation",
            "variable": "throttle",
            "axis": [0.0,0.125,0.0],
            "offset": -0.125,
            "duration": 4
          },
          {
            "animationType": "translation",
            "variable": "throttle",
            "axis": [0.0,0.125,0.0],
            "offset": -0.125
          },
          {
            "animationType": "translation",
            "variable": "engine_rpm_percent_safe",
            "axis": [0.0,0.25,0.0],
            "offset": 0.25
          }
        ],
        "pitchAnimations": [
          {
            "animationType": "translation",
            "variable": "generic_engine_upgrade_2",
            "axis": [0.0,0.4,0.0]
          },
          {
            "animationType": "translation",
            "variable": "throttle",
            "axis": [0.0,0.05,0.0],
            "offset": -0.05
          },
          {
            "animationType": "translation",
            "variable": "engine_rpm_percent",
            "axis": [0.0,2.5,0.0]
          }
        ],
        "looping": true,
        "isExterior": true,
        "minDistance": 0.0,
        "minDistanceVolume": 0.5,
        "middleDistance": 8.0,
        "middleDistanceVolume": 0.75,
        "maxDistance": 48.0,
        "maxDistanceVolume": -0.25
      },
      {
        "name": "ivv:i4insolvoidling",
        "activeAnimations": [
          {
            "animationType": "visibility",
            "variable": "engine_powered",
            "clampMin": 1.0,
            "clampMax": 1.0
          }
        ],
        "volumeAnimations": [
          {
            "animationType": "translation",
            "variable": "throttle",
            "axis": [0.0,0.25,0.0],
            "offset": -0.25,
            "duration": 4
          },
          {
            "animationType": "translation",
            "variable": "throttle",
            "axis": [0.0,0.25,0.0],
            "offset": -0.25
          },
          {
            "animationType": "translation",
            "variable": "engine_rpm_percent_safe",
            "axis": [0.0,-0.5,0.0],
            "offset": 1.0
          }
        ],
        "pitchAnimations": [
          {
            "animationType": "translation",
            "variable": "engine_rpm_percent",
            "axis": [0.0,2.875,0.0],
            "offset": 0.875
          }
        ],
        "looping": true,
        "minDistance": 0.0,
        "minDistanceVolume": 0.0,
        "middleDistance": 0.0,
        "middleDistanceVolume": 0.0,
        "maxDistance": 16.0,
        "maxDistanceVolume": 0.0
      },
      {
        "name": "ivv:i4insolvoload",
        "activeAnimations": [
          {
            "animationType": "visibility",
            "variable": "engine_powered",
            "clampMin": 1.0,
            "clampMax": 1.0
          }
        ],
        "volumeAnimations": [
          {
            "animationType": "translation",
            "variable": "throttle",
            "axis": [0.0,0.25,0.0],
            "duration": 4
          },
          {
            "animationType": "translation",
            "variable": "throttle",
            "axis": [0.0,0.25,0.0],
            "offset": -0.25
          },
          {
            "animationType": "translation",
            "variable": "engine_rpm_percent_safe",
            "axis": [0.0,1.0,0.0]
          }
        ],
        "pitchAnimations": [
          {
            "animationType": "translation",
            "variable": "throttle",
            "axis": [0.0,0.05,0.0],
            "offset": -0.05
          },
          {
            "animationType": "translation",
            "variable": "engine_rpm_percent",
            "axis": [0.0,1.625,0.0],
            "offset": 0.375
          }
        ],
        "looping": true,
        "minDistance": 0.0,
        "minDistanceVolume": 0.0,
        "middleDistance": 0.0,
        "middleDistanceVolume": 0.0,
        "maxDistance": 32.0,
        "maxDistanceVolume": 0.0
      }
    ],
    "particles": [
      {
        "type": "flame",
        "spawningOrientation": "entity",
        "renderingOrientation": "player",
        "quantity": 2,
        "duration": 20,
        "transparency": 1.0,
        "scale": 0.6,
        "toScale": 0.8,
        "hitboxSize": 0.2,
        "color": "FFFFFF",
        "pos": [0.0,0.0,0.625],
        "spreadRandomness": [0.0,0.25,0.375],
        "initialVelocity": [0.0,0.0,0.375],
        "activeAnimations": [
          {
            "animationType": "visibility",
            "variable": "2_4_2_cycle",
            "clampMin": 1.0,
            "clampMax": 1.0
          },
          {
            "animationType": "visibility",
            "variable": "engine_powered",
            "clampMin": 1.0,
            "clampMax": 1.0
          },
          {
            "animationType": "inhibitor",
            "variable": "!parent_damage_totaled"
          },
          {
            "animationType": "visibility",
            "variable": "parent_damage_percent",
            "clampMin": 0.875,
            "clampMax": 1.0
          }
        ]
      },
      {
        "type": "smoke",
        "spawningOrientation": "entity",
        "renderingOrientation": "player",
        "quantity": 4,
        "duration": 60,
        "transparency": 0.75,
        "fadeTransparencyTime": 20,
        "scale": 0.8,
        "toScale": 1.6,
        "hitboxSize": 0.2,
        "color": "555555",
        "pos": [0.0,0.0,0.625],
        "spreadRandomness": [0.0,0.25,1.0],
        "initialVelocity": [0.0,0.0,1.5],
        "activeAnimations": [
          {
            "animationType": "visibility",
            "variable": "1_2_1_cycle",
            "clampMin": 1.0,
            "clampMax": 1.0
          },
          {
            "animationType": "visibility",
            "variable": "engine_powered",
            "clampMin": 1.0,
            "clampMax": 1.0,
            "reverseDelay": 100
          },
          {
            "animationType": "inhibitor",
            "variable": "!parent_damage_totaled"
          },
          {
            "animationType": "visibility",
            "variable": "parent_damage_percent",
            "clampMin": 0.75,
            "clampMax": 1.0
          }
        ]
      },
      {
        "type": "smoke",
        "spawningOrientation": "entity",
        "renderingOrientation": "player",
        "quantity": 8,
        "duration": 40,
        "transparency": 0.75,
        "fadeTransparencyTime": 20,
        "scale": 1.2,
        "toScale": 2.4,
        "hitboxSize": 0.2,
        "color": "888888",
        "pos": [0.0,0.0,0.625],
        "spreadRandomness": [0.0,1.0,6.0],
        "initialVelocity": [0.0,0.0,0.75],
        "activeAnimations": [
          {
            "animationType": "visibility",
            "variable": "engine_powered",
            "reverseDelay": 100
          },
          {
            "animationType": "inhibitor",
            "variable": "!parent_damage_totaled"
          },
          {
            "animationType": "visibility",
            "variable": "parent_damage_percent",
            "clampMin": 0.75,
            "clampMax": 1.0
          }
        ]
      },
      {
        "type": "generic",
        "spawningOrientation": "entity",
        "renderingOrientation": "player",
        "quantity": 8,
        "duration": 10,
        "transparency": 0.375,
        "fadeTransparencyTime": 5,
        "scale": 0.025,
        "toScale": 0.05,
        "hitboxSize": 0.1,
        "texture": "ivv:textures/particles/pattern7.png",
        "color": "EDAC28",
        "pos": [0.0,0.25,0.375],
        "spreadRandomness": [0.25,0.5,0.25],
        "initialVelocity": [0.0,0.625,0.125],
        "movementVelocity": [0.0,-0.01,0.0],
        "terminalVelocity": [2048.0,2048.0,2048.0],
        "activeAnimations": [
          {
            "animationType": "visibility",
            "variable": "engine_jumper_cable",
            "clampMin": 1.0,
            "clampMax": 1.0
          }
        ]
      },
      {
        "type": "smoke",
        "spawnEveryTick": true,
        "spawningOrientation": "entity",
        "renderingOrientation": "player",
        "quantity": 2,
        "duration": 60,
        "transparency": 0.25,
        "fadeTransparencyTime": 20,
        "scale": 0.75,
        "toScale": 1.5,
        "hitboxSize": 0.2,
        "color": "F0F0F0",
        "pos": [0.0,0.25,0.375],
        "spreadRandomness": [0.25,0.25,0.25],
        "initialVelocity": [0.0,0.625,0.0],
        "movementVelocity": [0.0,-0.00125,0.0],
        "terminalVelocity": [2048.0,2048,2048.0],
        "activeAnimations": [
          {
            "animationType": "visibility",
            "variable": "engine_temp",
            "clampMin": 105.0,
            "clampMax": 115.0
          }
        ]
      },
      {
        "type": "smoke",
        "spawnEveryTick": true,
        "spawningOrientation": "entity",
        "renderingOrientation": "player",
        "quantity": 3,
        "duration": 80,
        "transparency": 0.375,
        "fadeTransparencyTime": 20,
        "scale": 1.0,
        "toScale": 2.0,
        "hitboxSize": 0.2,
        "color": "2F2F2F",
        "pos": [0.0,0.25,0.375],
        "spreadRandomness": [0.25,0.25,0.25],
        "initialVelocity": [0.0,0.625,0.0],
        "movementVelocity": [0.0,-0.00125,0.0],
        "terminalVelocity": [2048.0,2048,2048.0],
        "activeAnimations": [
          {
            "animationType": "visibility",
            "variable": "engine_temp",
            "clampMin": 115.0,
            "clampMax": 1000.0
          }
        ]
      },
      {
        "type": "flame",
        "spawnEveryTick": true,
        "spawningOrientation": "entity",
        "renderingOrientation": "player",
        "quantity": 2,
        "duration": 20,
        "transparency": 1.0,
        "scale": 0.6,
        "toScale": 0.8,
        "hitboxSize": 0.2,
        "color": "FFFFFF",
        "pos": [0.0,0.0,0.625],
        "spreadRandomness": [0.375,0.125,0.375],
        "initialVelocity": [0.0,0.25,0.0],
        "activeAnimations": [
          {
            "animationType": "visibility",
            "variable": "2_4_2_cycle",
            "clampMin": 1.0,
            "clampMax": 1.0
          },
          {
            "animationType": "visibility",
            "variable": "engine_temp",
            "clampMin": 125.0,
            "clampMax": 1000.0
          }
        ]
      }
    ],
    "modelType": "obj"
  },
  "general": {
    "name": "Insolvo I4 Engine §9(Automatic)",
    "description": "2.9L8V Budget IVLabs Motor",
    "health": 100,
    "materialLists": [
      [
        "mts:ivv.engineblock:0:1",
        "mts:ivv.enginepiston:0:4",
        "mts:ivv.fuelcarb:0:1",
        "mts:ivv.gearboxmanual:0:1"
      ]
    ],
    "repairMaterialLists": [
      [
        "mts:ivv.oilcan:0:1",
        "mts:ivv.tape:0:1"
      ]
    ],
    "radarWidth": 0.0,
    "radarRange": 0.0
  }
}
