{
  "motorized": {
    "isFrontWheelDrive": true,
    "isRearWheelDrive": true,
    "hasAutopilot": true,
    "emptyMass": 1900,
    "fuelCapacity": 24000,
    "axleRatio": 3.3,
    "dragCoefficient": 0.5,
    "brakingFactor": 1.2,
    "downForce": 0.225,
    "overSteer": 1,
    "maxTiltAngle": -3
  },
  "parts": [
    {
      "pos": [-1.125,0.0,0.0],
      "minValue": 0.7,
      "maxValue": 1.0,
      "types": ["ground_wheel"]
    },
    {
      "pos": [1.125,0.0,0.0],
      "minValue": 0.7,
      "maxValue": 1.0,
      "types": ["ground_wheel"]
    },
    {
      "pos": [-1.125,0.0,3.125],
      "turnsWithSteer": true,
      "minValue": 0.7,
      "maxValue": 1.0,
      "types": ["ground_wheel"],
      "animations": [
        {
          "animationType": "rotation",
          "variable": "rudder",
          "centerPoint": [0.0,0.0,0.0],
          "axis": [0.0,-1.0,0.0]
        }
      ]
    },
    {
      "pos": [1.125,0.0,3.125],
      "turnsWithSteer": true,
      "minValue": 0.7,
      "maxValue": 1.0,
      "types": ["ground_wheel"],
      "animations": [
        {
          "animationType": "rotation",
          "variable": "rudder",
          "centerPoint": [0.0,0.0,0.0],
          "axis": [0.0,-1.0,0.0]
        }
      ]
    },
    {
      "pos": [0.625,0.4375,1.6875],
      "rot": [0.0,0.0,0.0],
      "dismountPos": [1.625,0.5,1.6875],
      "isController": true,
      "types": ["seat"],
      "linkedDoors": ["door_fl"]
    },
    {
      "pos": [-0.625,0.4375,1.6875],
      "rot": [0.0,0.0,0.0],
      "dismountPos": [-1.625,0.5,1.6875],
      "types": ["seat"],
      "additionalParts": [
        {
          "pos": [-0.625,0.44,1.6875],
          "rot": [0.0,90.0,0.0],
          "maxValue": 2.0,
          "types": ["interactable_luggage"]
        }
      ],
      "linkedDoors": ["door_fr"]
    },
    {
      "pos": [0.4375,0.5625,0.125],
      "rot": [0.0,0.0,0.0],
      "dismountPos": [1.4375,0.5,0.125],
      "types": ["seat"],
      "additionalParts": [
        {
          "pos": [0.4375,0.57,0.125],
          "rot": [0.0,90.0,0.0],
          "maxValue": 2.0,
          "types": ["interactable_luggage"]
        }
      ],
      "linkedDoors": ["door_fl"]
    },
    {
      "pos": [-0.4375,0.5625,0.125],
      "rot": [0.0,0.0,0.0],
      "dismountPos": [-1.4375,0.5,0.125],
      "types": ["seat"],
      "additionalParts": [
        {
          "pos": [-0.4375,0.57,0.125],
          "rot": [0.0,90.0,0.0],
          "maxValue": 2.0,
          "types": ["interactable_luggage"]
        }
      ],
      "linkedDoors": ["door_fr"]
    },
    {
      "pos": [0.0,0.25,2.75],
      "rot": [0.0,0.0,0.0],
      "minValue": 0.3,
      "maxValue": 0.4,
      "types": ["engine_car"],
      "linkedDoors": ["door_hood"]
    },
    {
      "pos": [0.0,1.9375,1.96875],
      "maxValue": 3.0,
      "types": ["generic_lightbar"]
    },
    {
      "pos": [0.0,1.9375,1.71875],
      "maxValue": 3.0,
      "types": ["generic_roofdevice"]
    },
    {
      "pos": [0.0,0.15625,4.1875],
      "maxValue": 2.0,
      "types": ["generic_bullbar"]
    },
    {
      "pos": [-0.5625,0.3125,-0.9375],
      "rot": [1.0,93.0,-2.0],
      "maxValue": 2.0,
      "types": ["interactable_luggage"],
      "linkedDoors": ["door_boot"]
    },
    {
      "pos": [0.5625,0.3125,-0.9375],
      "rot": [2.0,87.0,-1.0],
      "maxValue": 2.0,
      "types": ["interactable_luggage"],
      "linkedDoors": ["door_boot"]
    },
    {
      "pos": [0.0,0.375,-0.5],
      "rot": [0.0,92.0,3.0],
      "maxValue": 2.0,
      "types": ["interactable_luggage"],
      "linkedDoors": ["door_boot"]
    },
    {
      "pos": [0.625,0.39063,-1.45938],
      "rot": [0.0,0.0,0.0],
      "maxValue": 1.0,
      "types": ["generic_bumpersticker"]
    },
    {
      "pos": [-0.625,0.39063,-1.45938],
      "rot": [0.0,0.0,0.0],
      "maxValue": 1.0,
      "types": ["generic_bumpersticker"]
    },
    {
      "pos": [0.0,1.9375,0.5],
      "maxValue": 3.0,
      "types": ["interactable_crate_roof"]
    },
    {
      "pos": [0.0,0.28125,4.313],
      "rot": [0.0,0.0,0.0],
      "maxValue": 3.0,
      "defaultPart": "iv_tpp:plate_gramados",
      "types": ["generic_licenseplate_us","generic_licenseplate_euro"]
    },
    {
      "pos": [0.0,0.4375,-1.46938],
      "rot": [0.0,180.0,0.0],
      "maxValue": 3.0,
      "defaultPart": "iv_tpp:plate_gramados",
      "types": ["generic_licenseplate_us","generic_licenseplate_euro"]
    }
  ],
  "collision": [
    {
      "pos": [0.0,1.0,3.25],
      "width": 2.0,
      "height": 0.125
    },
    {
      "pos": [0.0,1.9375,1.125],
      "width": 2.0,
      "height": 0.125
    },
    {
      "pos": [0.0,1.9375,-0.125],
      "width": 2.0,
      "height": 0.125
    },
    {
      "pos": [-1.125,0.7,0.0],
      "width": 0.125,
      "height": 0.125
    },
    {
      "pos": [1.125,0.7,0.0],
      "width": 0.125,
      "height": 0.125
    },
    {
      "pos": [-1.125,0.7,3.125],
      "width": 0.125,
      "height": 0.125
    },
    {
      "pos": [1.125,0.7,3.125],
      "width": 0.125,
      "height": 0.125
    }
  ],
  "doors": [
    {
      "name": "door_fl",
      "closedPos": [1.1875,0.90625,0.96875],
      "openPos": [2.40625,0.90625,1.59375],
      "width": 0.3125,
      "height": 0.125,
      "closeOnMovement": true,
      "activateOnSeated": true
    },
    {
      "name": "door_fl",
      "closedPos": [1.1875,0.90625,2.09375],
      "openPos": [1.4375,0.90625,2.15625],
      "width": 0.3125,
      "height": 0.125,
      "closeOnMovement": true,
      "activateOnSeated": true
    },
    {
      "name": "door_fr",
      "closedPos": [-1.1875,0.90625,0.96875],
      "openPos": [-2.40625,0.90625,1.59375],
      "width": 0.3125,
      "height": 0.125,
      "closeOnMovement": true,
      "activateOnSeated": true
    },
    {
      "name": "door_fr",
      "closedPos": [-1.1875,0.90625,2.09375],
      "openPos": [-1.4375,0.90625,2.15625],
      "width": 0.3125,
      "height": 0.125,
      "closeOnMovement": true,
      "activateOnSeated": true
    },
    {
      "name": "door_hood",
      "closedPos": [0.0,0.875,3.6875],
      "openPos": [0.0,2.0,3.3125],
      "width": 1.0,
      "height": 0.5
    },
    {
      "name": "door_boot",
      "closedPos": [0.0,0.96875,-1.34375],
      "openPos": [0.0,0.59375,-1.90625],
      "width": 0.3125,
      "height": 0.125,
      "closedByDefault": true,
      "activateOnSeated": true
    }
  ],
  "connectionGroups": [
    {
      "groupName": "HOOKUP",
      "hookup": true,
      "connections": [
        {
          "type": "tow_bumper",
          "pos": [0.0,0.0625,4.25],
          "distance": 0.0
        },
        {
          "type": "tow_wheel",
          "pos": [0.0,-0.5,3.125],
          "distance": 0.0
        }
      ]
    },
    {
      "groupName": "TRAILER",
      "canIntiateConnections": true,
      "connections": [
        {
          "type": "trailer_standard",
          "pos": [0.0,0.25,-1.375],
          "distance": 0.0
        }
      ]
    }
  ],
  "instruments": [
    {
      "pos": [0.9375,0.9625,2.35875],
      "rot": [0.0,0.0,0.0],
      "scale": 0.015625,
      "hudX": 80,
      "hudY": 36,
      "hudScale": 0.25
    },
    {
      "pos": [0.75,0.975,2.35875],
      "rot": [0.0,0.0,0.0],
      "scale": 0.015625,
      "hudX": 160,
      "hudY": 36,
      "hudScale": 0.5
    },
    {
      "pos": [0.5,0.975,2.35875],
      "rot": [0.0,0.0,0.0],
      "scale": 0.015625,
      "hudX": 240,
      "hudY": 36,
      "hudScale": 0.5
    },
    {
      "pos": [0.3125,0.9625,2.35875],
      "rot": [0.0,0.0,0.0],
      "scale": 0.015625,
      "hudX": 320,
      "hudY": 36,
      "hudScale": 0.25
    }
  ],
  "definitions": [
    {
      "subName": "_white_g",
      "name": "Trin Small Sportail root trim - white paint, gray interior",
      "extraMaterials": ["mts:iv_tpp.paint_bucket_white:0:1","minecraft:wool:7:2","minecraft:wool:8:3"]
    },
    {
      "subName": "_white_w",
      "name": "Trin Small Sportail root trim - white paint, white interior",
      "extraMaterials": ["mts:iv_tpp.paint_bucket_white:0:1","minecraft:wool:8:2","minecraft:wool:0:3"]
    },
    {
      "subName": "_slimelime_g",
      "name": "Trin Small Sportail root trim - slimelime paint, gray interior",
      "extraMaterials": ["mts:iv_tpp.paint_bucket_slimelime:0:1","minecraft:wool:7:2","minecraft:wool:8:3"]
    },
    {
      "subName": "_slimelime_w",
      "name": "Trin Small Sportail root trim - slimelime paint, white interior",
      "extraMaterials": ["mts:iv_tpp.paint_bucket_slimelime:0:1","minecraft:wool:8:2","minecraft:wool:0:3"]
    },
    {
      "subName": "_amber_g",
      "name": "Trin Small Sportail root trim - amber paint, gray interior",
      "extraMaterials": ["mts:iv_tpp.paint_bucket_amber:0:1","minecraft:wool:7:2","minecraft:wool:8:3"]
    },
    {
      "subName": "_amber_w",
      "name": "Trin Small Sportail root trim - amber paint, white interior",
      "extraMaterials": ["mts:iv_tpp.paint_bucket_amber:0:1","minecraft:wool:8:2","minecraft:wool:0:3"]
    }
  ],
  "rendering": {
    "textObjects": [],
    "animatedObjects": [
      {
        "objectName": "$steer",
        "animations": [
          {
            "animationType": "rotation",
            "variable": "rudder",
            "centerPoint": [0.625,0.90625,2.25],
            "axis": [0.0,0.0,1.0]
          }
        ]
      },
      {
        "objectName": "$gas",
        "animations": [
          {
            "animationType": "rotation",
            "variable": "throttle",
            "centerPoint": [0.0,0.5625,2.625],
            "axis": [-30.0,0.0,0.0]
          }
        ]
      },
      {
        "objectName": "$brake",
        "animations": [
          {
            "animationType": "rotation",
            "variable": "brake",
            "centerPoint": [0.0,0.5625,2.625],
            "axis": [-30.0,0.0,0.0]
          }
        ]
      },
      {
        "objectName": "$p_brake",
        "animations": [
          {
            "animationType": "rotation",
            "variable": "p_brake",
            "centerPoint": [0.0,0.3125,1.53125],
            "axis": [-30.0,0.0,0.0],
            "duration": 5
          }
        ]
      },
      {
        "objectName": "$shift",
        "animations": [
          {
            "animationType": "rotation",
            "variable": "engine_gearshift_1",
            "centerPoint": [0.0,0.39063,1.96875],
            "axis": [1.0,0.0,0.0],
            "duration": 5
          }
        ]
      },
      {
        "objectName": "$doorFR",
        "animations": [
          {
            "animationType": "rotation",
            "variable": "door_fr",
            "centerPoint": [-1.28125,1.0,2.375],
            "axis": [0.0,60.0,0.0],
            "duration": 20,
            "forwardsStartSound": "iv_tpp:dooropen",
            "reverseEndSound": "iv_tpp:doorclose"
          }
        ]
      },
      {
        "objectName": "$doorwindowFR",
        "animations": [
          {
            "animationType": "rotation",
            "variable": "door_fr",
            "centerPoint": [-1.28125,1.0,2.375],
            "axis": [0.0,60.0,0.0],
            "duration": 20,
            "forwardsStartSound": "iv_tpp:dooropen",
            "reverseEndSound": "iv_tpp:doorclose"
          }
        ]
      },
      {
        "objectName": "$doorFL",
        "animations": [
          {
            "animationType": "rotation",
            "variable": "door_fl",
            "centerPoint": [1.28125,1.0,2.375],
            "axis": [0.0,-60.0,0.0],
            "duration": 20,
            "forwardsStartSound": "iv_tpp:dooropen",
            "reverseEndSound": "iv_tpp:doorclose"
          }
        ]
      },
      {
        "objectName": "$doorwindowFL",
        "animations": [
          {
            "animationType": "rotation",
            "variable": "door_fl",
            "centerPoint": [1.28125,1.0,2.375],
            "axis": [0.0,-60.0,0.0],
            "duration": 20,
            "forwardsStartSound": "iv_tpp:dooropen",
            "reverseEndSound": "iv_tpp:doorclose"
          }
        ]
      },
      {
        "objectName": "$hood",
        "animations": [
          {
            "animationType": "rotation",
            "variable": "door_hood",
            "centerPoint": [0.0,1.0625,2.8125],
            "axis": [-60.0,0.0,0.0],
            "duration": 10,
            "forwardsStartSound": "iv_tpp:hoodopen",
            "reverseStartSound": "iv_tpp:hoodclose"
          }
        ]
      },
      {
        "objectName": "$boot",
        "animations": [
          {
            "animationType": "rotation",
            "variable": "door_boot",
            "centerPoint": [0.0,0.5,-1.46875],
            "axis": [-90.0,0.0,0.0],
            "duration": 20,
            "forwardsStartSound": "iv_tpp:bootopen",
            "reverseEndSound": "iv_tpp:bootclose"
          }
        ]
      },
      {
        "objectName": "$bootwindow",
        "animations": [
          {
            "animationType": "rotation",
            "variable": "door_boot",
            "centerPoint": [0.0,1.6875,-0.99375],
            "axis": [120.0,0.0,0.0],
            "duration": 20,
            "forwardsStartSound": "iv_tpp:bootopen",
            "reverseEndSound": "iv_tpp:bootclose"
          }
        ]
      }
    ],
    "sounds": [
      {
        "name": "iv_tcp_v3:horn_1",
        "activeAnimations": [
          {
            "animationType": "visibility",
            "variable": "horn",
            "clampMin": 1.0,
            "clampMax": 1.0
          }
        ],
        "looping": true
      }
    ],
    "particles": [
      {
        "type": "smoke",
        "activeAnimations": [
          {
            "animationType": "visibility",
            "variable": "engine_piston_1_2_cam_1",
            "clampMin": 1.0,
            "clampMax": 1.0
          }
        ],
        "color": "#D9D9D9",
        "transparency": 0.25,
        "toTransparency": 0.25,
        "scale": 1.0,
        "pos": [1.1875,-0.0625,0.75],
        "initialVelocity": [1.0,0.0,0.0]
      },
      {
        "type": "smoke",
        "activeAnimations": [
          {
            "animationType": "visibility",
            "variable": "engine_backfired_1",
            "clampMin": 1.0,
            "clampMax": 1.0
          }
        ],
        "color": "#000000",
        "scale": 2.5,
        "pos": [1.1875,-0.0625,0.75],
        "initialVelocity": [1.0,0.0,0.0],
        "quantity": 5
      },
      {
        "type": "smoke",
        "activeAnimations": [
          {
            "animationType": "visibility",
            "variable": "engine_piston_2_2_cam_1",
            "clampMin": 1.0,
            "clampMax": 1.0
          }
        ],
        "color": "#D9D9D9",
        "transparency": 0.25,
        "toTransparency": 0.25,
        "scale": 1.0,
        "pos": [-1.1875,-0.0625,0.75],
        "initialVelocity": [-1.0,0.0,0.0]
      },
      {
        "type": "smoke",
        "activeAnimations": [
          {
            "animationType": "visibility",
            "variable": "engine_backfired_1",
            "clampMin": 1.0,
            "clampMax": 1.0
          }
        ],
        "color": "#000000",
        "scale": 2.5,
        "pos": [-1.1875,-0.0625,0.75],
        "initialVelocity": [-1.0,0.0,0.0],
        "quantity": 5
      }
    ]
  },
  "prefixFolders": "c - high end/f - suv/",
  "packID": "iv_tcp_v3",
  "systemName": "trin_sportail_small_root",
  "classification": "vehicle",
  "general": {
    "description": "High End Compact SUV\n3 door, 4 seater\n\nRecommended parts:\nLarge Sized Wheels\nV6 Engine\nModel 1 Seats",
    "materials": ["minecraft:iron_ingot:0:16","minecraft:iron_block:0:5","minecraft:glowstone_dust:0:16","minecraft:glass_pane:0:8","mts:iv_tpp.metal_pile_2:0:1","mts:iv_tpp.chassis_lco_ladder_t5m:0:1"]
  }
}
