{
  "motorized": {
    "isFrontWheelDrive": true,
    "isRearWheelDrive": true,
    "emptyMass": 970,
    "fuelCapacity": 25000,
    "axleRatio": 3.3,
    "dragCoefficient": 0.5,
    "brakingFactor": 1.1,
    "downForce": 0.3,
    "overSteer": 2,
    "maxTiltAngle": -4
  },
  "parts": [
    {
      "pos": [1.1875,0.0,0.0],
      "minValue": 1.1,
      "maxValue": 1.13,
      "types": ["ground_wheel"]
    },
    {
      "pos": [-1.1875,0.0,0.0],
      "minValue": 1.1,
      "maxValue": 1.13,
      "types": ["ground_wheel"]
    },
    {
      "pos": [1.1875,0.0,3.125],
      "turnsWithSteer": true,
      "minValue": 1.1,
      "maxValue": 1.13,
      "types": ["ground_wheel"],
      "animations": [
        {
          "animationType": "rotation",
          "variable": "rudder",
          "centerPoint": [0.0,0.0,0.0],
          "axis": [0.0,-1.0,0.0]
        }
      ]
    },
    {
      "pos": [-1.1875,0.0,3.125],
      "turnsWithSteer": true,
      "minValue": 1.1,
      "maxValue": 1.13,
      "types": ["ground_wheel"],
      "animations": [
        {
          "animationType": "rotation",
          "variable": "rudder",
          "centerPoint": [0.0,0.0,0.0],
          "axis": [0.0,-1.0,0.0]
        }
      ]
    },
    {
      "pos": [0.59375,0.625,1.4375],
      "rot": [0.0,0.0,0.0],
      "dismountPos": [1.59375,0.625,1.4375],
      "isController": true,
      "types": ["seat"],
      "linkedDoors": ["door_fl"]
    },
    {
      "pos": [-0.59375,0.625,1.4375],
      "rot": [0.0,0.0,0.0],
      "dismountPos": [-1.59375,0.625,1.4375],
      "types": ["seat"],
      "additionalParts": [
        {
          "pos": [-0.59375,0.7,1.6875],
          "rot": [0.0,90.0,0.0],
          "maxValue": 2.0,
          "types": ["interactable_luggage"]
        }
      ],
      "linkedDoors": ["door_fr"]
    },
    {
      "pos": [0.0,0.4375,2.75],
      "rot": [0.0,0.0,0.0],
      "minValue": 0.45,
      "maxValue": 0.55,
      "types": ["engine_car"],
      "linkedDoors": ["door_hood"]
    },
    {
      "pos": [0.0,2.125,1.96875],
      "maxValue": 3.0,
      "types": ["generic_lightbar","generic_roofdevice"]
    },
    {
      "pos": [0.0,2.125,1.34375],
      "maxValue": 3.0,
      "types": ["generic_lightbar","generic_roofdevice"]
    },
    {
      "pos": [0.0,0.34375,4.1875],
      "maxValue": 2.0,
      "types": ["generic_bullbar"]
    },
    {
      "pos": [0.625,0.57813,-1.45938],
      "rot": [0.0,0.0,0.0],
      "maxValue": 1.0,
      "types": ["generic_bumpersticker"]
    },
    {
      "pos": [-0.625,0.57813,-1.45938],
      "rot": [0.0,0.0,0.0],
      "maxValue": 1.0,
      "types": ["generic_bumpersticker"]
    }
  ],
  "collision": [
    {
      "pos": [0.0,1.1875,3.25],
      "width": 2.0,
      "height": 0.125
    },
    {
      "pos": [0.0,2.125,1.125],
      "width": 2.0,
      "height": 0.125
    },
    {
      "pos": [0.0,2.125,-0.125],
      "width": 2.0,
      "height": 0.125
    }
  ],
  "doors": [
    {
      "name": "door_fl",
      "closedPos": [1.1875,1.09375,0.96875],
      "openPos": [2.40625,1.09375,1.59375],
      "width": 0.3125,
      "height": 0.125,
      "closeOnMovement": true,
      "activateOnSeated": true
    },
    {
      "name": "door_fl",
      "closedPos": [1.1875,1.09375,2.09375],
      "openPos": [1.4375,1.09375,2.15625],
      "width": 0.3125,
      "height": 0.125,
      "closeOnMovement": true,
      "activateOnSeated": true
    },
    {
      "name": "door_fr",
      "closedPos": [-1.1875,1.09375,0.96875],
      "openPos": [-2.40625,1.09375,1.59375],
      "width": 0.3125,
      "height": 0.125,
      "closeOnMovement": true,
      "activateOnSeated": true
    },
    {
      "name": "door_fr",
      "closedPos": [-1.1875,1.09375,2.09375],
      "openPos": [-1.4375,1.09375,2.15625],
      "width": 0.3125,
      "height": 0.125,
      "closeOnMovement": true,
      "activateOnSeated": true
    },
    {
      "name": "door_hood",
      "closedPos": [0.0,1.0625,3.6875],
      "openPos": [0.0,2.1875,3.3125],
      "width": 1.0,
      "height": 0.5
    },
    {
      "name": "door_boot",
      "closedPos": [0.0,1.15625,-1.34375],
      "openPos": [0.0,0.78125,-1.90625],
      "width": 0.3125,
      "height": 0.125,
      "closedByDefault": true,
      "activateOnSeated": true
    }
  ],
  "connectionGroups": [
    {
      "groupName": "HOOKUP",
      "hookup": true,
      "connections": [
        {
          "type": "tow_bumper",
          "pos": [0.0,0.25,4.25],
          "distance": 0.0
        },
        {
          "type": "tow_wheel",
          "pos": [0.0,-0.5,3.125],
          "distance": 0.0
        }
      ]
    },
    {
      "groupName": "TRAILER",
      "canIntiateConnections": true,
      "connections": [
        {
          "type": "trailer_standard",
          "pos": [0.0,0.4375,-1.375],
          "distance": 0.0
        }
      ]
    }
  ],
  "instruments": [
    {
      "pos": [0.9375,1.15,2.35875],
      "rot": [0.0,0.0,0.0],
      "scale": 0.015625,
      "hudX": 80,
      "hudY": 36,
      "hudScale": 0.25
    },
    {
      "pos": [0.75,1.1625,2.35875],
      "rot": [0.0,0.0,0.0],
      "scale": 0.015625,
      "hudX": 160,
      "hudY": 36,
      "hudScale": 0.5
    },
    {
      "pos": [0.5,1.1625,2.35875],
      "rot": [0.0,0.0,0.0],
      "scale": 0.015625,
      "hudX": 240,
      "hudY": 36,
      "hudScale": 0.5
    },
    {
      "pos": [0.3125,1.15,2.35875],
      "rot": [0.0,0.0,0.0],
      "scale": 0.015625,
      "hudX": 320,
      "hudY": 36,
      "hudScale": 0.25
    }
  ],
  "definitions": [
    {
      "subName": "_redandblack",
      "name": "Trin Small Sportail TXS - red & black paint",
      "extraMaterials": ["mts:iv_tpp.paint_double_bucket_redandblack:0:1"]
    },
    {
      "subName": "_tungstenandelectricblue",
      "name": "Trin Small Sportail TXS - tungsten & electric blue paint",
      "extraMaterials": ["mts:iv_tpp.paint_double_bucket_tungstenandelectricblue:0:1"]
    },
    {
      "subName": "_sand",
      "name": "Trin Small Sportail TXS - sand paint",
      "extraMaterials": ["mts:iv_tpp.paint_bucket_sand:0:1"]
    },
    {
      "subName": "_fireorange",
      "name": "Trin Small Sportail TXS - fire orange paint",
      "extraMaterials": ["mts:iv_tpp.paint_bucket_fireorange:0:1"]
    },
    {
      "subName": "_plum",
      "name": "Trin Small Sportail TXS - plum paint",
      "extraMaterials": ["mts:iv_tpp.paint_bucket_plum:0:1"]
    },
    {
      "subName": "_pureblack",
      "name": "Trin Small Sportail TXS - pure black paint",
      "extraMaterials": ["mts:iv_tpp.paint_bucket_pureblack:0:1"]
    },
    {
      "subName": "_electricblue",
      "name": "Trin Small Sportail TXS - electric blue paint",
      "extraMaterials": ["mts:iv_tpp.paint_bucket_electricblue:0:1"]
    },
    {
      "subName": "_spruce",
      "name": "Trin Small Sportail TXS - spruce paint",
      "extraMaterials": ["mts:iv_tpp.paint_bucket_spruce:0:1"]
    },
    {
      "subName": "_white",
      "name": "Trin Small Sportail TXS - white paint",
      "extraMaterials": ["mts:iv_tpp.paint_bucket_white:0:1"]
    }
  ],
  "rendering": {
    "textObjects": [],
    "animatedObjects": [
      {
        "objectName": "steer",
        "animations": [
          {
            "animationType": "rotation",
            "variable": "rudder",
            "centerPoint": [0.625,1.09375,2.25],
            "axis": [0.0,0.0,1.0]
          }
        ]
      },
      {
        "objectName": "gas",
        "animations": [
          {
            "animationType": "rotation",
            "variable": "throttle",
            "centerPoint": [0.0,0.75,2.625],
            "axis": [-30.0,0.0,0.0]
          }
        ]
      },
      {
        "objectName": "brake",
        "animations": [
          {
            "animationType": "rotation",
            "variable": "brake",
            "centerPoint": [0.0,0.75,2.625],
            "axis": [-30.0,0.0,0.0]
          }
        ]
      },
      {
        "objectName": "p_brake",
        "animations": [
          {
            "animationType": "rotation",
            "variable": "p_brake",
            "centerPoint": [0.125,0.5,1.53125],
            "axis": [-30.0,0.0,0.0]
          }
        ]
      },
      {
        "objectName": "shift",
        "animations": [
          {
            "animationType": "rotation",
            "variable": "engine_gearshift_1",
            "centerPoint": [0.0,0.57813,1.96875],
            "axis": [1.0,0.0,0.0]
          }
        ]
      },
      {
        "objectName": "doorR",
        "animations": [
          {
            "animationType": "rotation",
            "variable": "door_fr",
            "centerPoint": [-1.28125,1.1875,2.375],
            "axis": [0.0,60.0,0.0],
            "duration": 20,
            "forwardsStartSound": "iv_tpp:dooropen",
            "reverseEndSound": "iv_tpp:doorclose"
          }
        ]
      },
      {
        "objectName": "doorL",
        "animations": [
          {
            "animationType": "rotation",
            "variable": "door_fl",
            "centerPoint": [1.28125,1.1875,2.375],
            "axis": [0.0,-60.0,0.0],
            "duration": 20,
            "forwardsStartSound": "iv_tpp:dooropen",
            "reverseEndSound": "iv_tpp:doorclose"
          }
        ]
      },
      {
        "objectName": "hood",
        "animations": [
          {
            "animationType": "rotation",
            "variable": "door_hood",
            "centerPoint": [0.0,1.25,2.8125],
            "axis": [-60.0,0.0,0.0],
            "duration": 20,
            "forwardsStartSound": "iv_tpp:hoodopen",
            "reverseStartSound": "iv_tpp:hoodclose"
          }
        ]
      },
      {
        "objectName": "boot",
        "animations": [
          {
            "animationType": "rotation",
            "variable": "door_boot",
            "centerPoint": [0.0,0.6875,-1.4375],
            "axis": [-90.0,0.0,0.0],
            "duration": 20,
            "forwardsStartSound": "iv_tpp:bootopen",
            "reverseEndSound": "iv_tpp:bootclose"
          }
        ]
      }
    ],
    "customVariables": [],
    "sounds": [
      {
        "name": "iv_tcp_v3:horn_1",
        "activeAnimations": [
          {
            "animationType": "visibility",
            "variable": "horn",
            "clampMin": 1.0,
            "clampMax": 1.0
          }
        ],
        "looping": true
      }
    ],
    "particles": [
      {
        "type": "smoke",
        "activeAnimations": [
          {
            "animationType": "visibility",
            "variable": "engine_piston_1_2_cam_1",
            "clampMin": 1.0,
            "clampMax": 1.0
          }
        ],
        "color": "#D9D9D9",
        "transparency": 0.25,
        "toTransparency": 0.25,
        "scale": 1.0,
        "pos": [1.1875,0.125,0.75],
        "initialVelocity": [1.0,0.0,0.0]
      },
      {
        "type": "smoke",
        "activeAnimations": [
          {
            "animationType": "visibility",
            "variable": "engine_backfired_1",
            "clampMin": 1.0,
            "clampMax": 1.0
          }
        ],
        "color": "#000000",
        "scale": 2.5,
        "pos": [1.1875,0.125,0.75],
        "initialVelocity": [1.0,0.0,0.0],
        "quantity": 5
      },
      {
        "type": "smoke",
        "activeAnimations": [
          {
            "animationType": "visibility",
            "variable": "engine_piston_2_2_cam_1",
            "clampMin": 1.0,
            "clampMax": 1.0
          }
        ],
        "color": "#D9D9D9",
        "transparency": 0.25,
        "toTransparency": 0.25,
        "scale": 1.0,
        "pos": [-1.1875,0.125,0.75],
        "initialVelocity": [-1.0,0.0,0.0]
      },
      {
        "type": "smoke",
        "activeAnimations": [
          {
            "animationType": "visibility",
            "variable": "engine_backfired_1",
            "clampMin": 1.0,
            "clampMax": 1.0
          }
        ],
        "color": "#000000",
        "scale": 2.5,
        "pos": [-1.1875,0.125,0.75],
        "initialVelocity": [-1.0,0.0,0.0],
        "quantity": 5
      }
    ]
  },
  "prefixFolders": "c - high end/f - suv/",
  "packID": "iv_tcp_v3",
  "systemName": "trin_sportail_small_txs",
  "classification": "vehicle",
  "general": {
    "description": "This Trin Extreme Sport is a highly modified amazing rallye car\nready to take over the track!\n\nRecommended parts:\nGiant Sized Wheels\nV8 Engine\nModel 1 Seats",
    "materials": ["minecraft:iron_ingot:0:16","minecraft:iron_block:0:6","minecraft:glowstone_dust:0:16","mts:iv_tpp.metal_pile_4:0:3","mts:iv_tpp.metal_pile_2:0:1","mts:iv_tpp.carbon_fiber_pile:0:5"]
  }
}
