{
  "generic": {
    "type": "engine_jet",
    "forwardsDamageMultiplier": 4.0,
    "width": 0.25,
    "height": 0.375,
    "movementAnimations": [
      {
        "animationType": "rotation",
        "variable": "!gear_animation",
        "centerPoint": [0.0,0.0,0.3125],
        "axis": [-90.0,0.0,0.0]
      }
    ]
  },
  "engine": {
    "type": "normal",
    "starterPower": 50,
    "shiftSpeed": 20,
    "revResistance": 5,
    "maxRPM": 26000,
    "maxSafeRPM": 25000,
    "idleRPM": 1000,
    "startRPM": 500,
    "revlimitRPM": 25000,
    "revlimitBounce": 10,
    "stallRPM": 250,
    "engineWinddownRate": 50,
    "heatingCoefficient": 0.5,
    "coolingCoefficient": 1.25,
    "engineWearFactor": 0.875,
    "fuelConsumption": 0.5,
    "jetPowerFactor": 4.0,
    "bypassRatio": 4.0,
    "gearRatios": [-1.0,0.0,1.0],
    "fuelType": "avgas"
  },
  "parts": [
    {
      "pos": [-0.25,0.0,0.125],
      "allowParentRemoval": true,
      "maxValue": 1.0,
      "types": [
        "generic_engine_turbo"
      ],
      "interactableVariables": [
        [
          "parent_bench_status"
        ]
      ],
      "animations": [
        {
          "animationType": "visibility",
          "variable": "parent_bench_status",
          "clampMin": 1.0,
          "clampMax": 1.0
        }
      ]
    },
    {
      "pos": [0.25,0.0,0.125],
      "allowParentRemoval": true,
      "maxValue": 1.0,
      "partScale": [0.5,0.5,0.5],
      "types": [
        "generic_engine_upgrade"
      ],
      "interactableVariables": [
        [
          "parent_bench_status"
        ]
      ],
      "animations": [
        {
          "animationType": "visibility",
          "variable": "parent_bench_status",
          "clampMin": 1.0,
          "clampMax": 1.0
        }
      ]
    },
    {
      "pos": [0.0,0.25,0.125],
      "allowParentRemoval": true,
      "maxValue": 1.0,
      "partScale": [0.5,0.5,0.5],
      "types": [
        "generic_engine_topend"
      ],
      "interactableVariables": [
        [
          "parent_bench_status"
        ]
      ],
      "animations": [
        {
          "animationType": "visibility",
          "variable": "parent_bench_status",
          "clampMin": 1.0,
          "clampMax": 1.0
        }
      ]
    },
    {
      "pos": [0.0,0.0,0.0],
      "allowParentRemoval": true,
      "maxValue": 10.0,
      "partScale": [0.125,0.125,0.125],
      "defaultPart": "ivv:enginejetblade",
      "types": [
        "propeller_crafting_engine_gas"
      ],
      "interactableVariables": [
        [
          "sorry_ms_jackson"
        ]
      ]
    },
    {
      "pos": [0.0,-0.125,0.2875],
      "allowParentRemoval": true,
      "maxValue": 4.0,
      "partScale": [0.48,0.48,0.48],
      "types": [
        "generic_effect_particle"
      ],
      "customTypes": [
        "drip"
      ],
      "interactableVariables": [
        [
          "!parent_bench_status"
        ]
      ],
      "animations": [
        {
          "animationType": "visibility",
          "variable": "parent_bench_status"
        }
      ]
    }
  ],
  "definitions": [
    {
      "subName": "",
      "name": "Experimental \"Rudolph\" Rocket-turbine",
      "extraMaterialLists": [
        []
      ]
    }
  ],
  "constantValues": {
    "generic_effect_particle_drip_slow": 1.0
  },
  "variableModifiers": [
    {
      "variable": "gear_animation",
      "animations": [
        {
          "animationType": "translation",
          "variable": "gear_setpoint",
          "axis": [0.0,0.0,1.0]
        },
        {
          "animationType": "translation",
          "variable": "!engine_magneto",
          "axis": [0.0,1.0,0.0]
        }
      ]
    },
    {
      "variable": "engine_obdiii_present",
      "animations": [
        {
          "animationType": "translation",
          "variable": "!built_atlas_tough",
          "axis": [0.0,0.0,1.0]
        }
      ]
    },
    {
      "variable": "engine_obdiii_horsepower",
      "animations": [
        {
          "animationType": "translation",
          "variable": "!built_atlas_tough",
          "axis": [0.0,0.0,69.0]
        },
        {
          "animationType": "translation",
          "variable": "generic_engine_turbo_power_1",
          "axis": [0.0,34.0,0.0]
        },
        {
          "animationType": "translation",
          "variable": "generic_engine_upgrade_2",
          "axis": [0.5,0.0,0.0],
          "offset": 1.0
        },
        {
          "animationType": "translation",
          "variable": "engine_hours",
          "axis": [-1.5E-4,0.0,0.0],
          "offset": 1.0,
          "clampMin": 0.5
        }
      ]
    },
    {
      "variable": "engine_obdiii_torque",
      "animations": [
        {
          "animationType": "translation",
          "variable": "!built_atlas_tough",
          "axis": [0.0,0.0,42.0]
        },
        {
          "animationType": "translation",
          "variable": "generic_engine_turbo_power_1",
          "axis": [0.0,69.0,0.0]
        },
        {
          "animationType": "translation",
          "variable": "generic_engine_upgrade_2",
          "axis": [1.0,0.0,0.0],
          "offset": 1.0
        },
        {
          "animationType": "translation",
          "variable": "engine_hours",
          "axis": [-1.5E-4,0.0,0.0],
          "offset": 1.0,
          "clampMin": 0.5
        }
      ]
    },
    {
      "variable": "engine_checklight",
      "maxValue": 1.0,
      "animations": [
        {
          "animationType": "translation",
          "variable": "idiot_lightbulb",
          "axis": [0.0,0.0,1.0]
        },
        {
          "animationType": "translation",
          "variable": "engine_hours",
          "axis": [0.0,1.0,0.0],
          "offset": -500.0,
          "clampMin": 1.25E-4,
          "clampMax": 1.0
        },
        {
          "animationType": "translation",
          "variable": "engine_temp",
          "axis": [0.0,1.0,0.0],
          "offset": -110.0,
          "clampMin": 1.25E-4,
          "clampMax": 1.0
        },
        {
          "animationType": "translation",
          "variable": "engine_oilleak",
          "axis": [0.0,1.0,0.0]
        }
      ]
    },
    {
      "variable": "idleRPM",
      "animations": [
        {
          "animationType": "visibility",
          "variable": "!engine_gear"
        },
        {
          "animationType": "translation",
          "variable": "4_8_4_cycle",
          "axis": [0.0,10.0,0.0],
          "offset": -5.0,
          "duration": 4,
          "forwardsEasing": "easeinoutback",
          "reverseEasing": "easeinoutback"
        }
      ]
    },
    {
      "variable": "idleRPM",
      "animations": [
        {
          "animationType": "translation",
          "variable": "engine_powered",
          "axis": [0.0,250.0,0.0],
          "offset": -250.0,
          "duration": 100
        }
      ]
    },
    {
      "variable": "superchargerFuelConsumption",
      "animations": [
        {
          "animationType": "translation",
          "variable": "generic_engine_turbo_power_1",
          "axis": [0.0,1.0,0.0]
        },
        {
          "animationType": "translation",
          "variable": "throttle",
          "axis": [0.5,0.0,0.0],
          "offset": -0.25,
          "clampMin": 0.0625,
          "duration": 15
        },
        {
          "animationType": "translation",
          "variable": "engine_rpm_percent_safe",
          "axis": [0.5,0.0,0.0],
          "offset": -0.25,
          "clampMin": 0.0625
        }
      ]
    },
    {
      "variable": "fuelConsumption",
      "animations": [
        {
          "animationType": "translation",
          "variable": "generic_engine_upgrade_2",
          "axis": [1.0,0.0,0.0],
          "offset": 1.0
        }
      ]
    },
    {
      "variable": "superchargerFuelConsumption",
      "animations": [
        {
          "animationType": "translation",
          "variable": "generic_engine_upgrade_2",
          "axis": [0.0,1.0,0.0]
        }
      ]
    },
    {
      "variable": "revlimitRPM",
      "animations": [
        {
          "animationType": "translation",
          "variable": "this_engine_doesnt_use_a_revlimiter",
          "axis": [1.0,0.0,0.0],
          "offset": 1.0
        }
      ]
    },
    {
      "variable": "maxRPM",
      "animations": [
        {
          "animationType": "translation",
          "variable": "generic_engine_topend_3",
          "axis": [1.0,0.0,0.0],
          "offset": 1.0
        }
      ]
    },
    {
      "variable": "maxSafeRPM",
      "animations": [
        {
          "animationType": "translation",
          "variable": "generic_engine_topend_3",
          "axis": [1.0,0.0,0.0],
          "offset": 1.0
        }
      ]
    },
    {
      "variable": "fuelConsumption",
      "animations": [
        {
          "animationType": "translation",
          "variable": "throttle",
          "axis": [0.25,0.0,0.0],
          "offset": 0.75
        }
      ]
    },
    {
      "variable": "superchargerFuelConsumption",
      "animations": [
        {
          "animationType": "translation",
          "variable": "throttle",
          "axis": [0.25,0.0,0.0],
          "offset": 0.75
        }
      ]
    },
    {
      "variable": "jetPowerFactor",
      "animations": [
        {
          "animationType": "translation",
          "variable": "!p_brake",
          "axis": [1.0,0.0,0.0]
        }
      ]
    },
    {
      "variable": "bypassRatio",
      "animations": [
        {
          "animationType": "translation",
          "variable": "!p_brake",
          "axis": [1.0,0.0,0.0]
        }
      ]
    }
  ],
  "rendering": {
    "animatedObjects": [
      {
        "objectName": "cuboid",
        "animations": [
          {
            "animationType": "rotation",
            "variable": "!gear_animation",
            "centerPoint": [0.0,0.0,0.3125],
            "axis": [90.0,0.0,0.0]
          }
        ]
      },
      {
        "objectName": "vtol",
        "applyAfter": "cuboid",
        "animations": [
          {
            "animationType": "rotation",
            "variable": "!gear_animation",
            "centerPoint": [0.0,0.0,0.3125],
            "axis": [-90.0,0.0,0.0],
            "duration": 20,
            "forwardsEasing": "easeinoutsine",
            "reverseEasing": "easeinoutsine"
          }
        ]
      }
    ],
    "lightObjects": [],
    "sounds": [
      {
        "name": "ivv:jetstart",
        "activeAnimations": [
          {
            "animationType": "visibility",
            "variable": "engine_running",
            "clampMin": 1.0,
            "clampMax": 1.0
          }
        ],
        "minDistance": 0.0,
        "minDistanceVolume": 0.0,
        "middleDistance": 0.0,
        "middleDistanceVolume": 0.0,
        "maxDistance": 16.0,
        "maxDistanceVolume": 0.0
      },
      {
        "name": "ivv:jetstop",
        "activeAnimations": [
          {
            "animationType": "visibility",
            "variable": "engine_running"
          }
        ],
        "minDistance": 0.0,
        "minDistanceVolume": 0.0,
        "middleDistance": 0.0,
        "middleDistanceVolume": 0.0,
        "maxDistance": 16.0,
        "maxDistanceVolume": 0.0
      },
      {
        "name": "ivv:jetcranking",
        "activeAnimations": [
          {
            "animationType": "visibility",
            "variable": "engine_starter",
            "clampMin": 1.0,
            "clampMax": 1.0
          }
        ],
        "volumeAnimations": [
          {
            "animationType": "translation",
            "variable": "electric_power",
            "axis": [0.0,0.25,0.0],
            "offset": 1.0,
            "clampMin": 1.0,
            "clampMax": 1.0
          }
        ],
        "pitchAnimations": [
          {
            "animationType": "translation",
            "variable": "electric_power",
            "axis": [0.0,0.076923077,0.0],
            "offset": 0.5,
            "clampMax": 1.0
          }
        ],
        "looping": true,
        "minDistance": 0.0,
        "minDistanceVolume": 0.0,
        "middleDistance": 0.0,
        "middleDistanceVolume": 0.0,
        "maxDistance": 16.0,
        "maxDistanceVolume": 0.0
      },
      {
        "name": "ivv:jetbackfire",
        "activeAnimations": [
          {
            "animationType": "visibility",
            "variable": "engine_backfired",
            "clampMin": 1.0,
            "clampMax": 1.0
          }
        ],
        "forceSound": true,
        "minDistance": 0.0,
        "minDistanceVolume": 0.0,
        "middleDistance": 0.0,
        "middleDistanceVolume": 0.0,
        "maxDistance": 16.0,
        "maxDistanceVolume": 0.0
      },
      {
        "name": "ivv:jetwhirr",
        "activeAnimations": [
          {
            "animationType": "visibility",
            "variable": "engine_powered",
            "clampMin": 1.0,
            "clampMax": 1.0
          }
        ],
        "volumeAnimations": [
          {
            "animationType": "translation",
            "variable": "throttle",
            "axis": [0.0,0.125,0.0],
            "offset": 0.125
          },
          {
            "animationType": "translation",
            "variable": "engine_rpm_percent",
            "axis": [0.0,0.375,0.0],
            "offset": 0.375
          }
        ],
        "pitchAnimations": [
          {
            "animationType": "translation",
            "variable": "engine_rpm",
            "axis": [0.0,8.7963E-5,0.0],
            "offset": 0.625
          }
        ],
        "looping": true,
        "minDistance": 0.0,
        "minDistanceVolume": 0.0,
        "middleDistance": 0.0,
        "middleDistanceVolume": 0.0,
        "maxDistance": 48.0,
        "maxDistanceVolume": 0.0
      },
      {
        "name": "ivv:aciveboost",
        "activeAnimations": [
          {
            "animationType": "visibility",
            "variable": "engine_powered",
            "clampMin": 1.0,
            "clampMax": 1.0
          }
        ],
        "volumeAnimations": [
          {
            "animationType": "translation",
            "variable": "throttle",
            "axis": [0.0,0.375,0.0],
            "offset": -0.375
          },
          {
            "animationType": "translation",
            "variable": "engine_rpm_percent",
            "axis": [0.0,1.125,0.0],
            "offset": -0.125,
            "clampMax": 1.0
          }
        ],
        "pitchAnimations": [
          {
            "animationType": "translation",
            "variable": "engine_rpm",
            "axis": [0.0,1.8056E-5,0.0],
            "offset": 0.375
          }
        ],
        "looping": true,
        "minDistance": 0.0,
        "minDistanceVolume": 0.5,
        "middleDistance": 8.0,
        "middleDistanceVolume": 1.0,
        "maxDistance": 64.0,
        "maxDistanceVolume": 0.0
      }
    ],
    "particles": [
      {
        "type": "smoke",
        "spawnEveryTick": true,
        "spawningOrientation": "entity",
        "renderingOrientation": "player",
        "quantity": 4,
        "duration": 40,
        "transparency": 0.125,
        "fadeTransparencyTime": 20,
        "scale": 0.4,
        "toScale": 0.1,
        "hitboxSize": 0.2,
        "color": "666666",
        "pos": [0.1875,0.0,0.0],
        "spreadRandomness": [0.25,0.25,0.25],
        "initialVelocity": [0.0,0.0,-1.0],
        "activeAnimations": [
          {
            "animationType": "visibility",
            "variable": "engine_powered",
            "clampMin": 1.0,
            "clampMax": 1.0
          },
          {
            "animationType": "visibility",
            "variable": "throttle",
            "clampMin": 0.75,
            "clampMax": 32767.0
          }
        ]
      },
      {
        "type": "smoke",
        "spawnEveryTick": true,
        "spawningOrientation": "entity",
        "renderingOrientation": "player",
        "quantity": 4,
        "duration": 40,
        "transparency": 0.125,
        "fadeTransparencyTime": 20,
        "scale": 0.4,
        "toScale": 0.1,
        "hitboxSize": 0.2,
        "color": "666666",
        "pos": [0.1875,0.0,0.0],
        "spreadRandomness": [0.25,0.25,0.25],
        "initialVelocity": [0.0,0.0,-0.75],
        "activeAnimations": [
          {
            "animationType": "visibility",
            "variable": "engine_powered",
            "clampMin": 1.0,
            "clampMax": 1.0
          },
          {
            "animationType": "visibility",
            "variable": "throttle",
            "clampMin": 0.5,
            "clampMax": 0.75
          }
        ]
      },
      {
        "type": "smoke",
        "spawnEveryTick": true,
        "spawningOrientation": "entity",
        "renderingOrientation": "player",
        "quantity": 4,
        "duration": 40,
        "transparency": 0.125,
        "fadeTransparencyTime": 20,
        "scale": 0.4,
        "toScale": 0.1,
        "hitboxSize": 0.2,
        "color": "666666",
        "pos": [0.1875,0.0,0.0],
        "spreadRandomness": [0.25,0.25,0.25],
        "initialVelocity": [0.0,0.0,-0.5],
        "activeAnimations": [
          {
            "animationType": "visibility",
            "variable": "engine_powered",
            "clampMin": 1.0,
            "clampMax": 1.0
          },
          {
            "animationType": "visibility",
            "variable": "throttle",
            "clampMin": 0.25,
            "clampMax": 0.5
          }
        ]
      },
      {
        "type": "smoke",
        "spawnEveryTick": true,
        "spawningOrientation": "entity",
        "renderingOrientation": "player",
        "quantity": 4,
        "duration": 40,
        "transparency": 0.125,
        "fadeTransparencyTime": 20,
        "scale": 0.4,
        "toScale": 0.1,
        "hitboxSize": 0.2,
        "color": "666666",
        "pos": [0.1875,0.0,0.0],
        "spreadRandomness": [0.25,0.25,0.25],
        "initialVelocity": [0.0,0.0,-0.25],
        "activeAnimations": [
          {
            "animationType": "visibility",
            "variable": "engine_powered",
            "clampMin": 1.0,
            "clampMax": 1.0
          },
          {
            "animationType": "visibility",
            "variable": "throttle",
            "clampMax": 0.25
          }
        ]
      },
      {
        "type": "flame",
        "spawnEveryTick": true,
        "isBright": true,
        "spawningOrientation": "entity",
        "renderingOrientation": "player",
        "quantity": 1,
        "duration": 30,
        "transparency": 1.0,
        "fadeTransparencyTime": 10,
        "scale": 0.2,
        "toScale": 0.1,
        "hitboxSize": 0.2,
        "color": "FFFFFF",
        "pos": [0.1875,0.0,0.0],
        "spreadRandomness": [0.25,0.25,0.25],
        "initialVelocity": [0.0,0.0,-1.0],
        "activeAnimations": [
          {
            "animationType": "visibility",
            "variable": "engine_running",
            "clampMin": 1.0,
            "clampMax": 1.0
          },
          {
            "animationType": "visibility",
            "variable": "engine_rpm_percent",
            "clampMin": 0.75,
            "clampMax": 32767.0
          }
        ]
      },
      {
        "type": "flame",
        "spawnEveryTick": true,
        "isBright": true,
        "spawningOrientation": "entity",
        "renderingOrientation": "player",
        "quantity": 1,
        "duration": 30,
        "transparency": 1.0,
        "fadeTransparencyTime": 10,
        "scale": 0.2,
        "toScale": 0.1,
        "hitboxSize": 0.2,
        "color": "FFFFFF",
        "pos": [0.1875,0.0,0.0],
        "spreadRandomness": [0.25,0.25,0.25],
        "initialVelocity": [0.0,0.0,-0.75],
        "activeAnimations": [
          {
            "animationType": "visibility",
            "variable": "engine_running",
            "clampMin": 1.0,
            "clampMax": 1.0
          },
          {
            "animationType": "visibility",
            "variable": "engine_rpm_percent",
            "clampMin": 0.5,
            "clampMax": 0.75
          }
        ]
      },
      {
        "type": "flame",
        "spawnEveryTick": true,
        "isBright": true,
        "spawningOrientation": "entity",
        "renderingOrientation": "player",
        "quantity": 1,
        "duration": 30,
        "transparency": 1.0,
        "fadeTransparencyTime": 10,
        "scale": 0.2,
        "toScale": 0.1,
        "hitboxSize": 0.2,
        "color": "FFFFFF",
        "pos": [0.1875,0.0,0.0],
        "spreadRandomness": [0.25,0.25,0.25],
        "initialVelocity": [0.0,0.0,-0.5],
        "activeAnimations": [
          {
            "animationType": "visibility",
            "variable": "engine_running",
            "clampMin": 1.0,
            "clampMax": 1.0
          },
          {
            "animationType": "visibility",
            "variable": "engine_rpm_percent",
            "clampMin": 0.25,
            "clampMax": 0.5
          }
        ]
      },
      {
        "type": "flame",
        "spawnEveryTick": true,
        "isBright": true,
        "spawningOrientation": "entity",
        "renderingOrientation": "player",
        "quantity": 1,
        "duration": 30,
        "transparency": 1.0,
        "fadeTransparencyTime": 10,
        "scale": 0.2,
        "toScale": 0.1,
        "hitboxSize": 0.2,
        "color": "FFFFFF",
        "pos": [0.1875,0.0,0.0],
        "spreadRandomness": [0.25,0.25,0.25],
        "initialVelocity": [0.0,0.0,-0.25],
        "activeAnimations": [
          {
            "animationType": "visibility",
            "variable": "engine_running",
            "clampMin": 1.0,
            "clampMax": 1.0
          },
          {
            "animationType": "visibility",
            "variable": "engine_rpm_percent",
            "clampMin": 0.0125,
            "clampMax": 0.25
          }
        ]
      },
      {
        "type": "smoke",
        "spawningOrientation": "entity",
        "renderingOrientation": "player",
        "quantity": 2,
        "duration": 40,
        "scale": 0.4,
        "toScale": 0.1,
        "hitboxSize": 0.2,
        "color": "222222",
        "pos": [0.1875,0.0,0.0],
        "spreadRandomness": [0.25,0.25,0.25],
        "initialVelocity": [0.0,0.0,-0.5],
        "activeAnimations": [
          {
            "animationType": "visibility",
            "variable": "engine_backfire",
            "clampMin": 1.0,
            "clampMax": 1.0
          }
        ]
      },
      {
        "type": "smoke",
        "spawnEveryTick": true,
        "spawningOrientation": "entity",
        "renderingOrientation": "player",
        "quantity": 4,
        "duration": 40,
        "transparency": 0.125,
        "fadeTransparencyTime": 20,
        "scale": 0.4,
        "toScale": 0.1,
        "hitboxSize": 0.2,
        "color": "666666",
        "pos": [-0.1875,0.0,0.0],
        "spreadRandomness": [0.25,0.25,0.25],
        "initialVelocity": [0.0,0.0,-1.0],
        "activeAnimations": [
          {
            "animationType": "visibility",
            "variable": "engine_powered",
            "clampMin": 1.0,
            "clampMax": 1.0
          },
          {
            "animationType": "visibility",
            "variable": "throttle",
            "clampMin": 0.75,
            "clampMax": 32767.0
          }
        ]
      },
      {
        "type": "smoke",
        "spawnEveryTick": true,
        "spawningOrientation": "entity",
        "renderingOrientation": "player",
        "quantity": 4,
        "duration": 40,
        "transparency": 0.125,
        "fadeTransparencyTime": 20,
        "scale": 0.4,
        "toScale": 0.1,
        "hitboxSize": 0.2,
        "color": "666666",
        "pos": [-0.1875,0.0,0.0],
        "spreadRandomness": [0.25,0.25,0.25],
        "initialVelocity": [0.0,0.0,-0.75],
        "activeAnimations": [
          {
            "animationType": "visibility",
            "variable": "engine_powered",
            "clampMin": 1.0,
            "clampMax": 1.0
          },
          {
            "animationType": "visibility",
            "variable": "throttle",
            "clampMin": 0.5,
            "clampMax": 0.75
          }
        ]
      },
      {
        "type": "smoke",
        "spawnEveryTick": true,
        "spawningOrientation": "entity",
        "renderingOrientation": "player",
        "quantity": 4,
        "duration": 40,
        "transparency": 0.125,
        "fadeTransparencyTime": 20,
        "scale": 0.4,
        "toScale": 0.1,
        "hitboxSize": 0.2,
        "color": "666666",
        "pos": [-0.1875,0.0,0.0],
        "spreadRandomness": [0.25,0.25,0.25],
        "initialVelocity": [0.0,0.0,-0.5],
        "activeAnimations": [
          {
            "animationType": "visibility",
            "variable": "engine_powered",
            "clampMin": 1.0,
            "clampMax": 1.0
          },
          {
            "animationType": "visibility",
            "variable": "throttle",
            "clampMin": 0.25,
            "clampMax": 0.5
          }
        ]
      },
      {
        "type": "smoke",
        "spawnEveryTick": true,
        "spawningOrientation": "entity",
        "renderingOrientation": "player",
        "quantity": 4,
        "duration": 40,
        "transparency": 0.125,
        "fadeTransparencyTime": 20,
        "scale": 0.4,
        "toScale": 0.1,
        "hitboxSize": 0.2,
        "color": "666666",
        "pos": [-0.1875,0.0,0.0],
        "spreadRandomness": [0.25,0.25,0.25],
        "initialVelocity": [0.0,0.0,-0.25],
        "activeAnimations": [
          {
            "animationType": "visibility",
            "variable": "engine_powered",
            "clampMin": 1.0,
            "clampMax": 1.0
          },
          {
            "animationType": "visibility",
            "variable": "throttle",
            "clampMax": 0.25
          }
        ]
      },
      {
        "type": "flame",
        "spawnEveryTick": true,
        "isBright": true,
        "spawningOrientation": "entity",
        "renderingOrientation": "player",
        "quantity": 1,
        "duration": 30,
        "transparency": 1.0,
        "fadeTransparencyTime": 10,
        "scale": 0.2,
        "toScale": 0.1,
        "hitboxSize": 0.2,
        "color": "FFFFFF",
        "pos": [-0.1875,0.0,0.0],
        "spreadRandomness": [0.25,0.25,0.25],
        "initialVelocity": [0.0,0.0,-1.0],
        "activeAnimations": [
          {
            "animationType": "visibility",
            "variable": "engine_running",
            "clampMin": 1.0,
            "clampMax": 1.0
          },
          {
            "animationType": "visibility",
            "variable": "engine_rpm_percent",
            "clampMin": 0.75,
            "clampMax": 32767.0
          }
        ]
      },
      {
        "type": "flame",
        "spawnEveryTick": true,
        "isBright": true,
        "spawningOrientation": "entity",
        "renderingOrientation": "player",
        "quantity": 1,
        "duration": 30,
        "transparency": 1.0,
        "fadeTransparencyTime": 10,
        "scale": 0.2,
        "toScale": 0.1,
        "hitboxSize": 0.2,
        "color": "FFFFFF",
        "pos": [-0.1875,0.0,0.0],
        "spreadRandomness": [0.25,0.25,0.25],
        "initialVelocity": [0.0,0.0,-0.75],
        "activeAnimations": [
          {
            "animationType": "visibility",
            "variable": "engine_running",
            "clampMin": 1.0,
            "clampMax": 1.0
          },
          {
            "animationType": "visibility",
            "variable": "engine_rpm_percent",
            "clampMin": 0.5,
            "clampMax": 0.75
          }
        ]
      },
      {
        "type": "flame",
        "spawnEveryTick": true,
        "isBright": true,
        "spawningOrientation": "entity",
        "renderingOrientation": "player",
        "quantity": 1,
        "duration": 30,
        "transparency": 1.0,
        "fadeTransparencyTime": 10,
        "scale": 0.2,
        "toScale": 0.1,
        "hitboxSize": 0.2,
        "color": "FFFFFF",
        "pos": [-0.1875,0.0,0.0],
        "spreadRandomness": [0.25,0.25,0.25],
        "initialVelocity": [0.0,0.0,-0.5],
        "activeAnimations": [
          {
            "animationType": "visibility",
            "variable": "engine_running",
            "clampMin": 1.0,
            "clampMax": 1.0
          },
          {
            "animationType": "visibility",
            "variable": "engine_rpm_percent",
            "clampMin": 0.25,
            "clampMax": 0.5
          }
        ]
      },
      {
        "type": "flame",
        "spawnEveryTick": true,
        "isBright": true,
        "spawningOrientation": "entity",
        "renderingOrientation": "player",
        "quantity": 1,
        "duration": 30,
        "transparency": 1.0,
        "fadeTransparencyTime": 10,
        "scale": 0.2,
        "toScale": 0.1,
        "hitboxSize": 0.2,
        "color": "FFFFFF",
        "pos": [-0.1875,0.0,0.0],
        "spreadRandomness": [0.25,0.25,0.25],
        "initialVelocity": [0.0,0.0,-0.25],
        "activeAnimations": [
          {
            "animationType": "visibility",
            "variable": "engine_running",
            "clampMin": 1.0,
            "clampMax": 1.0
          },
          {
            "animationType": "visibility",
            "variable": "engine_rpm_percent",
            "clampMin": 0.0125,
            "clampMax": 0.25
          }
        ]
      },
      {
        "type": "smoke",
        "spawningOrientation": "entity",
        "renderingOrientation": "player",
        "quantity": 2,
        "duration": 40,
        "scale": 0.4,
        "toScale": 0.1,
        "hitboxSize": 0.2,
        "color": "222222",
        "pos": [-0.1875,0.0,0.0],
        "spreadRandomness": [0.25,0.25,0.25],
        "initialVelocity": [0.0,0.0,-0.5],
        "activeAnimations": [
          {
            "animationType": "visibility",
            "variable": "engine_backfire",
            "clampMin": 1.0,
            "clampMax": 1.0
          }
        ]
      },
      {
        "type": "flame",
        "spawningOrientation": "entity",
        "renderingOrientation": "player",
        "quantity": 2,
        "duration": 40,
        "transparency": 4.0,
        "toTransparency": 0.01,
        "scale": 0.6,
        "toScale": 0.8,
        "hitboxSize": 0.2,
        "color": "FFFFFF",
        "pos": [0.0,0.0,0.625],
        "spreadRandomness": [0.0,0.25,0.375],
        "initialVelocity": [0.0,0.0,0.375],
        "activeAnimations": [
          {
            "animationType": "visibility",
            "variable": "2_4_2_cycle",
            "clampMin": 1.0,
            "clampMax": 1.0
          },
          {
            "animationType": "visibility",
            "variable": "engine_powered",
            "clampMin": 1.0,
            "clampMax": 1.0
          },
          {
            "animationType": "inhibitor",
            "variable": "!parent_damage_totaled"
          },
          {
            "animationType": "visibility",
            "variable": "parent_damage_percent",
            "clampMin": 0.875,
            "clampMax": 1.0
          }
        ]
      },
      {
        "type": "smoke",
        "spawningOrientation": "entity",
        "renderingOrientation": "player",
        "quantity": 4,
        "duration": 60,
        "transparency": 0.75,
        "toTransparency": 0.01,
        "scale": 0.8,
        "toScale": 1.6,
        "hitboxSize": 0.2,
        "color": "555555",
        "pos": [0.0,0.0,0.625],
        "spreadRandomness": [0.0,0.25,1.0],
        "initialVelocity": [0.0,0.0,1.5],
        "activeAnimations": [
          {
            "animationType": "visibility",
            "variable": "1_2_1_cycle",
            "clampMin": 1.0,
            "clampMax": 1.0
          },
          {
            "animationType": "visibility",
            "variable": "engine_powered",
            "clampMin": 1.0,
            "clampMax": 1.0,
            "reverseDelay": 100
          },
          {
            "animationType": "inhibitor",
            "variable": "!parent_damage_totaled"
          },
          {
            "animationType": "visibility",
            "variable": "parent_damage_percent",
            "clampMin": 0.75,
            "clampMax": 1.0
          }
        ]
      },
      {
        "type": "smoke",
        "spawningOrientation": "entity",
        "renderingOrientation": "player",
        "quantity": 8,
        "duration": 40,
        "transparency": 0.75,
        "toTransparency": 0.01,
        "scale": 1.2,
        "toScale": 2.4,
        "hitboxSize": 0.2,
        "color": "888888",
        "pos": [0.0,0.0,0.625],
        "spreadRandomness": [0.0,1.0,6.0],
        "initialVelocity": [0.0,0.0,0.75],
        "activeAnimations": [
          {
            "animationType": "visibility",
            "variable": "engine_powered",
            "reverseDelay": 100
          },
          {
            "animationType": "inhibitor",
            "variable": "!parent_damage_totaled"
          },
          {
            "animationType": "visibility",
            "variable": "parent_damage_percent",
            "clampMin": 0.75,
            "clampMax": 1.0
          }
        ]
      },
      {
        "type": "generic",
        "spawningOrientation": "entity",
        "renderingOrientation": "player",
        "quantity": 8,
        "duration": 10,
        "transparency": 2.0,
        "toTransparency": -1.0E-4,
        "scale": 0.075,
        "toScale": 0.125,
        "hitboxSize": 0.2,
        "texture": "ivv:textures/particles/pattern7.png",
        "color": "EDAC28",
        "pos": [0.0,0.25,0.375],
        "spreadRandomness": [0.0,0.5,3.75],
        "initialVelocity": [0.0,0.625,0.375],
        "movementVelocity": [0.0,-0.01,0.0],
        "terminalVelocity": [2048.0,2048.0,2048.0],
        "activeAnimations": [
          {
            "animationType": "visibility",
            "variable": "engine_jumper_cable",
            "clampMin": 1.0,
            "clampMax": 1.0
          }
        ]
      },
      {
        "type": "smoke",
        "spawnEveryTick": true,
        "spawningOrientation": "entity",
        "renderingOrientation": "player",
        "quantity": 2,
        "duration": 60,
        "transparency": 0.375,
        "toTransparency": 0.01,
        "scale": 0.75,
        "toScale": 1.5,
        "hitboxSize": 0.2,
        "color": "F0F0F0",
        "pos": [0.0,0.25,0.375],
        "spreadRandomness": [0.25,0.25,0.25],
        "initialVelocity": [0.0,0.625,0.0],
        "movementVelocity": [0.0,-0.00125,0.0],
        "terminalVelocity": [2048.0,2048.0,2048.0],
        "activeAnimations": [
          {
            "animationType": "visibility",
            "variable": "engine_temp",
            "clampMin": 105.0,
            "clampMax": 110.0
          }
        ]
      },
      {
        "type": "smoke",
        "spawnEveryTick": true,
        "spawningOrientation": "entity",
        "renderingOrientation": "player",
        "quantity": 3,
        "duration": 80,
        "transparency": 0.375,
        "toTransparency": 0.01,
        "scale": 1.0,
        "toScale": 2.0,
        "hitboxSize": 0.2,
        "color": "2F2F2F",
        "pos": [0.0,0.25,0.375],
        "spreadRandomness": [0.25,0.25,0.25],
        "initialVelocity": [0.0,0.625,0.0],
        "movementVelocity": [0.0,-0.00125,0.0],
        "terminalVelocity": [2048.0,2048.0,2048.0],
        "activeAnimations": [
          {
            "animationType": "visibility",
            "variable": "engine_temp",
            "clampMin": 115.0,
            "clampMax": 1000.0
          }
        ]
      },
      {
        "type": "flame",
        "spawnEveryTick": true,
        "spawningOrientation": "entity",
        "renderingOrientation": "player",
        "quantity": 2,
        "duration": 40,
        "transparency": 4.0,
        "toTransparency": 0.01,
        "scale": 0.6,
        "toScale": 0.8,
        "hitboxSize": 0.2,
        "color": "FFFFFF",
        "pos": [0.0,0.0,0.625],
        "spreadRandomness": [0.0,0.25,0.375],
        "initialVelocity": [0.0,0.0625,0.0],
        "activeAnimations": [
          {
            "animationType": "visibility",
            "variable": "2_4_2_cycle",
            "clampMin": 1.0,
            "clampMax": 1.0
          },
          {
            "animationType": "visibility",
            "variable": "engine_temp",
            "clampMin": 125.0,
            "clampMax": 1000.0
          }
        ]
      }
    ],
    "modelType": "obj"
  },
  "general": {
    "name": "Jet Engine",
    "description": "Experimental twin rocket-powered jets",
    "health": 100,
    "materialLists": [
      [
        "oredict:ingotIron:16",
        "mts:ivv.enginejetblade:0:2",
        "oredict:dustRedstone:3"
      ]
    ],
    "repairMaterialLists": [
      [
        "oredict:ingotIron:8",
        "mts:ivv.enginejetblade:0:2",
        "mts:ivv.oilcan:0:1"
      ]
    ],
    "radarWidth": 180.0,
    "radarRange": 256.0
  }
}
