{
  "generic": {
    "type": "engine_car",
    "forwardsDamageMultiplier": 1.0,
    "mass": 230
  },
  "engine": {
    "type": "normal",
    "isAutomatic": true,
    "disableAutomaticStarter": true,
    "shiftSpeed": 30,
    "clutchTime": 3,
    "revResistance": 8,
    "maxRPM": 6300,
    "maxSafeRPM": 4200,
    "idleRPM": 600,
    "startRPM": -1,
    "stallRPM": -1,
    "revlimitRPM": 4300,
    "revlimitBounce": 12,
    "engineWinddownRate": 100,
    "heatingCoefficient": 0.75,
    "coolingCoefficient": 1.5,
    "engineWearFactor": 0.625,
    "fuelConsumption": 0.725,
    "gearRatios": [-3.0,0.0,3.0,2.0,1.0],
    "upShiftRPM": [0,0,3200,3200,3200],
    "downShiftRPM": [0,0,1200,1200,1200],
    "fuelType": "diesel",
    "superchargerFuelConsumption": 0.125,
    "superchargerEfficiency": 0.875,
    "isCrankingNotPitched": true
  },
  "definitions": [
    {
      "subName": "",
      "name": "Vanilla I3",
      "extraMaterialLists": [
        []
      ]
    }
  ],
  "rendering": {
    "lightObjects": [],
    "sounds": [
      {
        "name": "ivv:v3vanilla_sputter",
        "activeAnimations": [
          {
            "animationType": "visibility",
            "variable": "engine_backfired",
            "clampMin": 1.0,
            "clampMax": 1.0
          }
        ],
        "forceSound": true,
        "minDistance": 0.0,
        "minDistanceVolume": 0.0,
        "middleDistance": 0.0,
        "middleDistanceVolume": 0.0,
        "maxDistance": 0.0,
        "maxDistanceVolume": 0.0
      },
      {
        "name": "ivv:v3vanilla_idle",
        "activeAnimations": [
          {
            "animationType": "visibility",
            "variable": "engine_powered",
            "clampMin": 1.0,
            "clampMax": 1.0
          }
        ],
        "volumeAnimations": [
          {
            "animationType": "translation",
            "variable": "throttle",
            "axis": [0.0,-0.375,0.0],
            "offset": 0.625
          }
        ],
        "pitchAnimations": [
          {
            "animationType": "translation",
            "variable": "engine_rpm_percent_safe",
            "axis": [0.0,0.5,0.0],
            "offset": 0.625
          }
        ],
        "looping": true,
        "minDistance": 0.0,
        "minDistanceVolume": 0.0,
        "middleDistance": 0.0,
        "middleDistanceVolume": 0.0,
        "maxDistance": 0.0,
        "maxDistanceVolume": 0.0
      },
      {
        "name": "ivv:v3vanilla_load",
        "activeAnimations": [
          {
            "animationType": "visibility",
            "variable": "engine_powered",
            "clampMin": 1.0,
            "clampMax": 1.0
          }
        ],
        "volumeAnimations": [
          {
            "animationType": "translation",
            "variable": "throttle",
            "axis": [0.0,0.75,0.0],
            "offset": 0.5
          }
        ],
        "pitchAnimations": [
          {
            "animationType": "translation",
            "variable": "throttle",
            "axis": [0.0,0.125,0.0],
            "offset": -0.125
          },
          {
            "animationType": "translation",
            "variable": "engine_rpm_percent_safe",
            "axis": [0.0,2.0,0.0],
            "offset": 0.5
          }
        ],
        "looping": true,
        "minDistance": 0.0,
        "minDistanceVolume": 0.0,
        "middleDistance": 0.0,
        "middleDistanceVolume": 0.0,
        "maxDistance": 0.0,
        "maxDistanceVolume": 0.0
      }
    ],
    "particles": [
      {
        "type": "flame",
        "spawningOrientation": "entity",
        "renderingOrientation": "player",
        "quantity": 2,
        "duration": 20,
        "transparency": 1.0,
        "scale": 0.6,
        "toScale": 0.8,
        "hitboxSize": 0.2,
        "color": "FFFFFF",
        "pos": [0.0,0.0,0.625],
        "spreadRandomness": [0.0,0.25,0.375],
        "initialVelocity": [0.0,0.0,0.375],
        "activeAnimations": [
          {
            "animationType": "visibility",
            "variable": "2_4_2_cycle",
            "clampMin": 1.0,
            "clampMax": 1.0
          },
          {
            "animationType": "visibility",
            "variable": "engine_powered",
            "clampMin": 1.0,
            "clampMax": 1.0
          },
          {
            "animationType": "inhibitor",
            "variable": "!parent_damage_totaled"
          },
          {
            "animationType": "visibility",
            "variable": "parent_damage_percent",
            "clampMin": 0.875,
            "clampMax": 1.0
          }
        ]
      },
      {
        "type": "smoke",
        "spawningOrientation": "entity",
        "renderingOrientation": "player",
        "quantity": 4,
        "duration": 60,
        "transparency": 0.75,
        "fadeTransparencyTime": 20,
        "scale": 0.8,
        "toScale": 1.6,
        "hitboxSize": 0.2,
        "color": "555555",
        "pos": [0.0,0.0,0.625],
        "spreadRandomness": [0.0,0.25,1.0],
        "initialVelocity": [0.0,0.0,1.5],
        "activeAnimations": [
          {
            "animationType": "visibility",
            "variable": "1_2_1_cycle",
            "clampMin": 1.0,
            "clampMax": 1.0
          },
          {
            "animationType": "visibility",
            "variable": "engine_powered",
            "clampMin": 1.0,
            "clampMax": 1.0,
            "reverseDelay": 100
          },
          {
            "animationType": "inhibitor",
            "variable": "!parent_damage_totaled"
          },
          {
            "animationType": "visibility",
            "variable": "parent_damage_percent",
            "clampMin": 0.75,
            "clampMax": 1.0
          }
        ]
      },
      {
        "type": "smoke",
        "spawningOrientation": "entity",
        "renderingOrientation": "player",
        "quantity": 8,
        "duration": 40,
        "transparency": 0.75,
        "fadeTransparencyTime": 20,
        "scale": 1.2,
        "toScale": 2.4,
        "hitboxSize": 0.2,
        "color": "888888",
        "pos": [0.0,0.0,0.625],
        "spreadRandomness": [0.0,1.0,6.0],
        "initialVelocity": [0.0,0.0,0.75],
        "activeAnimations": [
          {
            "animationType": "visibility",
            "variable": "engine_powered",
            "reverseDelay": 100
          },
          {
            "animationType": "inhibitor",
            "variable": "!parent_damage_totaled"
          },
          {
            "animationType": "visibility",
            "variable": "parent_damage_percent",
            "clampMin": 0.75,
            "clampMax": 1.0
          }
        ]
      },
      {
        "type": "generic",
        "spawningOrientation": "entity",
        "renderingOrientation": "player",
        "quantity": 8,
        "duration": 10,
        "transparency": 0.375,
        "fadeTransparencyTime": 5,
        "scale": 0.025,
        "toScale": 0.05,
        "hitboxSize": 0.1,
        "texture": "ivv:textures/particles/pattern7.png",
        "color": "EDAC28",
        "pos": [0.0,0.25,0.375],
        "spreadRandomness": [0.25,0.5,0.25],
        "initialVelocity": [0.0,0.625,0.125],
        "movementVelocity": [0.0,-0.01,0.0],
        "terminalVelocity": [2048.0,2048.0,2048.0],
        "activeAnimations": [
          {
            "animationType": "visibility",
            "variable": "engine_jumper_cable",
            "clampMin": 1.0,
            "clampMax": 1.0
          }
        ]
      },
      {
        "type": "smoke",
        "spawnEveryTick": true,
        "spawningOrientation": "entity",
        "renderingOrientation": "player",
        "quantity": 2,
        "duration": 60,
        "transparency": 0.25,
        "fadeTransparencyTime": 20,
        "scale": 0.75,
        "toScale": 1.5,
        "hitboxSize": 0.2,
        "color": "F0F0F0",
        "pos": [0.0,0.25,0.375],
        "spreadRandomness": [0.25,0.25,0.25],
        "initialVelocity": [0.0,0.625,0.0],
        "movementVelocity": [0.0,-0.00125,0.0],
        "terminalVelocity": [2048.0,2048,2048.0],
        "activeAnimations": [
          {
            "animationType": "visibility",
            "variable": "engine_temp",
            "clampMin": 105.0,
            "clampMax": 115.0
          }
        ]
      },
      {
        "type": "smoke",
        "spawnEveryTick": true,
        "spawningOrientation": "entity",
        "renderingOrientation": "player",
        "quantity": 3,
        "duration": 80,
        "transparency": 0.375,
        "fadeTransparencyTime": 20,
        "scale": 1.0,
        "toScale": 2.0,
        "hitboxSize": 0.2,
        "color": "2F2F2F",
        "pos": [0.0,0.25,0.375],
        "spreadRandomness": [0.25,0.25,0.25],
        "initialVelocity": [0.0,0.625,0.0],
        "movementVelocity": [0.0,-0.00125,0.0],
        "terminalVelocity": [2048.0,2048,2048.0],
        "activeAnimations": [
          {
            "animationType": "visibility",
            "variable": "engine_temp",
            "clampMin": 115.0,
            "clampMax": 1000.0
          }
        ]
      },
      {
        "type": "flame",
        "spawnEveryTick": true,
        "spawningOrientation": "entity",
        "renderingOrientation": "player",
        "quantity": 2,
        "duration": 20,
        "transparency": 1.0,
        "scale": 0.6,
        "toScale": 0.8,
        "hitboxSize": 0.2,
        "color": "FFFFFF",
        "pos": [0.0,0.0,0.625],
        "spreadRandomness": [0.375,0.125,0.375],
        "initialVelocity": [0.0,0.25,0.0],
        "activeAnimations": [
          {
            "animationType": "visibility",
            "variable": "2_4_2_cycle",
            "clampMin": 1.0,
            "clampMax": 1.0
          },
          {
            "animationType": "visibility",
            "variable": "engine_temp",
            "clampMin": 125.0,
            "clampMax": 1000.0
          }
        ]
      }
    ],
    "modelType": "obj"
  },
  "general": {
    "name": "Insolvo I3 Engine §9(Automatic)",
    "description": "2L Classic Motor",
    "health": 100,
    "materialLists": [
      [
        "mts:ivv.engineblock:0:1",
        "mts:ivv.enginepiston:0:3",
        "mts:ivv.fuelcarb:0:1",
        "mts:ivv.gearboxauto:0:1"
      ]
    ],
    "repairMaterialLists": [
      [
        "mts:ivv.oilcan:0:1",
        "mts:ivv.tape:0:1"
      ]
    ],
    "radarWidth": 0.0,
    "radarRange": 0.0
  }
}
