{
  "motorized": {
    "isRearWheelDrive": true,
    "hasAutopilot": true,
    "hasRunningLights": true,
    "hasHeadlights": true,
    "hasTurnSignals": true,
    "emptyMass": 1000,
    "fuelCapacity": 20000,
    "downForce": 0.75,
    "overSteer": 2,
    "underSteer": 1,
    "overSteerAccel": 2,
    "overSteerDecel": -1,
    "axleRatio": 3.4,
    "brakingFactor": 1.3,
    "maxTiltAngle": -3.75,
    "dragCoefficient": 0.35
  },
  "parts": [
    {
      "pos": [1.125,0.0,0.0],
      "minValue": 0.5,
      "maxValue": 0.9,
      "types": ["ground_wheel"]
    },
    {
      "pos": [-1.125,0.0,0.0],
      "minValue": 0.5,
      "maxValue": 0.9,
      "types": ["ground_wheel"]
    },
    {
      "pos": [1.125,0.0,3.375],
      "turnsWithSteer": true,
      "minValue": 0.5,
      "maxValue": 0.9,
      "types": ["ground_wheel"],
      "animations": [
        {
          "animationType": "rotation",
          "variable": "rudder",
          "centerPoint": [0.0,0.0,0.0],
          "axis": [0.0,-1.0,0.0]
        }
      ]
    },
    {
      "pos": [-1.125,0.0,3.375],
      "turnsWithSteer": true,
      "minValue": 0.5,
      "maxValue": 0.9,
      "types": ["ground_wheel"],
      "animations": [
        {
          "animationType": "rotation",
          "variable": "rudder",
          "centerPoint": [0.0,0.0,0.0],
          "axis": [0.0,-1.0,0.0]
        }
      ]
    },
    {
      "pos": [0.5625,0.25,1.9375],
      "rot": [0.0,0.0,0.0],
      "dismountPos": [1.5625,0.25,1.9375],
      "isController": true,
      "types": ["seat"],
      "linkedVariables": ["door_fl"]
    },
    {
      "pos": [-0.5625,0.25,1.9375],
      "rot": [0.0,0.0,0.0],
      "dismountPos": [-1.5625,0.25,1.9375],
      "types": ["seat"],
      "additionalParts": [
        {
          "pos": [-0.5625,0.3,1.9375],
          "rot": [0.0,90.0,0.0],
          "maxValue": 2.0,
          "types": ["interactable_luggage"]
        }
      ],
      "linkedVariables": ["door_fr"]
    },
    {
      "pos": [0.5625,0.25,1.0],
      "rot": [0.0,0.0,0.0],
      "dismountPos": [1.5625,0.25,1.0],
      "types": ["seat","interactable_crate"],
      "additionalParts": [
        {
          "pos": [0.5625,0.3,1.0],
          "rot": [0.0,90.0,0.0],
          "maxValue": 2.0,
          "types": ["interactable_luggage"]
        }
      ],
      "linkedVariables": ["door_fl"]
    },
    {
      "pos": [-0.5625,0.25,1.0],
      "rot": [0.0,0.0,0.0],
      "dismountPos": [-1.5625,0.25,1.0],
      "types": ["seat","interactable_crate"],
      "additionalParts": [
        {
          "pos": [-0.5625,0.3,1.0],
          "rot": [0.0,90.0,0.0],
          "maxValue": 2.0,
          "types": ["interactable_luggage"]
        }
      ],
      "linkedVariables": ["door_fr"]
    },
    {
      "pos": [0.5,0.0,3.4375],
      "rot": [0.0,-90.0,0.0],
      "maxValue": 0.31,
      "types": ["engine_car"],
      "linkedVariables": ["door_hood"]
    },
    {
      "pos": [0.0,1.625,2.125],
      "maxValue": 3.0,
      "types": ["generic_lightbar"]
    },
    {
      "pos": [0.0,1.59375,1.125],
      "maxValue": 3.0,
      "types": ["generic_roofdevice"]
    },
    {
      "pos": [0.0,0.0,4.125],
      "maxValue": 2.0,
      "types": ["generic_bullbar"]
    },
    {
      "pos": [-0.5,0.3125,-0.1875],
      "rot": [1.0,0.0,-2.0],
      "maxValue": 2.0,
      "types": ["interactable_luggage"],
      "linkedVariables": ["door_boot"]
    },
    {
      "pos": [0.5,0.3125,-0.1875],
      "rot": [5.0,-1.0,2.0],
      "maxValue": 2.0,
      "types": ["interactable_luggage"],
      "linkedVariables": ["door_boot"]
    },
    {
      "pos": [-0.15625,0.3125,-0.1875],
      "rot": [0.0,2.0,1.0],
      "maxValue": 2.0,
      "types": ["interactable_luggage"],
      "linkedVariables": ["door_boot"]
    },
    {
      "pos": [0.15625,0.3125,-0.1875],
      "rot": [-3.0,2.0,-1.0],
      "maxValue": 2.0,
      "types": ["interactable_luggage"],
      "linkedVariables": ["door_boot"]
    },
    {
      "pos": [-0.46875,0.15625,4.25625],
      "rot": [0.0,180.0,0.0],
      "maxValue": 1.0,
      "types": ["generic_bumpersticker"]
    },
    {
      "pos": [0.46875,0.15625,4.25625],
      "rot": [0.0,180.0,0.0],
      "maxValue": 1.0,
      "types": ["generic_bumpersticker"]
    },
    {
      "pos": [-0.5625,0.15625,-0.81875],
      "rot": [0.0,0.0,0.0],
      "maxValue": 1.0,
      "types": ["generic_bumpersticker"]
    },
    {
      "pos": [0.5625,0.15625,-0.81875],
      "rot": [0.0,0.0,0.0],
      "maxValue": 1.0,
      "types": ["generic_bumpersticker"]
    },
    {
      "pos": [0.0,0.15625,4.28188],
      "rot": [0.0,0.0,0.0],
      "maxValue": 3.0,
      "defaultPart": "iv_tpp:plate_gramados",
      "types": ["generic_licenseplate_us","generic_licenseplate_euro"]
    },
    {
      "pos": [0.0,0.15625,-0.84438],
      "rot": [0.0,180.0,0.0],
      "maxValue": 3.0,
      "defaultPart": "iv_tpp:plate_gramados",
      "types": ["generic_licenseplate_us","generic_licenseplate_euro"]
    }
  ],
  "collisionGroups": [
    {
      "isInterior": true,
      "collisions": [
        {
          "pos": [1.15625,0.75,1.46875],
          "width": 0.3125,
          "height": 0.125,
          "variableName": "door_fl",
          "variableType": "toggle",
          "variableValue": 0.0
        }
      ],
      "animations": [
        {
          "animationType": "translation",
          "variable": "door_fl",
          "axis": [1.125,0.0,0.5625]
        }
      ]
    },
    {
      "isInterior": true,
      "collisions": [
        {
          "pos": [1.15625,0.71875,2.46875],
          "width": 0.3125,
          "height": 0.125,
          "variableName": "door_fl",
          "variableType": "toggle",
          "variableValue": 0.0
        }
      ],
      "animations": [
        {
          "animationType": "translation",
          "variable": "door_fl",
          "axis": [0.25,0.0,0.0625]
        }
      ]
    },
    {
      "isInterior": true,
      "collisions": [
        {
          "pos": [-1.15625,0.75,1.46875],
          "width": 0.3125,
          "height": 0.125,
          "variableName": "door_fr",
          "variableType": "toggle",
          "variableValue": 0.0
        }
      ],
      "animations": [
        {
          "animationType": "translation",
          "variable": "door_fr",
          "axis": [-1.125,0.0,0.5625]
        }
      ]
    },
    {
      "isInterior": true,
      "collisions": [
        {
          "pos": [-1.15625,0.71875,2.46875],
          "width": 0.3125,
          "height": 0.125,
          "variableName": "door_fr",
          "variableType": "toggle",
          "variableValue": 0.0
        }
      ],
      "animations": [
        {
          "animationType": "translation",
          "variable": "door_fr",
          "axis": [-0.25,0.0,0.0625]
        }
      ]
    },
    {
      "isInterior": true,
      "collisions": [
        {
          "pos": [0.0,0.75,3.375],
          "width": 1.0,
          "height": 0.25,
          "variableName": "door_hood",
          "variableType": "toggle",
          "variableValue": 0.0
        }
      ],
      "animations": [
        {
          "animationType": "translation",
          "variable": "door_hood",
          "axis": [0.0,0.6875,0.0625]
        }
      ]
    },
    {
      "isInterior": true,
      "collisions": [
        {
          "pos": [0.0,0.3125,-0.8125],
          "width": 0.3125,
          "height": 0.125,
          "variableName": "door_boot",
          "variableType": "toggle",
          "variableValue": 0.0
        }
      ],
      "animations": [
        {
          "animationType": "translation",
          "variable": "door_boot",
          "axis": [0.0,1.21875,0.0625]
        }
      ]
    },
    {
      "collisions": [
        {
          "pos": [0.0,0.8,3.375],
          "width": 1.5,
          "height": 0.125,
          "variableValue": 0.0
        },
        {
          "pos": [0.0,1.5625,1.4375],
          "width": 1.5,
          "height": 0.125,
          "variableValue": 0.0
        },
        {
          "pos": [0.0,0.875,-0.1875],
          "width": 1.0,
          "height": 0.125,
          "variableValue": 0.0
        }
      ]
    }
  ],
  "connectionGroups": [
    {
      "groupName": "HOOKUP",
      "hookup": true,
      "connections": [
        {
          "type": "tow_bumper",
          "pos": [0.0,0.0625,4.28125],
          "distance": 0.0
        },
        {
          "type": "tow_wheel",
          "pos": [0.0,-0.4375,3.375],
          "distance": 0.0
        }
      ]
    },
    {
      "groupName": "TRAILER",
      "canIntiateConnections": true,
      "connections": [
        {
          "type": "trailer_standard",
          "pos": [0.0,0.0625,-0.84375],
          "distance": 0.0
        }
      ]
    }
  ],
  "instruments": [
    {
      "pos": [0.75,0.8125,2.6093],
      "rot": [0.0,0.0,0.0],
      "scale": 0.015625,
      "hudX": 80,
      "hudY": 36,
      "hudScale": 0.25
    },
    {
      "pos": [0.625,0.8125,2.6093],
      "rot": [0.0,0.0,0.0],
      "scale": 0.015625,
      "hudX": 160,
      "hudY": 36,
      "hudScale": 0.5
    },
    {
      "pos": [0.5,0.8125,2.6093],
      "rot": [0.0,0.0,0.0],
      "scale": 0.015625,
      "hudX": 240,
      "hudY": 36,
      "hudScale": 0.5
    },
    {
      "pos": [0.375,0.8125,2.6093],
      "rot": [0.0,0.0,0.0],
      "scale": 0.015625,
      "hudX": 320,
      "hudY": 36,
      "hudScale": 0.25
    }
  ],
  "definitions": [
    {
      "subName": "_midnightpurple_g",
      "name": "Trin Devom comfort trim - Midnight Purple paint, Gray interior",
      "extraMaterials": ["mts:iv_tpp.paint_bucket_midnightpurple:0:1","minecraft:wool:7:2","minecraft:wool:8:3"]
    },
    {
      "subName": "_midnightpurple_w",
      "name": "Trin Devom comfort trim - Midnight Purple paint, White interior",
      "extraMaterials": ["mts:iv_tpp.paint_bucket_midnightpurple:0:1","minecraft:wool:8:2","minecraft:wool:0:3"]
    },
    {
      "subName": "_pureblack_g",
      "name": "Trin Devom comfort trim - Pure Black paint, Gray interior",
      "extraMaterials": ["mts:iv_tpp.paint_bucket_pureblack:0:1","minecraft:wool:7:2","minecraft:wool:8:3"]
    },
    {
      "subName": "_pureblack_w",
      "name": "Trin Devom comfort trim - Pure Black paint, White interior",
      "extraMaterials": ["mts:iv_tpp.paint_bucket_pureblack:0:1","minecraft:wool:8:2","minecraft:wool:0:3"]
    },
    {
      "subName": "_sage_g",
      "name": "Trin Devom comfort trim - Sage paint, Gray interior",
      "extraMaterials": ["mts:iv_tpp.paint_bucket_sage:0:1","minecraft:wool:7:2","minecraft:wool:8:3"]
    },
    {
      "subName": "_sage_w",
      "name": "Trin Devom comfort trim - Sage paint, White interior",
      "extraMaterials": ["mts:iv_tpp.paint_bucket_sage:0:1","minecraft:wool:8:2","minecraft:wool:0:3"]
    }
  ],
  "rendering": {
    "textObjects": [],
    "animatedObjects": [
      {
        "objectName": "$steer",
        "animations": [
          {
            "animationType": "rotation",
            "variable": "rudder",
            "centerPoint": [0.5625,0.71875,2.5625],
            "axis": [0.0,0.0,1.0]
          }
        ]
      },
      {
        "objectName": "$gas",
        "animations": [
          {
            "animationType": "rotation",
            "variable": "throttle",
            "centerPoint": [0.0,0.34375,3.04688],
            "axis": [-30.0,0.0,0.0]
          }
        ]
      },
      {
        "objectName": "$brake",
        "animations": [
          {
            "animationType": "rotation",
            "variable": "brake",
            "centerPoint": [0.0,0.34375,3.04688],
            "axis": [-30.0,0.0,0.0]
          }
        ]
      },
      {
        "objectName": "$p_brake",
        "animations": [
          {
            "animationType": "rotation",
            "variable": "p_brake",
            "centerPoint": [0.0,0.0,2.59375],
            "axis": [-30.0,0.0,0.0]
          }
        ]
      },
      {
        "objectName": "$shift",
        "animations": [
          {
            "animationType": "rotation",
            "variable": "engine_gearshift_1",
            "centerPoint": [0.0,0.25,2.40625],
            "axis": [1.0,0.0,0.0]
          }
        ]
      },
      {
        "objectName": "$doorFR",
        "animations": [
          {
            "animationType": "rotation",
            "variable": "door_fr",
            "centerPoint": [-1.21875,0.5625,2.75],
            "axis": [0.0,60.0,0.0],
            "duration": 20,
            "forwardsStartSound": "iv_tpp:dooropen",
            "reverseEndSound": "iv_tpp:doorclose"
          }
        ]
      },
      {
        "objectName": "$doorFL",
        "animations": [
          {
            "animationType": "rotation",
            "variable": "door_fl",
            "centerPoint": [1.21875,0.5625,2.75],
            "axis": [0.0,-60.0,0.0],
            "duration": 20,
            "forwardsStartSound": "iv_tpp:dooropen",
            "reverseEndSound": "iv_tpp:doorclose"
          }
        ]
      },
      {
        "objectName": "$doorwindowFR",
        "animations": [
          {
            "animationType": "rotation",
            "variable": "door_fr",
            "centerPoint": [-1.21875,0.5625,2.75],
            "axis": [0.0,60.0,0.0],
            "duration": 20,
            "forwardsStartSound": "iv_tpp:dooropen",
            "reverseEndSound": "iv_tpp:doorclose"
          }
        ]
      },
      {
        "objectName": "$doorwindowFL",
        "animations": [
          {
            "animationType": "rotation",
            "variable": "door_fl",
            "centerPoint": [1.21875,0.5625,2.75],
            "axis": [0.0,-60.0,0.0],
            "duration": 20,
            "forwardsStartSound": "iv_tpp:dooropen",
            "reverseEndSound": "iv_tpp:doorclose"
          }
        ]
      },
      {
        "objectName": "$hood",
        "animations": [
          {
            "animationType": "rotation",
            "variable": "door_hood",
            "centerPoint": [0.0,0.875,3.125],
            "axis": [-60.0,0.0,0.0],
            "duration": 20,
            "forwardsStartSound": "iv_tpp:hoodopen",
            "reverseStartSound": "iv_tpp:hoodclose"
          }
        ]
      },
      {
        "objectName": "$boot",
        "animations": [
          {
            "animationType": "rotation",
            "variable": "door_boot",
            "centerPoint": [0.0,0.9375,-0.1875],
            "axis": [90.0,0.0,0.0],
            "duration": 20,
            "forwardsStartSound": "iv_tpp:bootopen",
            "reverseEndSound": "iv_tpp:bootclose"
          }
        ]
      }
    ],
    "lightObjects": [
      {
        "objectName": "&Headlight_FFFFA7_FFFFF_111",
        "emissive": true,
        "covered": true,
        "isElectric": true,
        "color": "FFFFA7",
        "brightnessAnimations": [
          {
            "animationType": "visibility",
            "variable": "headlight",
            "clampMin": 1.0,
            "clampMax": 1.0
          }
        ],
        "blendableComponents": [
          {
            "pos": [-0.875,0.5312470048666,4.03125],
            "axis": [0.0,0.0,1.0],
            "flareHeight": 0.3750001,
            "flareWidth": 0.3750001,
            "beamDiameter": 8.000002,
            "beamLength": 24.000006
          },
          {
            "pos": [0.875,0.5312470048666,4.03125],
            "axis": [0.0,0.0,1.0],
            "flareHeight": 0.3750001,
            "flareWidth": 0.3750001,
            "beamDiameter": 8.000002,
            "beamLength": 24.000006
          }
        ]
      },
      {
        "objectName": "&BrakeLight_e60000_FFFFF_111",
        "emissive": true,
        "covered": true,
        "isElectric": true,
        "color": "E60000",
        "brightnessAnimations": [
          {
            "animationType": "visibility",
            "variable": "brake",
            "clampMin": 0.01,
            "clampMax": 1.0
          }
        ],
        "blendableComponents": [
          {
            "pos": [-0.84375,0.5625,-0.890625],
            "axis": [0.0,0.0,-1.0],
            "flareHeight": 0.5625,
            "flareWidth": 0.5625
          },
          {
            "pos": [0.84375,0.5625,-0.890625],
            "axis": [0.0,0.0,-1.0],
            "flareHeight": 0.5625,
            "flareWidth": 0.5625
          },
          {
            "pos": [0.0,1.5,0.671875],
            "axis": [0.0,0.0,-1.0],
            "flareHeight": 0.75,
            "flareWidth": 0.75
          }
        ]
      },
      {
        "objectName": "&BackupLight_ffffcc_FFFFF_111",
        "emissive": true,
        "covered": true,
        "isElectric": true,
        "color": "FFFFCC",
        "brightnessAnimations": [
          {
            "animationType": "visibility",
            "variable": "engine_reversed_1",
            "clampMin": 1.0,
            "clampMax": 1.0
          }
        ],
        "blendableComponents": [
          {
            "pos": [-0.90625,0.4375,-0.890625],
            "axis": [0.0,0.0,-1.0],
            "flareHeight": 0.1875,
            "flareWidth": 0.1875
          },
          {
            "pos": [0.90625,0.4375,-0.890625],
            "axis": [0.0,0.0,-1.0],
            "flareHeight": 0.1875,
            "flareWidth": 0.1875
          }
        ]
      },
      {
        "objectName": "&EmergencyLight_ff6600_00F0F_111",
        "emissive": true,
        "covered": true,
        "isElectric": true,
        "color": "FF6600",
        "brightnessAnimations": [
          {
            "animationType": "visibility",
            "variable": "EMERLTS",
            "clampMin": 1.0,
            "clampMax": 1.0
          },
          {
            "animationType": "visibility",
            "variable": "0_4_16_cycle",
            "clampMin": 1.0,
            "clampMax": 1.0
          }
        ],
        "blendableComponents": [
          {
            "pos": [0.4375,0.6875,2.609375],
            "axis": [0.0,0.0,-1.0],
            "flareHeight": 0.1875,
            "flareWidth": 0.1875
          }
        ]
      },
      {
        "objectName": "&RightTurnLight_ff6600_FFC00_111",
        "emissive": true,
        "covered": true,
        "isElectric": true,
        "color": "FF6600",
        "brightnessAnimations": [
          {
            "animationType": "visibility",
            "variable": "right_turn_signal",
            "clampMin": 1.0,
            "clampMax": 1.0
          },
          {
            "animationType": "visibility",
            "variable": "10_10_0_cycle",
            "clampMin": 1.0,
            "clampMax": 1.0
          }
        ],
        "blendableComponents": [
          {
            "pos": [-0.8125,0.15624700114130974,4.265625],
            "axis": [0.0,0.0,1.0],
            "flareHeight": 0.5625,
            "flareWidth": 0.5625
          },
          {
            "pos": [-0.90625,0.5,-0.890625],
            "axis": [0.0,0.0,-1.0],
            "flareHeight": 0.1875,
            "flareWidth": 0.1875
          },
          {
            "pos": [0.34375,0.6875,2.609375],
            "axis": [0.0,0.0,-1.0],
            "flareHeight": 0.1875,
            "flareWidth": 0.1875
          }
        ]
      },
      {
        "objectName": "&RunningLight_ffcc00_FFFFF_111",
        "emissive": true,
        "covered": true,
        "isElectric": true,
        "color": "FFCC00",
        "brightnessAnimations": [
          {
            "animationType": "visibility",
            "variable": "running_light",
            "clampMin": 1.0,
            "clampMax": 1.0
          }
        ],
        "blendableComponents": [
          {
            "pos": [-0.875,0.6249970197677612,4.03125],
            "axis": [0.0,0.0,1.0],
            "flareHeight": 0.375,
            "flareWidth": 0.375
          },
          {
            "pos": [-0.75,0.5312470048666,4.046875],
            "axis": [0.0,0.0,1.0],
            "flareHeight": 0.3750001,
            "flareWidth": 0.3750001
          },
          {
            "pos": [-0.75,0.6249970197677612,4.046875],
            "axis": [0.0,0.0,1.0],
            "flareHeight": 0.375,
            "flareWidth": 0.375
          },
          {
            "pos": [0.75,0.5312470048666,4.046875],
            "axis": [0.0,0.0,1.0],
            "flareHeight": 0.3750001,
            "flareWidth": 0.3750001
          },
          {
            "pos": [0.75,0.6249970197677612,4.046875],
            "axis": [0.0,0.0,1.0],
            "flareHeight": 0.375,
            "flareWidth": 0.375
          },
          {
            "pos": [0.875,0.6249970197677612,4.03125],
            "axis": [0.0,0.0,1.0],
            "flareHeight": 0.375,
            "flareWidth": 0.375
          },
          {
            "pos": [0.6875,0.6875,2.609375],
            "axis": [0.0,0.0,-1.0],
            "flareHeight": 0.1875,
            "flareWidth": 0.1875
          }
        ]
      },
      {
        "objectName": "&LeftTurnLight_ff6600_FFC00_111",
        "emissive": true,
        "covered": true,
        "isElectric": true,
        "color": "FF6600",
        "brightnessAnimations": [
          {
            "animationType": "visibility",
            "variable": "left_turn_signal",
            "clampMin": 1.0,
            "clampMax": 1.0
          },
          {
            "animationType": "visibility",
            "variable": "10_10_0_cycle",
            "clampMin": 1.0,
            "clampMax": 1.0
          }
        ],
        "blendableComponents": [
          {
            "pos": [0.8125,0.15624700114130974,4.265625],
            "axis": [0.0,0.0,1.0],
            "flareHeight": 0.5625,
            "flareWidth": 0.5625
          },
          {
            "pos": [0.90625,0.5,-0.890625],
            "axis": [0.0,0.0,-1.0],
            "flareHeight": 0.1875,
            "flareWidth": 0.1875
          },
          {
            "pos": [0.78125,0.6875,2.609375],
            "axis": [0.0,0.0,-1.0],
            "flareHeight": 0.1875,
            "flareWidth": 0.1875
          }
        ]
      },
      {
        "objectName": "&RunningLight_e60000_FFFFF_111",
        "emissive": true,
        "covered": true,
        "isElectric": true,
        "color": "E60000",
        "brightnessAnimations": [
          {
            "animationType": "visibility",
            "variable": "running_light",
            "clampMin": 1.0,
            "clampMax": 1.0
          }
        ],
        "blendableComponents": [
          {
            "pos": [-0.8125,0.46875,-0.890625],
            "axis": [0.0,0.0,-1.0],
            "flareHeight": 0.375,
            "flareWidth": 0.375
          },
          {
            "pos": [0.8125,0.46875,-0.890625],
            "axis": [0.0,0.0,-1.0],
            "flareHeight": 0.375,
            "flareWidth": 0.375
          },
          {
            "pos": [-0.84375,0.375,-0.890625],
            "axis": [0.0,0.0,-1.0],
            "flareHeight": 0.5625,
            "flareWidth": 0.5625
          },
          {
            "pos": [0.84375,0.375,-0.890625],
            "axis": [0.0,0.0,-1.0],
            "flareHeight": 0.5625,
            "flareWidth": 0.5625
          }
        ]
      },
      {
        "objectName": "&RunningLight_ffffcc_FFFFF_111",
        "emissive": true,
        "covered": true,
        "isElectric": true,
        "color": "FFFFCC",
        "brightnessAnimations": [
          {
            "animationType": "visibility",
            "variable": "running_light",
            "clampMin": 1.0,
            "clampMax": 1.0
          }
        ],
        "blendableComponents": [
          {
            "pos": [-0.09375,1.53125,2.125],
            "axis": [-0.4472000002861023,-0.8944000005722046,0.0],
            "flareHeight": 0.375,
            "flareWidth": 0.375
          },
          {
            "pos": [0.09375,1.53125,2.125],
            "axis": [0.4472000002861023,-0.8944000005722046,0.0],
            "flareHeight": 0.375,
            "flareWidth": 0.375
          },
          {
            "pos": [0.0,1.53125,1.25],
            "axis": [0.0,-1.0,0.0],
            "flareHeight": 0.375,
            "flareWidth": 0.375
          }
        ]
      }
    ],
    "customVariables": ["EMERLTS"],
    "initialVariables": ["door_fr","door_hood","door_fl"],
    "sounds": [
      {
        "name": "iv_tcp_v3:horn_1",
        "activeAnimations": [
          {
            "animationType": "visibility",
            "variable": "horn",
            "clampMin": 1.0,
            "clampMax": 1.0
          }
        ],
        "looping": true
      }
    ],
    "particles": [
      {
        "type": "smoke",
        "transparency": 0.25,
        "toTransparency": 0.25,
        "scale": 1.0,
        "color": "D9D9D9",
        "pos": [-1.25,-0.15625,0.6875],
        "initialVelocity": [-1.0,0.0,0.0],
        "activeAnimations": [
          {
            "animationType": "visibility",
            "variable": "engine_piston_1_1_cam_1",
            "clampMin": 1.0,
            "clampMax": 1.0
          }
        ]
      },
      {
        "type": "smoke",
        "quantity": 5,
        "scale": 2.5,
        "color": "000000",
        "pos": [-1.25,-0.15625,0.6875],
        "initialVelocity": [-1.0,0.0,0.0],
        "activeAnimations": [
          {
            "animationType": "visibility",
            "variable": "engine_backfired_1",
            "clampMin": 1.0,
            "clampMax": 1.0
          }
        ]
      }
    ]
  },
  "general": {
    "description": "Mid End Sporty Coupe\n2 doors, 4 seats\n\nRecommended parts:\nAverage Sized Wheels\nTurbo Charged i5 Engine\nModel 3 Seats",
    "materials": ["minecraft:iron_ingot:0:16","minecraft:iron_block:0:5","minecraft:glowstone_dust:0:16","minecraft:glass_pane:0:8","mts:iv_tpp.metal_pile_2:0:1","mts:iv_tpp.chassis_cc4_t1_t14_i5:0:1"]
  }
}
