{
  "motorized": {
    "isRearWheelDrive": true,
    "hasAutopilot": true,
    "hasRunningLights": true,
    "hasHeadlights": true,
    "hasTurnSignals": true,
    "emptyMass": 1350,
    "fuelCapacity": 8000,
    "downForce": 0.75,
    "overSteer": 2,
    "underSteer": 1.5,
    "overSteerAccel": 2.5,
    "overSteerDecel": -0.75,
    "axleRatio": 3.6,
    "brakingFactor": 1.15,
    "maxTiltAngle": -3.25,
    "dragCoefficient": 0.36
  },
  "parts": [
    {
      "pos": [1.125,0.0,0.0],
      "minValue": 0.8,
      "maxValue": 0.875,
      "types": ["ground_wheel"]
    },
    {
      "pos": [-1.125,0.0,0.0],
      "minValue": 0.8,
      "maxValue": 0.875,
      "types": ["ground_wheel"]
    },
    {
      "pos": [1.125,0.0,3.0625],
      "turnsWithSteer": true,
      "minValue": 0.8,
      "maxValue": 0.875,
      "types": ["ground_wheel"],
      "animations": [
        {
          "animationType": "rotation",
          "variable": "rudder",
          "centerPoint": [0.0,0.0,0.0],
          "axis": [0.0,-1.0,0.0]
        }
      ]
    },
    {
      "pos": [-1.125,0.0,3.0625],
      "turnsWithSteer": true,
      "minValue": 0.8,
      "maxValue": 0.875,
      "types": ["ground_wheel"],
      "animations": [
        {
          "animationType": "rotation",
          "variable": "rudder",
          "centerPoint": [0.0,0.0,0.0],
          "axis": [0.0,-1.0,0.0]
        }
      ]
    },
    {
      "pos": [0.5625,0.0625,1.1875],
      "rot": [0.0,0.0,0.0],
      "dismountPos": [1.5625,0.0625,1.1875],
      "isController": true,
      "types": ["seat"],
      "linkedVariables": ["door_fl"]
    },
    {
      "pos": [-0.5625,0.0625,1.1875],
      "rot": [0.0,0.0,0.0],
      "dismountPos": [-1.5625,0.0625,1.1875],
      "types": ["seat"],
      "additionalParts": [
        {
          "pos": [-0.5625,0.1,1.1875],
          "rot": [0.0,90.0,0.0],
          "maxValue": 2.0,
          "types": ["interactable_luggage"]
        }
      ],
      "linkedVariables": ["door_fr"]
    },
    {
      "pos": [0.0,0.0,-1.1875],
      "rot": [0.0,0.0,0.0],
      "maxValue": 0.65,
      "types": ["engine_car"],
      "linkedVariables": ["door_hood"]
    },
    {
      "pos": [0.0,1.375,1.65625],
      "maxValue": 3.0,
      "types": ["generic_lightbar","generic_roofdevice"]
    },
    {
      "pos": [0.0,1.375,0.875],
      "maxValue": 3.0,
      "types": ["generic_lightbar","generic_roofdevice"]
    },
    {
      "pos": [0.0,-0.125,3.375],
      "rot": [0.0,0.0,0.0],
      "maxValue": 2.0,
      "types": ["interactable_luggage"],
      "linkedVariables": ["door_boot"]
    },
    {
      "pos": [0.3125,0.0625,-1.54688],
      "rot": [-25.0,0.0,0.0],
      "maxValue": 1.0,
      "types": ["generic_bumpersticker"]
    },
    {
      "pos": [-0.3125,0.0625,-1.54688],
      "rot": [-25.0,0.0,0.0],
      "maxValue": 1.0,
      "types": ["generic_bumpersticker"]
    },
    {
      "pos": [-0.90625,-0.09375,4.53188],
      "rot": [0.0,-14.0,0.0],
      "maxValue": 3.0,
      "defaultPart": "iv_tpp:plate_gramados",
      "types": ["generic_licenseplate_us","generic_licenseplate_euro"]
    },
    {
      "pos": [0.0,0.31125,-1.532],
      "rot": [0.0,180.0,0.0],
      "maxValue": 3.0,
      "defaultPart": "iv_tpp:plate_gramados",
      "types": ["generic_licenseplate_us","generic_licenseplate_euro"]
    }
  ],
  "collisionGroups": [
    {
      "isInterior": true,
      "collisions": [
        {
          "pos": [1.21875,0.46875,0.96875],
          "width": 0.3125,
          "height": 0.125,
          "variableName": "door_fl",
          "variableType": "toggle",
          "variableValue": 0.0
        }
      ],
      "animations": [
        {
          "animationType": "translation",
          "variable": "door_fl",
          "axis": [1.1875,0.0,0.625]
        }
      ]
    },
    {
      "isInterior": true,
      "collisions": [
        {
          "pos": [-1.21875,0.46875,0.96875],
          "width": 0.3125,
          "height": 0.125,
          "variableName": "door_fr",
          "variableType": "toggle",
          "variableValue": 0.0
        }
      ],
      "animations": [
        {
          "animationType": "translation",
          "variable": "door_fr",
          "axis": [-1.1875,0.0,0.625]
        }
      ]
    },
    {
      "isInterior": true,
      "collisions": [
        {
          "pos": [1.21875,0.34375,1.875],
          "width": 0.3125,
          "height": 0.125,
          "variableName": "door_fl",
          "variableType": "toggle",
          "variableValue": 0.0
        }
      ],
      "animations": [
        {
          "animationType": "translation",
          "variable": "door_fl",
          "axis": [0.375,0.0,0.1875]
        }
      ]
    },
    {
      "isInterior": true,
      "collisions": [
        {
          "pos": [-1.21875,0.34375,1.875],
          "width": 0.3125,
          "height": 0.125,
          "variableName": "door_fr",
          "variableType": "toggle",
          "variableValue": 0.0
        }
      ],
      "animations": [
        {
          "animationType": "translation",
          "variable": "door_fr",
          "axis": [-0.375,0.0,0.1875]
        }
      ]
    },
    {
      "isInterior": true,
      "collisions": [
        {
          "pos": [0.0,0.6875,-1.375],
          "width": 1.0,
          "height": 0.5,
          "variableName": "door_hood",
          "variableType": "toggle",
          "variableValue": 0.0
        }
      ],
      "animations": [
        {
          "animationType": "translation",
          "variable": "door_hood",
          "axis": [0.0,1.125,0.5625]
        }
      ]
    },
    {
      "isInterior": true,
      "collisions": [
        {
          "pos": [0.0,0.65625,3.90625],
          "width": 0.3125,
          "height": 0.125,
          "variableName": "door_boot",
          "variableType": "toggle",
          "variableValue": 0.0
        }
      ],
      "animations": [
        {
          "animationType": "translation",
          "variable": "door_boot",
          "axis": [0.0,1.125,-0.5]
        }
      ]
    },
    {
      "collisions": [
        {
          "pos": [0.0,0.625,4.1875],
          "width": 1.0,
          "height": 0.125,
          "variableValue": 0.0
        },
        {
          "pos": [0.0,1.3125,1.0],
          "width": 2.0,
          "height": 0.125,
          "variableValue": 0.0
        },
        {
          "pos": [0.0,0.875,-0.6875],
          "width": 2.0,
          "height": 0.125,
          "variableValue": 0.0
        }
      ]
    }
  ],
  "connectionGroups": [
    {
      "groupName": "HOOKUP",
      "hookup": true,
      "connections": [
        {
          "type": "tow_bumper",
          "pos": [0.0,-0.1875,4.625],
          "distance": 0.0
        },
        {
          "type": "tow_wheel",
          "pos": [0.0,-0.4375,3.0625],
          "distance": 0.0
        }
      ]
    },
    {
      "groupName": "TRAILER",
      "canIntiateConnections": true,
      "connections": [
        {
          "type": "trailer_standard",
          "pos": [0.0,0.0625,-1.5625],
          "distance": 0.0
        }
      ]
    }
  ],
  "instruments": [
    {
      "pos": [0.78125,0.5375,2.17125],
      "rot": [0.0,0.0,0.0],
      "scale": 0.015625,
      "hudX": 80,
      "hudY": 36,
      "hudScale": 0.25
    },
    {
      "pos": [0.625,0.55,2.17125],
      "rot": [0.0,0.0,0.0],
      "scale": 0.015625,
      "hudX": 160,
      "hudY": 36,
      "hudScale": 0.5
    },
    {
      "pos": [0.4375,0.55,2.17125],
      "rot": [0.0,0.0,0.0],
      "scale": 0.015625,
      "hudX": 240,
      "hudY": 36,
      "hudScale": 0.5
    },
    {
      "pos": [0.28125,0.5375,2.17125],
      "rot": [0.0,0.0,0.0],
      "scale": 0.015625,
      "hudX": 320,
      "hudY": 36,
      "hudScale": 0.25
    }
  ],
  "definitions": [
    {
      "subName": "_firered_g",
      "name": "Trin Springbok comfort trim - Fire Red paint, Gray interior",
      "extraMaterials": ["mts:iv_tpp.paint_bucket_firered:0:1","minecraft:wool:7:2","minecraft:wool:8:3"]
    },
    {
      "subName": "_firered_w",
      "name": "Trin Springbok comfort trim - Fire Red paint, White interior",
      "extraMaterials": ["mts:iv_tpp.paint_bucket_firered:0:1","minecraft:wool:8:2","minecraft:wool:0:3"]
    },
    {
      "subName": "_pureblack_g",
      "name": "Trin Springbok comfort trim - Pure Black paint, Gray interior",
      "extraMaterials": ["mts:iv_tpp.paint_bucket_pureblack:0:1","minecraft:wool:7:2","minecraft:wool:8:3"]
    },
    {
      "subName": "_pureblack_w",
      "name": "Trin Springbok comfort trim - Pure Black paint, White interior",
      "extraMaterials": ["mts:iv_tpp.paint_bucket_pureblack:0:1","minecraft:wool:8:2","minecraft:wool:0:3"]
    },
    {
      "subName": "_tungsten_g",
      "name": "Trin Springbok comfort trim - Tungsten paint, Gray interior",
      "extraMaterials": ["mts:iv_tpp.paint_bucket_tungsten:0:1","minecraft:wool:7:2","minecraft:wool:8:3"]
    },
    {
      "subName": "_tungsten_w",
      "name": "Trin Springbok comfort trim - Tungsten paint, White interior",
      "extraMaterials": ["mts:iv_tpp.paint_bucket_tungsten:0:1","minecraft:wool:8:2","minecraft:wool:0:3"]
    }
  ],
  "rendering": {
    "textObjects": [],
    "animatedObjects": [
      {
        "objectName": "steer",
        "animations": [
          {
            "animationType": "rotation",
            "variable": "rudder",
            "centerPoint": [0.5625,0.46875,2.0],
            "axis": [0.0,0.0,1.0]
          }
        ]
      },
      {
        "objectName": "gas",
        "animations": [
          {
            "animationType": "rotation",
            "variable": "throttle",
            "centerPoint": [0.375,0.15625,2.3125],
            "axis": [-30.0,0.0,0.0]
          }
        ]
      },
      {
        "objectName": "brake",
        "animations": [
          {
            "animationType": "rotation",
            "variable": "brake",
            "centerPoint": [0.375,0.15625,2.3125],
            "axis": [-30.0,0.0,0.0]
          }
        ]
      },
      {
        "objectName": "clutch",
        "animations": [
          {
            "animationType": "visibility",
            "variable": "engine_isautomatic_1"
          },
          {
            "animationType": "rotation",
            "variable": "engine_clutch_upshift_1",
            "centerPoint": [0.375,0.15625,2.3125],
            "axis": [-30.0,0.0,0.0]
          },
          {
            "animationType": "rotation",
            "variable": "engine_clutch_downshift_1",
            "centerPoint": [0.375,0.15625,2.3125],
            "axis": [-30.0,0.0,0.0]
          }
        ]
      },
      {
        "objectName": "p_brake",
        "animations": [
          {
            "animationType": "rotation",
            "variable": "p_brake",
            "centerPoint": [0.0,-0.09375,1.28125],
            "axis": [-30.0,0.0,0.0]
          }
        ]
      },
      {
        "objectName": "shift",
        "animations": [
          {
            "animationType": "rotation",
            "variable": "engine_gearshift_1",
            "centerPoint": [0.0,-0.04688,1.78125],
            "axis": [1.0,0.0,0.0]
          }
        ]
      },
      {
        "objectName": "doorFR",
        "animations": [
          {
            "animationType": "rotation",
            "variable": "door_fr",
            "centerPoint": [-1.25,0.0,2.375],
            "axis": [0.0,60.0,0.0],
            "duration": 20,
            "forwardsStartSound": "iv_tpp:dooropen",
            "reverseEndSound": "iv_tpp:doorclose"
          }
        ]
      },
      {
        "objectName": "doorwindowFR",
        "applyAfter": "doorFR",
        "animations": []
      },
      {
        "objectName": "doorFL",
        "animations": [
          {
            "animationType": "rotation",
            "variable": "door_fl",
            "centerPoint": [1.25,0.0,2.375],
            "axis": [0.0,-60.0,0.0],
            "duration": 20,
            "forwardsStartSound": "iv_tpp:dooropen",
            "reverseEndSound": "iv_tpp:doorclose"
          }
        ]
      },
      {
        "objectName": "doorwindowFL",
        "applyAfter": "doorFL",
        "animations": []
      },
      {
        "objectName": "hood",
        "animations": [
          {
            "animationType": "rotation",
            "variable": "door_hood",
            "centerPoint": [0.0,1.25,-0.0625],
            "axis": [60.0,0.0,0.0],
            "duration": 20,
            "forwardsStartSound": "iv_tpp:hoodopen",
            "reverseStartSound": "iv_tpp:hoodclose"
          }
        ]
      },
      {
        "objectName": "boot",
        "animations": [
          {
            "animationType": "rotation",
            "variable": "door_boot",
            "centerPoint": [0.0,0.75,2.6875],
            "axis": [-60.0,0.0,0.0],
            "duration": 20,
            "forwardsStartSound": "iv_tpp:bootopen",
            "reverseEndSound": "iv_tpp:bootclose"
          }
        ]
      },
      {
        "objectName": "hoodwindow",
        "applyAfter": "hood",
        "animations": []
      }
    ],
    "lightObjects": [
      {
        "objectName": "&RightTurnLight_ff6600_FFC00_111",
        "emissive": true,
        "covered": true,
        "isElectric": true,
        "color": "FF6600",
        "brightnessAnimations": [
          {
            "animationType": "visibility",
            "variable": "right_turn_signal",
            "clampMin": 1.0,
            "clampMax": 1.0
          },
          {
            "animationType": "visibility",
            "variable": "10_10_0_cycle",
            "clampMin": 1.0,
            "clampMax": 1.0
          }
        ],
        "blendableComponents": [
          {
            "pos": [-1.21875,0.15624800324440002,4.5],
            "axis": [-0.8944000005722046,0.0,0.4472000002861023],
            "flareHeight": 0.375,
            "flareWidth": 0.375
          },
          {
            "pos": [-1.15625,0.15624800324440002,4.59375],
            "axis": [-0.707099974155426,0.0,0.707099974155426],
            "flareHeight": 0.1875,
            "flareWidth": 0.1875
          },
          {
            "pos": [-1.03125,0.28125,-1.578125],
            "axis": [0.0,0.0,-1.0],
            "flareHeight": 0.5625,
            "flareWidth": 0.5625
          },
          {
            "pos": [0.34375,0.42037150263786316,2.132626533508301],
            "axis": [0.0,0.9135000109672546,-0.4066999852657318],
            "flareHeight": 0.1875,
            "flareWidth": 0.1875
          }
        ]
      },
      {
        "objectName": "&LeftTurnLight_ff6600_FFC00_111",
        "emissive": true,
        "covered": true,
        "isElectric": true,
        "color": "FF6600",
        "brightnessAnimations": [
          {
            "animationType": "visibility",
            "variable": "left_turn_signal",
            "clampMin": 1.0,
            "clampMax": 1.0
          },
          {
            "animationType": "visibility",
            "variable": "10_10_0_cycle",
            "clampMin": 1.0,
            "clampMax": 1.0
          }
        ],
        "blendableComponents": [
          {
            "pos": [1.21875,0.15624800324440002,4.5],
            "axis": [0.8944000005722046,0.0,0.4472000002861023],
            "flareHeight": 0.375,
            "flareWidth": 0.375
          },
          {
            "pos": [1.15625,0.15624800324440002,4.59375],
            "axis": [0.707099974155426,0.0,0.707099974155426],
            "flareHeight": 0.1875,
            "flareWidth": 0.1875
          },
          {
            "pos": [1.03125,0.28125,-1.578125],
            "axis": [0.0,0.0,-1.0],
            "flareHeight": 0.5625,
            "flareWidth": 0.5625
          },
          {
            "pos": [0.71875,0.42037150263786316,2.132626533508301],
            "axis": [0.0,0.9135000109672546,-0.4066999852657318],
            "flareHeight": 0.1875,
            "flareWidth": 0.1875
          }
        ]
      },
      {
        "objectName": "&RunningLight_FFFFA7_FFFFF_111",
        "emissive": true,
        "covered": true,
        "isElectric": true,
        "color": "FFFFA7",
        "brightnessAnimations": [
          {
            "animationType": "visibility",
            "variable": "running_light",
            "clampMin": 1.0,
            "clampMax": 1.0
          }
        ],
        "blendableComponents": [
          {
            "pos": [0.25,0.42037150263786316,2.132626533508301],
            "axis": [0.0,0.9135000109672546,-0.4066999852657318],
            "flareHeight": 0.1875,
            "flareWidth": 0.1875
          },
          {
            "pos": [0.96875,0.3124980032444,4.328125],
            "axis": [0.0,0.0,1.0],
            "flareHeight": 0.5625,
            "flareWidth": 0.5625
          },
          {
            "pos": [-0.96875,0.3124980032444,4.328125],
            "axis": [0.0,0.0,1.0],
            "flareHeight": 0.5625,
            "flareWidth": 0.5625
          }
        ]
      },
      {
        "objectName": "&RunningLight_ffffcc_FFFFF_111",
        "emissive": true,
        "covered": true,
        "isElectric": true,
        "color": "FFFFCC",
        "brightnessAnimations": [
          {
            "animationType": "visibility",
            "variable": "running_light",
            "clampMin": 1.0,
            "clampMax": 1.0
          }
        ],
        "blendableComponents": [
          {
            "pos": [-0.09375,1.28125,1.59375],
            "axis": [-0.4472000002861023,-0.8944000005722046,0.0],
            "flareHeight": 0.375,
            "flareWidth": 0.375
          },
          {
            "pos": [0.09375,1.28125,1.59375],
            "axis": [0.4472000002861023,-0.8944000005722046,0.0],
            "flareHeight": 0.375,
            "flareWidth": 0.375
          }
        ]
      },
      {
        "objectName": "&BrakeLight_e60000_FFFFF_111",
        "emissive": true,
        "covered": true,
        "isElectric": true,
        "color": "E60000",
        "brightnessAnimations": [
          {
            "animationType": "visibility",
            "variable": "brake",
            "clampMin": 0.01,
            "clampMax": 1.0
          }
        ],
        "blendableComponents": [
          {
            "pos": [-0.71875,0.28125,-1.578125],
            "axis": [0.0,0.0,-1.0],
            "flareHeight": 0.5625,
            "flareWidth": 0.5625
          },
          {
            "pos": [0.71875,0.28125,-1.578125],
            "axis": [0.0,0.0,-1.0],
            "flareHeight": 0.5625,
            "flareWidth": 0.5625
          },
          {
            "pos": [0.0,1.296875,-0.015625],
            "axis": [0.0,0.0,-1.0],
            "flareHeight": 0.75,
            "flareWidth": 0.75
          }
        ]
      },
      {
        "objectName": "&BackupLight_ffffcc_FFFFF_111",
        "emissive": true,
        "covered": true,
        "isElectric": true,
        "color": "FFFFCC",
        "brightnessAnimations": [
          {
            "animationType": "visibility",
            "variable": "engine_reversed_1",
            "clampMin": 1.0,
            "clampMax": 1.0
          }
        ],
        "blendableComponents": [
          {
            "pos": [-0.5625,0.28125,-1.578125],
            "axis": [0.0,0.0,-1.0],
            "flareHeight": 0.5625,
            "flareWidth": 0.5625
          },
          {
            "pos": [0.5625,0.28125,-1.578125],
            "axis": [0.0,0.0,-1.0],
            "flareHeight": 0.5625,
            "flareWidth": 0.5625
          }
        ]
      },
      {
        "objectName": "&Headlight_FFFFA7_FFFFF_111",
        "emissive": true,
        "covered": true,
        "isElectric": true,
        "color": "FFFFA7",
        "brightnessAnimations": [
          {
            "animationType": "visibility",
            "variable": "headlight",
            "clampMin": 1.0,
            "clampMax": 1.0
          }
        ],
        "blendableComponents": [
          {
            "pos": [0.78125,0.3124980032444,4.328125],
            "axis": [0.0,0.0,1.0],
            "flareHeight": 0.5625,
            "flareWidth": 0.5625,
            "beamDiameter": 12.0,
            "beamLength": 36.0
          },
          {
            "pos": [-0.78125,0.3124980032444,4.328125],
            "axis": [0.0,0.0,1.0],
            "flareHeight": 0.5625,
            "flareWidth": 0.5625,
            "beamDiameter": 12.0,
            "beamLength": 36.0
          }
        ]
      },
      {
        "objectName": "&EmergencyLight_ff6600_00F0F_111",
        "emissive": true,
        "covered": true,
        "isElectric": true,
        "color": "FF6600",
        "brightnessAnimations": [
          {
            "animationType": "visibility",
            "variable": "EMERLTS",
            "clampMin": 1.0,
            "clampMax": 1.0
          },
          {
            "animationType": "visibility",
            "variable": "0_4_16_cycle",
            "clampMin": 1.0,
            "clampMax": 1.0
          }
        ],
        "blendableComponents": [
          {
            "pos": [0.8125,0.42037150263786316,2.132626533508301],
            "axis": [0.0,0.9135000109672546,-0.4066999852657318],
            "flareHeight": 0.1875,
            "flareWidth": 0.1875
          }
        ]
      },
      {
        "objectName": "&RunningLight_e60000_FFFFF_111",
        "emissive": true,
        "covered": true,
        "isElectric": true,
        "color": "E60000",
        "brightnessAnimations": [
          {
            "animationType": "visibility",
            "variable": "running_light",
            "clampMin": 1.0,
            "clampMax": 1.0
          }
        ],
        "blendableComponents": [
          {
            "pos": [-0.90625,0.28125,-1.578125],
            "axis": [0.0,0.0,-1.0],
            "flareHeight": 0.5625,
            "flareWidth": 0.5625
          },
          {
            "pos": [0.90625,0.28125,-1.578125],
            "axis": [0.0,0.0,-1.0],
            "flareHeight": 0.5625,
            "flareWidth": 0.5625
          }
        ]
      }
    ],
    "customVariables": ["EMERLTS"],
    "initialVariables": ["door_fr","door_hood","door_fl"],
    "sounds": [
      {
        "name": "iv_tcp_v3:horn_1",
        "activeAnimations": [
          {
            "animationType": "visibility",
            "variable": "horn",
            "clampMin": 1.0,
            "clampMax": 1.0
          }
        ],
        "looping": true
      }
    ],
    "particles": [
      {
        "type": "smoke",
        "transparency": 0.25,
        "toTransparency": 0.25,
        "scale": 1.0,
        "color": "D9D9D9",
        "pos": [0.71875,0.03125,-1.5625],
        "initialVelocity": [0.0,0.0,-1.0],
        "activeAnimations": [
          {
            "animationType": "visibility",
            "variable": "engine_piston_1_2_cam_1",
            "clampMin": 1.0,
            "clampMax": 1.0
          }
        ]
      },
      {
        "type": "smoke",
        "quantity": 5,
        "scale": 2.5,
        "color": "000000",
        "pos": [0.71875,0.03125,-1.5625],
        "initialVelocity": [0.0,0.0,-1.0],
        "activeAnimations": [
          {
            "animationType": "visibility",
            "variable": "engine_backfired_1",
            "clampMin": 1.0,
            "clampMax": 1.0
          }
        ]
      },
      {
        "type": "smoke",
        "transparency": 0.25,
        "toTransparency": 0.25,
        "scale": 1.0,
        "color": "D9D9D9",
        "pos": [-0.71875,0.03125,-1.5625],
        "initialVelocity": [0.0,0.0,-1.0],
        "activeAnimations": [
          {
            "animationType": "visibility",
            "variable": "engine_piston_2_2_cam_1",
            "clampMin": 1.0,
            "clampMax": 1.0
          }
        ]
      },
      {
        "type": "smoke",
        "quantity": 5,
        "scale": 2.5,
        "color": "000000",
        "pos": [-0.71875,0.03125,-1.5625],
        "initialVelocity": [0.0,0.0,-1.0],
        "activeAnimations": [
          {
            "animationType": "visibility",
            "variable": "engine_backfired_1",
            "clampMin": 1.0,
            "clampMax": 1.0
          }
        ]
      }
    ]
  },
  "general": {
    "description": "Mid End 2 Seater Muscle Car\n\nRecommended parts:\nAverage Sized Wheels\nV8 Engine\nModel 1 Seats",
    "materials": ["minecraft:iron_ingot:0:16","minecraft:iron_block:0:6","minecraft:glowstone_dust:0:16","minecraft:glass_pane:0:11","mts:iv_tpp.metal_pile_4:0:3","mts:iv_tpp.metal_pile_2:0:1","mts:iv_tpp.chassis_ld4_l6m_t14_v12_springbok:0:1"]
  }
}
