{
  "motorized": {
    "isRearWheelDrive": true,
    "hasOpenTop": true,
    "hasRunningLights": true,
    "hasHeadlights": true,
    "hasTurnSignals": true,
    "emptyMass": 1521,
    "fuelCapacity": 35000,
    "downForce": 0.55,
    "overSteer": 2,
    "underSteer": 3,
    "overSteerAccel": 2.5,
    "overSteerDecel": -3,
    "axleRatio": 3.5,
    "brakingFactor": 2.2,
    "maxTiltAngle": -3.0,
    "dragCoefficient": 0.65
  },
  "parts": [
    {
      "pos": [1.125,0.0,0.0],
      "rot": [0.0,0.0,0.0],
      "maxValue": 1.1,
      "types": ["ground_wheel"]
    },
    {
      "pos": [-1.125,0.0,0.0],
      "rot": [0.0,0.0,0.0],
      "maxValue": 1.1,
      "types": ["ground_wheel"]
    },
    {
      "pos": [1.125,0.0,2.875],
      "rot": [0.0,0.0,0.0],
      "turnsWithSteer": true,
      "maxValue": 1.1,
      "types": ["ground_wheel"],
      "animations": [
        {
          "animationType": "rotation",
          "variable": "rudder",
          "centerPoint": [0.0,0.0,0.0],
          "axis": [0.0,-1.0,0.0]
        }
      ]
    },
    {
      "pos": [-1.125,0.0,2.875],
      "rot": [0.0,0.0,0.0],
      "turnsWithSteer": true,
      "maxValue": 1.1,
      "types": ["ground_wheel"],
      "animations": [
        {
          "animationType": "rotation",
          "variable": "rudder",
          "centerPoint": [0.0,0.0,0.0],
          "axis": [0.0,-1.0,0.0]
        }
      ]
    },
    {
      "pos": [0.5625,0.4375,1.3125],
      "rot": [0.0,0.0,0.0],
      "dismountPos": [1.5625,0.4375,1.3125],
      "isController": true,
      "types": ["seat"],
      "linkedVariables": ["door_fl"]
    },
    {
      "pos": [-0.5625,0.4375,1.3125],
      "rot": [0.0,0.0,0.0],
      "dismountPos": [-1.5625,0.4375,1.3125],
      "types": ["seat"],
      "additionalParts": [
        {
          "pos": [0.5625,0.44,1.3125],
          "rot": [0.0,90.0,0.0],
          "maxValue": 2.0,
          "types": ["interactable_luggage"]
        }
      ],
      "linkedVariables": ["door_fr"]
    },
    {
      "pos": [0.0,0.5625,-0.1875],
      "rot": [0.0,0.0,0.0],
      "dismountPos": [1.0,0.5625,-0.1875],
      "types": ["seat"],
      "additionalParts": [
        {
          "pos": [0.0,0.57,-0.1875],
          "rot": [0.0,90.0,0.0],
          "maxValue": 2.0,
          "types": ["interactable_luggage"]
        }
      ]
    },
    {
      "pos": [0.0,0.25,2.375],
      "rot": [0.0,0.0,0.0],
      "maxValue": 0.34,
      "types": ["engine_car"],
      "linkedVariables": ["door_hood"]
    },
    {
      "pos": [0.0,0.125,3.75625],
      "rot": [0.0,0.0,0.0],
      "maxValue": 3.0,
      "defaultPart": "iv_tpp:plate_gramados",
      "types": ["generic_licenseplate_us","generic_licenseplate_euro"]
    },
    {
      "pos": [0.0,0.09375,-0.88125],
      "rot": [0.0,180.0,0.0],
      "maxValue": 3.0,
      "defaultPart": "iv_tpp:plate_gramados",
      "types": ["generic_licenseplate_us","generic_licenseplate_euro"]
    },
    {
      "pos": [0.0,0.07813,3.65625],
      "maxValue": 2.0,
      "types": ["generic_bullbar"]
    },
    {
      "pos": [-0.875,0.09375,-0.88125],
      "rot": [0.0,0.0,0.0],
      "maxValue": 1.0,
      "types": ["generic_bumpersticker"]
    },
    {
      "pos": [0.875,0.09375,-0.88125],
      "rot": [0.0,0.0,0.0],
      "maxValue": 1.0,
      "types": ["generic_bumpersticker"]
    },
    {
      "pos": [0.5625,0.125,3.75625],
      "rot": [0.0,180.0,0.0],
      "maxValue": 1.0,
      "types": ["generic_bumpersticker"]
    },
    {
      "pos": [-0.5625,0.125,3.75625],
      "rot": [0.0,180.0,0.0],
      "maxValue": 1.0,
      "types": ["generic_bumpersticker"]
    },
    {
      "pos": [1.03125,1.0,3.0],
      "maxValue": 3.0,
      "types": ["generic_flag_small"]
    },
    {
      "pos": [-1.03125,1.0,3.0],
      "maxValue": 3.0,
      "types": ["generic_flag_small"]
    },
    {
      "pos": [1.09375,1.125,-0.5625],
      "maxValue": 3.0,
      "types": ["generic_flag_small"]
    },
    {
      "pos": [-1.09375,1.125,-0.5625],
      "maxValue": 3.0,
      "types": ["generic_flag_small"]
    },
    {
      "pos": [0.375,0.03125,3.75],
      "maxValue": 3.0,
      "types": ["generic_ledlight"]
    },
    {
      "pos": [-0.375,0.03125,3.75],
      "maxValue": 3.0,
      "types": ["generic_ledlight"]
    },
    {
      "pos": [0.6875,0.03125,3.75],
      "maxValue": 3.0,
      "types": ["generic_ledlight"]
    },
    {
      "pos": [-0.6875,0.03125,3.75],
      "maxValue": 3.0,
      "types": ["generic_ledlight"]
    }
  ],
  "collisionGroups": [
    {
      "isInterior": true,
      "collisions": [
        {
          "pos": [1.125,0.84375,0.96875],
          "width": 0.3125,
          "height": 0.125,
          "variableName": "door_fl",
          "variableType": "toggle",
          "variableValue": 0.0
        }
      ],
      "animations": [
        {
          "animationType": "translation",
          "variable": "door_fl",
          "axis": [1.0,0.0,0.5]
        }
      ]
    },
    {
      "isInterior": true,
      "collisions": [
        {
          "pos": [-1.125,0.84375,0.96875],
          "width": 0.3125,
          "height": 0.125,
          "variableName": "door_fr",
          "variableType": "toggle",
          "variableValue": 0.0
        }
      ],
      "animations": [
        {
          "animationType": "translation",
          "variable": "door_fr",
          "axis": [-1.0,0.0,0.5]
        }
      ]
    },
    {
      "isInterior": true,
      "collisions": [
        {
          "pos": [1.125,0.875,1.84375],
          "width": 0.3125,
          "height": 0.125,
          "variableName": "door_fl",
          "variableType": "toggle",
          "variableValue": 0.0
        }
      ],
      "animations": [
        {
          "animationType": "translation",
          "variable": "door_fl",
          "axis": [0.1875,0.0,0.03125]
        }
      ]
    },
    {
      "isInterior": true,
      "collisions": [
        {
          "pos": [-1.125,0.875,1.84375],
          "width": 0.3125,
          "height": 0.125,
          "variableName": "door_fr",
          "variableType": "toggle",
          "variableValue": 0.0
        }
      ],
      "animations": [
        {
          "animationType": "translation",
          "variable": "door_fr",
          "axis": [-0.1875,0.0,0.03125]
        }
      ]
    },
    {
      "isInterior": true,
      "collisions": [
        {
          "pos": [0.0,0.875,3.0625],
          "width": 1.0,
          "height": 0.5,
          "variableName": "door_hood",
          "variableType": "toggle",
          "variableValue": 0.0
        }
      ],
      "animations": [
        {
          "animationType": "visibility",
          "variable": "windshield"
        },
        {
          "animationType": "translation",
          "variable": "door_hood",
          "axis": [0.0,0.6875,-0.25],
          "duration": 20
        }
      ]
    },
    {
      "isInterior": true,
      "collisions": [
        {
          "pos": [0.0,0.84375,-0.875],
          "width": 0.3125,
          "height": 0.125,
          "variableName": "door_boot",
          "variableType": "toggle",
          "variableValue": 0.0
        }
      ],
      "animations": [
        {
          "animationType": "translation",
          "variable": "door_boot",
          "axis": [0.0,-0.5625,-0.4375]
        }
      ]
    },
    {
      "isInterior": true,
      "collisions": [
        {
          "pos": [0.5625,1.59375,1.90625],
          "width": 0.5,
          "height": 0.125,
          "variableName": "windshield",
          "variableType": "toggle",
          "variableValue": 0.0
        },
        {
          "pos": [0.0,1.59375,1.90625],
          "width": 0.5,
          "height": 0.125,
          "variableName": "windshield",
          "variableType": "toggle",
          "variableValue": 0.0
        },
        {
          "pos": [-0.5625,1.59375,1.90625],
          "width": 0.5,
          "height": 0.125,
          "variableName": "windshield",
          "variableType": "toggle",
          "variableValue": 0.0
        }
      ],
      "animations": [
        {
          "animationType": "visibility",
          "variable": "door_hood"
        },
        {
          "animationType": "translation",
          "variable": "windshield",
          "axis": [0.0,-0.5625,0.9375],
          "duration": 20
        }
      ]
    },
    {
      "collisions": [
        {
          "pos": [0.0,0.8125,2.875],
          "width": 2.0,
          "height": 0.125,
          "variableValue": 0.0
        },
        {
          "pos": [0.625,1.8125,0.6875],
          "width": 0.5,
          "height": 0.125,
          "variableValue": 0.0
        },
        {
          "pos": [0.0,1.8125,0.6875],
          "width": 0.5,
          "height": 0.125,
          "variableValue": 0.0
        },
        {
          "pos": [-0.625,1.8125,0.6875],
          "width": 0.5,
          "height": 0.125,
          "variableValue": 0.0
        },
        {
          "pos": [1.0625,0.90625,0.4375],
          "width": 0.25,
          "height": 0.25,
          "variableValue": 0.0
        },
        {
          "pos": [-1.0625,0.90625,0.4375],
          "width": 0.25,
          "height": 0.25,
          "variableValue": 0.0
        },
        {
          "pos": [1.0625,0.90625,0.0],
          "width": 0.25,
          "height": 0.25,
          "variableValue": 0.0
        },
        {
          "pos": [-1.0625,0.90625,0.0],
          "width": 0.25,
          "height": 0.25,
          "variableValue": 0.0
        },
        {
          "pos": [1.0625,0.90625,-0.4375],
          "width": 0.25,
          "height": 0.25,
          "variableValue": 0.0
        },
        {
          "pos": [-1.0625,0.90625,-0.4375],
          "width": 0.25,
          "height": 0.25,
          "variableValue": 0.0
        },
        {
          "pos": [1.0625,0.90625,-0.875],
          "width": 0.25,
          "height": 0.25,
          "variableValue": 0.0
        },
        {
          "pos": [-1.0625,0.90625,-0.875],
          "width": 0.25,
          "height": 0.25,
          "variableValue": 0.0
        }
      ]
    }
  ],
  "connectionGroups": [
    {
      "groupName": "HOOKUP",
      "hookup": true,
      "connections": [
        {
          "type": "tow_bumper",
          "pos": [0.0,0.0,3.6875],
          "distance": 0.0
        },
        {
          "type": "tow_bumper",
          "pos": [0.0,0.0,-0.8125],
          "distance": 0.0
        },
        {
          "type": "tow_wheel",
          "pos": [0.0,-0.5,2.875],
          "distance": 0.0
        }
      ]
    },
    {
      "groupName": "TRAILER",
      "canIntiateConnections": true,
      "connections": [
        {
          "type": "trailer_standard",
          "pos": [0.0,0.0,-0.8125],
          "distance": 0.0
        }
      ]
    }
  ],
  "instruments": [
    {
      "pos": [0.75,0.78125,2.04625],
      "rot": [0.0,0.0,0.0],
      "scale": 0.015625,
      "hudX": 80,
      "hudY": 36,
      "hudScale": 0.25
    },
    {
      "pos": [0.6875,0.90625,2.04625],
      "rot": [0.0,0.0,0.0],
      "scale": 0.015625,
      "hudX": 160,
      "hudY": 36,
      "hudScale": 0.5
    },
    {
      "pos": [0.4375,0.90625,2.04625],
      "rot": [0.0,0.0,0.0],
      "scale": 0.015625,
      "hudX": 240,
      "hudY": 36,
      "hudScale": 0.5
    },
    {
      "pos": [0.375,0.78125,2.04625],
      "rot": [0.0,0.0,0.0],
      "scale": 0.015625,
      "hudX": 320,
      "hudY": 36,
      "hudScale": 0.25
    }
  ],
  "definitions": [
    {
      "subName": "_white_g",
      "modelName": "trin_footpather",
      "name": "Trin Footpather Root Trim - White Paint, Gray Interior",
      "description": "Mid End Leisure SUV\n2 doors, 3 seats\n\nRecommended parts:\nLarge Sized Wheels (x4)\n?I4 Engine\nModel 1 Seats",
      "extraMaterials": ["mts:iv_tpp.paint_bucket_white:0:1","minecraft:wool:7:2","minecraft:wool:8:3"]
    },
    {
      "subName": "_softgreen_g",
      "modelName": "trin_footpather",
      "name": "Trin Footpather Root Trim - Soft Green Paint, Gray Interior",
      "description": "Mid End Leisure SUV\n2 doors, 3 seats\n\nRecommended parts:\nLarge Sized Wheels (x4)\n?I4 Engine\nModel 1 Seats",
      "extraMaterials": ["mts:iv_tpp.paint_bucket_softgreen:0:1","minecraft:wool:7:2","minecraft:wool:8:3"]
    },
    {
      "subName": "_amber_g",
      "modelName": "trin_footpather",
      "name": "Trin Footpather Root Trim - Amber Paint, Gray Interior",
      "description": "Mid End Leisure SUV\n2 doors, 3 seats\n\nRecommended parts:\nLarge Sized Wheels (x4)\n?I4 Engine\nModel 1 Seats",
      "extraMaterials": ["mts:iv_tpp.paint_bucket_amber:0:1","minecraft:wool:7:2","minecraft:wool:8:3"]
    }
  ],
  "rendering": {
    "textObjects": [],
    "animatedObjects": [
      {
        "objectName": "steer",
        "animations": [
          {
            "animationType": "rotation",
            "variable": "rudder",
            "centerPoint": [0.5625,0.84375,0.0],
            "axis": [0.0,0.0,1.0]
          }
        ]
      },
      {
        "objectName": "gas",
        "animations": [
          {
            "animationType": "rotation",
            "variable": "throttle",
            "centerPoint": [0.0,0.59375,2.1875],
            "axis": [-20.0,0.0,0.0]
          }
        ]
      },
      {
        "objectName": "brake",
        "animations": [
          {
            "animationType": "rotation",
            "variable": "brake",
            "centerPoint": [0.0,0.59375,2.1875],
            "axis": [-20.0,0.0,0.0]
          }
        ]
      },
      {
        "objectName": "clutch",
        "animations": [
          {
            "animationType": "visibility",
            "variable": "engine_isautomatic_1"
          },
          {
            "animationType": "rotation",
            "variable": "clutch",
            "centerPoint": [0.0,0.59375,2.1875],
            "axis": [-30.0,0.0,0.0]
          }
        ]
      },
      {
        "objectName": "p_brake",
        "animations": [
          {
            "animationType": "rotation",
            "variable": "p_brake",
            "centerPoint": [0.0,0.3125,1.28125],
            "axis": [-30.0,0.0,0.0]
          }
        ]
      },
      {
        "objectName": "shift",
        "animations": [
          {
            "animationType": "rotation",
            "variable": "engine_gearshift_1",
            "centerPoint": [0.0,0.29688,1.84375],
            "axis": [1.0,0.0,0.0]
          }
        ]
      },
      {
        "objectName": "doorFR",
        "animations": [
          {
            "animationType": "rotation",
            "variable": "door_fr",
            "centerPoint": [-1.1875,0.0,2.0625],
            "axis": [0.0,60.0,0.0],
            "duration": 20,
            "forwardsStartSound": "iv_tpp:dooropen",
            "reverseEndSound": "iv_tpp:doorclose"
          }
        ]
      },
      {
        "objectName": "doorFL",
        "animations": [
          {
            "animationType": "rotation",
            "variable": "door_fl",
            "centerPoint": [1.1875,0.0,2.0625],
            "axis": [0.0,-60.0,0.0],
            "duration": 20,
            "forwardsStartSound": "iv_tpp:dooropen",
            "reverseEndSound": "iv_tpp:doorclose"
          }
        ]
      },
      {
        "objectName": "hood",
        "animations": [
          {
            "animationType": "rotation",
            "variable": "door_hood",
            "centerPoint": [0.0,1.0,2.5],
            "axis": [-60.0,0.0,0.0],
            "duration": 20,
            "forwardsStartSound": "iv_tpp:hoodopen",
            "reverseStartSound": "iv_tpp:hoodclose"
          }
        ]
      },
      {
        "objectName": "windshield",
        "animations": [
          {
            "animationType": "rotation",
            "variable": "windshield",
            "centerPoint": [0.0,1.03125,2.25],
            "axis": [120.0,0.0,0.0],
            "duration": 20,
            "forwardsStartSound": "iv_tpp:bootopen",
            "reverseStartSound": "iv_tpp:bootclose"
          }
        ]
      },
      {
        "objectName": "window",
        "applyAfter": "windshield",
        "animations": []
      },
      {
        "objectName": "boot",
        "animations": [
          {
            "animationType": "rotation",
            "variable": "door_boot",
            "centerPoint": [0.0,0.3125,-0.8125],
            "axis": [-90.0,0.0,0.0],
            "duration": 20,
            "forwardsStartSound": "iv_tpp:bootopen",
            "reverseEndSound": "iv_tpp:bootclose"
          }
        ]
      }
    ],
    "lightObjects": [
      {
        "objectName": "&LightBrake",
        "emissive": true,
        "covered": true,
        "isElectric": true,
        "color": "E60000",
        "brightnessAnimations": [
          {
            "animationType": "translation",
            "variable": "brake",
            "axis": [0.0,1.0,0.0]
          }
        ],
        "blendableComponents": [
          {
            "pos": [1.03125,0.875,-0.96875],
            "axis": [0.0,0.0,-1.0],
            "flareHeight": 0.375,
            "flareWidth": 0.375
          },
          {
            "pos": [-1.03125,0.875,-0.96875],
            "axis": [0.0,0.0,-1.0],
            "flareHeight": 0.375,
            "flareWidth": 0.375
          }
        ]
      },
      {
        "objectName": "&LightReverse",
        "emissive": true,
        "covered": true,
        "isElectric": true,
        "color": "FFFFCC",
        "brightnessAnimations": [
          {
            "animationType": "translation",
            "variable": "engine_reversed_1",
            "axis": [0.0,1.0,0.0]
          }
        ],
        "blendableComponents": [
          {
            "pos": [1.03125,0.6875,-0.93125],
            "axis": [0.0,0.0,-1.0],
            "flareHeight": 0.375,
            "flareWidth": 0.375
          },
          {
            "pos": [-1.03125,0.6875,-0.93125],
            "axis": [0.0,0.0,-1.0],
            "flareHeight": 0.375,
            "flareWidth": 0.375
          }
        ]
      },
      {
        "objectName": "&LightRunningBack",
        "emissive": true,
        "covered": true,
        "isElectric": true,
        "color": "E60000",
        "brightnessAnimations": [
          {
            "animationType": "translation",
            "variable": "running_light",
            "axis": [0.0,1.0,0.0]
          }
        ],
        "blendableComponents": [
          {
            "pos": [1.03125,0.5,-0.89375],
            "axis": [0.0,0.0,-1.0],
            "flareHeight": 0.375,
            "flareWidth": 0.375
          },
          {
            "pos": [-1.03125,0.5,-0.89375],
            "axis": [0.0,0.0,-1.0],
            "flareHeight": 0.375,
            "flareWidth": 0.375
          }
        ]
      },
      {
        "objectName": "&LightTurnLeft",
        "emissive": true,
        "covered": true,
        "isElectric": true,
        "color": "FF6600",
        "brightnessAnimations": [
          {
            "animationType": "visibility",
            "variable": "left_turn_signal",
            "clampMin": 1.0,
            "clampMax": 1.0
          },
          {
            "animationType": "translation",
            "variable": "0_5_15_cycle",
            "axis": [0.0,1.0,0.0]
          }
        ],
        "blendableComponents": [
          {
            "pos": [1.03125,0.34375,-0.85625],
            "axis": [0.0,0.0,-1.0],
            "flareHeight": 0.1875,
            "flareWidth": 0.1875
          },
          {
            "pos": [1.20313,0.40625,-0.6875],
            "axis": [1.0,0.0,0.0],
            "flareHeight": 0.1875,
            "flareWidth": 0.1875
          },
          {
            "pos": [1.20313,0.40625,3.5625],
            "axis": [1.0,0.0,0.0],
            "flareHeight": 0.1875,
            "flareWidth": 0.1875
          },
          {
            "pos": [1.0,0.40625,3.70313],
            "axis": [0.0,0.0,1.0],
            "flareHeight": 0.1875,
            "flareWidth": 0.1875
          }
        ]
      },
      {
        "objectName": "&LightTurnRight",
        "emissive": true,
        "covered": true,
        "isElectric": true,
        "color": "FF6600",
        "brightnessAnimations": [
          {
            "animationType": "visibility",
            "variable": "left_turn_signal",
            "clampMin": 1.0,
            "clampMax": 1.0
          },
          {
            "animationType": "translation",
            "variable": "0_5_15_cycle",
            "axis": [0.0,1.0,0.0]
          }
        ],
        "blendableComponents": [
          {
            "pos": [-1.03125,0.34375,-0.85625],
            "axis": [0.0,0.0,-1.0],
            "flareHeight": 0.1875,
            "flareWidth": 0.1875
          },
          {
            "pos": [-1.20313,0.40625,-0.6875],
            "axis": [-1.0,0.0,0.0],
            "flareHeight": 0.1875,
            "flareWidth": 0.1875
          },
          {
            "pos": [-1.20313,0.40625,3.5625],
            "axis": [-1.0,0.0,0.0],
            "flareHeight": 0.1875,
            "flareWidth": 0.1875
          },
          {
            "pos": [-1.0,0.40625,3.70313],
            "axis": [0.0,0.0,1.0],
            "flareHeight": 0.1875,
            "flareWidth": 0.1875
          }
        ]
      },
      {
        "objectName": "&Headlight",
        "emissive": true,
        "covered": true,
        "isElectric": true,
        "color": "FFFFA7",
        "brightnessAnimations": [
          {
            "animationType": "translation",
            "variable": "headlight",
            "axis": [0.0,1.0,0.0]
          }
        ],
        "blendableComponents": [
          {
            "pos": [1.0,0.78125,3.70313],
            "axis": [0.0,0.0,1.0],
            "flareHeight": 0.5625,
            "flareWidth": 0.5625,
            "beamDiameter": 8.0,
            "beamLength": 24.0
          },
          {
            "pos": [-1.0,0.78125,3.70313],
            "axis": [0.0,0.0,1.0],
            "flareHeight": 0.5625,
            "flareWidth": 0.5625,
            "beamDiameter": 8.0,
            "beamLength": 24.0
          }
        ]
      },
      {
        "objectName": "&LightRunningFront",
        "emissive": true,
        "covered": true,
        "isElectric": true,
        "color": "FFFFCC",
        "brightnessAnimations": [
          {
            "animationType": "translation",
            "variable": "rain_strength",
            "axis": [0.0,1.0,0.0]
          }
        ],
        "blendableComponents": [
          {
            "pos": [1.0,0.125,3.76563],
            "axis": [0.0,0.0,1.0],
            "flareHeight": 0.375,
            "flareWidth": 0.375
          },
          {
            "pos": [-1.0,0.125,3.76563],
            "axis": [0.0,0.0,1.0],
            "flareHeight": 0.375,
            "flareWidth": 0.375
          }
        ]
      },
      {
        "objectName": "&LightRunningMisc",
        "emissive": true,
        "covered": true,
        "isElectric": true,
        "color": "FFFFA7",
        "brightnessAnimations": [
          {
            "animationType": "translation",
            "variable": "running_light",
            "axis": [0.0,1.0,0.0]
          }
        ],
        "blendableComponents": [
          {
            "pos": [1.0,0.625,3.70313],
            "axis": [0.0,0.0,1.0],
            "flareHeight": 0.375,
            "flareWidth": 0.375
          },
          {
            "pos": [0.46875,0.3125,3.64063],
            "axis": [0.0,0.0,1.0],
            "flareHeight": 0.1875,
            "flareWidth": 0.1875
          },
          {
            "pos": [-1.0,0.625,3.70313],
            "axis": [0.0,0.0,1.0],
            "flareHeight": 0.375,
            "flareWidth": 0.375
          },
          {
            "pos": [-0.46875,0.3125,3.64063],
            "axis": [0.0,0.0,1.0],
            "flareHeight": 0.1875,
            "flareWidth": 0.1875
          }
        ]
      },
      {
        "objectName": "&LightEmergency",
        "emissive": true,
        "covered": true,
        "isElectric": true,
        "color": "FF6600",
        "brightnessAnimations": [
          {
            "animationType": "translation",
            "variable": "ERMLTS",
            "axis": [0.0,1.0,0.0]
          }
        ],
        "blendableComponents": []
      }
    ],
    "cameraObjects": [],
    "customVariables": ["windshield"],
    "initialVariables": ["door_hood","door_fr","door_fl"],
    "sounds": [
      {
        "name": "iv_tcp:horn_1",
        "activeAnimations": [
          {
            "animationType": "visibility",
            "variable": "horn",
            "clampMin": 1.0,
            "clampMax": 1.0
          }
        ],
        "looping": true
      }
    ],
    "particles": [
      {
        "type": "smoke",
        "transparency": 0.25,
        "toTransparency": 0.25,
        "scale": 1.0,
        "color": "D9D9D9",
        "pos": [-0.40625,0.0625,-0.84375],
        "initialVelocity": [0.0,0.0,-1.0],
        "activeAnimations": [
          {
            "animationType": "visibility",
            "variable": "engine_piston_1_2_cam_1",
            "clampMin": 1.0,
            "clampMax": 1.0
          }
        ]
      },
      {
        "type": "smoke",
        "quantity": 5,
        "scale": 2.5,
        "color": "000000",
        "initialVelocity": [0.0,0.0,-1.0],
        "activeAnimations": [
          {
            "animationType": "visibility",
            "variable": "engine_backfired_1",
            "clampMin": 1.0,
            "clampMax": 1.0
          }
        ]
      }
    ]
  },
  "general": {
    "stackSize": 1,
    "materials": ["minecraft:iron_ingot:0:16","minecraft:iron_block:0:5","minecraft:glowstone_dust:0:16","minecraft:glass_pane:0:1","mts:iv_tpp.metal_pile_2:0:2","mts:iv_tpp.metal_pile_4:0:2","mts:iv_tpp.chassis_ld_4_l5m_t16_i4_footpather:0:1"]
  }
}
