{
  "motorized": {
    "isRearWheelDrive": true,
    "hasRunningLights": true,
    "hasHeadlights": true,
    "hasTurnSignals": true,
    "emptyMass": 2000,
    "fuelCapacity": 15000,
    "downForce": 0.6,
    "overSteer": 3,
    "underSteer": 2,
    "overSteerAccel": 3,
    "overSteerDecel": -4,
    "axleRatio": 3.3,
    "brakingFactor": 1.5,
    "maxTiltAngle": -3.0,
    "dragCoefficient": 0.65
  },
  "parts": [
    {
      "pos": [1.375,0.0,0.0],
      "minValue": 1.0,
      "maxValue": 1.25,
      "types": ["ground_wheel"]
    },
    {
      "pos": [-1.375,0.0,0.0],
      "minValue": 1.0,
      "maxValue": 1.25,
      "types": ["ground_wheel"]
    },
    {
      "pos": [0.9375,0.0,0.0],
      "minValue": 1.0,
      "maxValue": 1.25,
      "types": ["ground_wheel"]
    },
    {
      "pos": [-0.9375,0.0,0.0],
      "minValue": 1.0,
      "maxValue": 1.25,
      "types": ["ground_wheel"]
    },
    {
      "pos": [1.25,0.0,5.625],
      "turnsWithSteer": true,
      "minValue": 1.0,
      "maxValue": 1.25,
      "types": ["ground_wheel"],
      "animations": [
        {
          "animationType": "rotation",
          "variable": "rudder",
          "centerPoint": [0.0,0.0,0.0],
          "axis": [0.0,-1.0,0.0]
        }
      ]
    },
    {
      "pos": [-1.25,0.0,5.625],
      "turnsWithSteer": true,
      "minValue": 1.0,
      "maxValue": 1.25,
      "types": ["ground_wheel"],
      "animations": [
        {
          "animationType": "rotation",
          "variable": "rudder",
          "centerPoint": [0.0,0.0,0.0],
          "axis": [0.0,-1.0,0.0]
        }
      ]
    },
    {
      "pos": [0.5625,0.9375,3.6875],
      "rot": [0.0,0.0,0.0],
      "dismountPos": [1.5625,0.9375,3.6875],
      "isController": true,
      "types": ["seat"],
      "linkedVariables": ["door_fl"]
    },
    {
      "pos": [-0.5625,0.9375,3.6875],
      "rot": [0.0,0.0,0.0],
      "dismountPos": [-1.5625,0.9375,3.6875],
      "types": ["seat"],
      "additionalParts": [
        {
          "pos": [-0.5625,1.0,3.6875],
          "rot": [0.0,90.0,0.0],
          "maxValue": 2.0,
          "types": ["interactable_luggage"]
        }
      ],
      "linkedVariables": ["door_fr"]
    },
    {
      "pos": [0.5625,0.9375,2.375],
      "rot": [0.0,0.0,0.0],
      "dismountPos": [1.5625,0.9375,2.375],
      "types": ["seat"],
      "additionalParts": [
        {
          "pos": [0.5625,1.0,2.375],
          "rot": [0.0,90.0,0.0],
          "maxValue": 2.0,
          "types": ["interactable_luggage"]
        }
      ],
      "linkedVariables": ["door_rl"]
    },
    {
      "pos": [-0.5625,0.9375,2.375],
      "rot": [0.0,0.0,0.0],
      "dismountPos": [-1.5625,0.9375,2.375],
      "types": ["seat"],
      "additionalParts": [
        {
          "pos": [-0.5625,1.0,2.375],
          "rot": [0.0,90.0,0.0],
          "maxValue": 2.0,
          "types": ["interactable_luggage"]
        }
      ],
      "linkedVariables": ["door_rr"]
    },
    {
      "pos": [0.0,0.3125,4.6875],
      "rot": [0.0,0.0,0.0],
      "maxValue": 0.95,
      "types": ["engine_car"],
      "linkedVariables": ["door_hood"]
    },
    {
      "pos": [0.9375,1.0625,-0.5625],
      "rot": [0.0,-90.0,0.0],
      "types": ["seat_invisible"]
    },
    {
      "pos": [-0.9375,1.0625,-0.5625],
      "rot": [0.0,90.0,0.0],
      "types": ["seat_invisible"]
    },
    {
      "pos": [0.9375,1.0625,0.5625],
      "rot": [0.0,-90.0,0.0],
      "types": ["seat_invisible"]
    },
    {
      "pos": [-0.9375,1.0625,0.5625],
      "rot": [0.0,90.0,0.0],
      "types": ["seat_invisible"]
    },
    {
      "pos": [0.0,2.375,3.8125],
      "maxValue": 3.0,
      "types": ["generic_lightbar"]
    },
    {
      "pos": [0.0,2.375,2.75],
      "maxValue": 3.0,
      "types": ["generic_roofdevice"]
    },
    {
      "pos": [0.625,0.46875,7.06875],
      "rot": [0.0,180.0,0.0],
      "maxValue": 1.0,
      "types": ["generic_bumpersticker"]
    },
    {
      "pos": [-0.625,0.46875,7.06875],
      "rot": [0.0,180.0,0.0],
      "maxValue": 1.0,
      "types": ["generic_bumpersticker"]
    },
    {
      "pos": [0.9375,0.46875,-2.00625],
      "rot": [0.0,0.0,0.0],
      "maxValue": 1.0,
      "types": ["generic_bumpersticker"]
    },
    {
      "pos": [-0.9375,0.46875,-2.00625],
      "rot": [0.0,0.0,0.0],
      "maxValue": 1.0,
      "types": ["generic_bumpersticker"]
    },
    {
      "pos": [0.4375,0.46875,-2.00625],
      "rot": [0.0,0.0,0.0],
      "maxValue": 1.0,
      "types": ["generic_bumpersticker"]
    },
    {
      "pos": [-0.4375,0.46875,-2.00625],
      "rot": [0.0,0.0,0.0],
      "maxValue": 1.0,
      "types": ["generic_bumpersticker"]
    },
    {
      "pos": [0.0,0.8125,-1.125],
      "rot": [1.0,-2.0,0.0],
      "maxValue": 3.0,
      "types": ["interactable_crate"]
    },
    {
      "pos": [0.0,0.8125,0.0],
      "rot": [-3.0,1.0,2.0],
      "maxValue": 3.0,
      "types": ["interactable_crate"]
    },
    {
      "pos": [0.0,0.8125,1.125],
      "rot": [1.0,-3.0,0.0],
      "maxValue": 3.0,
      "types": ["interactable_crate"]
    },
    {
      "pos": [0.0,0.5,7.1],
      "rot": [0.0,0.0,0.0],
      "maxValue": 3.0,
      "defaultPart": "iv_tpp:plate_gramados",
      "types": ["generic_licenseplate_us","generic_licenseplate_euro"]
    },
    {
      "pos": [0.0,0.5,-2.04],
      "rot": [0.0,180.0,0.0],
      "maxValue": 3.0,
      "defaultPart": "iv_tpp:plate_gramados",
      "types": ["generic_licenseplate_us","generic_licenseplate_euro"]
    }
  ],
  "collisionGroups": [
    {
      "isInterior": true,
      "collisions": [
        {
          "pos": [1.1875,1.28125,3.5],
          "width": 0.3125,
          "height": 0.125,
          "variableName": "door_fl",
          "variableType": "toggle",
          "variableValue": 0.0
        }
      ],
      "animations": [
        {
          "animationType": "translation",
          "variable": "door_fl",
          "axis": [0.96875,-0.04686999999999997,0.5]
        }
      ]
    },
    {
      "isInterior": true,
      "collisions": [
        {
          "pos": [1.1875,1.34375,4.1875],
          "width": 0.3125,
          "height": 0.125,
          "variableName": "door_fl",
          "variableType": "toggle",
          "variableValue": 0.0
        }
      ],
      "animations": [
        {
          "animationType": "translation",
          "variable": "door_fl",
          "axis": [0.3125,0.0,0.0625]
        }
      ]
    },
    {
      "isInterior": true,
      "collisions": [
        {
          "pos": [-1.1875,1.28125,3.5],
          "width": 0.3125,
          "height": 0.125,
          "variableName": "door_fr",
          "variableType": "toggle",
          "variableValue": 0.0
        }
      ],
      "animations": [
        {
          "animationType": "translation",
          "variable": "door_fr",
          "axis": [-0.96875,-0.04686999999999997,0.5]
        }
      ]
    },
    {
      "isInterior": true,
      "collisions": [
        {
          "pos": [-1.1875,1.34375,4.1875],
          "width": 0.3125,
          "height": 0.125,
          "variableName": "door_fr",
          "variableType": "toggle",
          "variableValue": 0.0
        }
      ],
      "animations": [
        {
          "animationType": "translation",
          "variable": "door_fr",
          "axis": [-0.3125,0.0,0.0625]
        }
      ]
    },
    {
      "isInterior": true,
      "collisions": [
        {
          "pos": [1.1875,1.28125,2.125],
          "width": 0.3125,
          "height": 0.125,
          "variableName": "door_rl",
          "variableType": "toggle",
          "variableValue": 0.0
        }
      ],
      "animations": [
        {
          "animationType": "translation",
          "variable": "door_rl",
          "axis": [0.96875,-0.04686999999999997,0.5]
        }
      ]
    },
    {
      "isInterior": true,
      "collisions": [
        {
          "pos": [1.1875,1.34375,3.0625],
          "width": 0.3125,
          "height": 0.125,
          "variableName": "door_rl",
          "variableType": "toggle",
          "variableValue": 0.0
        }
      ],
      "animations": [
        {
          "animationType": "translation",
          "variable": "door_rl",
          "axis": [0.125,0.0,0.0]
        }
      ]
    },
    {
      "isInterior": true,
      "collisions": [
        {
          "pos": [-1.1875,1.28125,2.125],
          "width": 0.3125,
          "height": 0.125,
          "variableName": "door_rr",
          "variableType": "toggle",
          "variableValue": 0.0
        }
      ],
      "animations": [
        {
          "animationType": "translation",
          "variable": "door_rr",
          "axis": [-0.96875,-0.04686999999999997,0.5]
        }
      ]
    },
    {
      "isInterior": true,
      "collisions": [
        {
          "pos": [-1.1875,1.34375,3.0625],
          "width": 0.3125,
          "height": 0.125,
          "variableName": "door_rr",
          "variableType": "toggle",
          "variableValue": 0.0
        }
      ],
      "animations": [
        {
          "animationType": "translation",
          "variable": "door_rr",
          "axis": [-0.125,0.0,0.0]
        }
      ]
    },
    {
      "isInterior": true,
      "collisions": [
        {
          "pos": [0.0,1.3125,6.0],
          "width": 1.0,
          "height": 0.5,
          "variableName": "door_hood",
          "variableType": "toggle",
          "variableValue": 0.0
        }
      ],
      "animations": [
        {
          "animationType": "translation",
          "variable": "door_hood",
          "axis": [0.0,1.0,-0.75]
        }
      ]
    },
    {
      "isInterior": true,
      "collisions": [
        {
          "pos": [0.0,1.28125,-1.6875],
          "width": 0.3125,
          "height": 0.125,
          "variableName": "door_boot",
          "variableType": "toggle",
          "variableValue": 0.0
        }
      ],
      "animations": [
        {
          "animationType": "translation",
          "variable": "door_boot",
          "axis": [0.0,-0.5,-0.59375]
        }
      ]
    },
    {
      "collisions": [
        {
          "pos": [0.0,1.3125,5.625],
          "width": 3.0,
          "height": 0.125,
          "variableValue": 0.0
        },
        {
          "pos": [0.0,2.3125,2.75],
          "width": 2.0,
          "height": 0.125,
          "variableValue": 0.0
        },
        {
          "pos": [0.0,1.3125,-0.25],
          "width": 3.0,
          "height": 0.125,
          "variableValue": 0.0
        },
        {
          "pos": [-1.25,1.0,5.625],
          "width": 0.0625,
          "height": 0.0625,
          "variableValue": 0.0
        },
        {
          "pos": [1.25,1.0,5.625],
          "width": 0.0625,
          "height": 0.0625,
          "variableValue": 0.0
        },
        {
          "pos": [-1.25,1.0,0.0],
          "width": 0.0625,
          "height": 0.0625,
          "variableValue": 0.0
        },
        {
          "pos": [1.25,1.0,0.0],
          "width": 0.0625,
          "height": 0.0625,
          "variableValue": 0.0
        }
      ]
    }
  ],
  "connectionGroups": [
    {
      "groupName": "HOOKUP",
      "hookup": true,
      "connections": [
        {
          "type": "tow_bumper",
          "pos": [0.0,0.3125,7.09375],
          "distance": 0.0
        },
        {
          "type": "tow_wheel",
          "pos": [0.0,-0.625,5.625],
          "distance": 0.0
        }
      ]
    },
    {
      "groupName": "TRAILER",
      "canIntiateConnections": true,
      "connections": [
        {
          "type": "trailer_standard",
          "pos": [0.0,0.3125,-2.03125],
          "distance": 0.0
        }
      ]
    }
  ],
  "instruments": [
    {
      "pos": [0.84375,1.4375,4.29625],
      "rot": [0.0,0.0,0.0],
      "scale": 0.015625,
      "hudX": 80,
      "hudY": 36,
      "hudScale": 0.25
    },
    {
      "pos": [0.6875,1.46875,4.29625],
      "rot": [0.0,0.0,0.0],
      "scale": 0.015625,
      "hudX": 160,
      "hudY": 36,
      "hudScale": 0.5
    },
    {
      "pos": [0.4375,1.46875,4.29625],
      "rot": [0.0,0.0,0.0],
      "scale": 0.015625,
      "hudX": 240,
      "hudY": 36,
      "hudScale": 0.5
    },
    {
      "pos": [0.28125,1.4375,4.29625],
      "rot": [0.0,0.0,0.0],
      "scale": 0.015625,
      "hudX": 320,
      "hudY": 36,
      "hudScale": 0.25
    }
  ],
  "definitions": [
    {
      "subName": "_midnightpurple_g",
      "name": "Trin Bultizorg root trim - midnight purple paint, gray interior",
      "extraMaterials": ["mts:iv_tpp.paint_bucket_midnightpurple:0:1","minecraft:wool:7:2","minecraft:wool:8:3"]
    },
    {
      "subName": "_purewhite_g",
      "name": "Trin Bultizorg root trim - pure white paint, gray interior",
      "extraMaterials": ["mts:iv_tpp.paint_bucket_purewhite:0:1","minecraft:wool:7:2","minecraft:wool:8:3"]
    },
    {
      "subName": "_slimelime_g",
      "name": "Trin Bultizorg root trim - slime lime paint, gray interior",
      "extraMaterials": ["mts:iv_tpp.paint_bucket_slimelime:0:1","minecraft:wool:7:2","minecraft:wool:8:3"]
    }
  ],
  "rendering": {
    "textObjects": [],
    "animatedObjects": [
      {
        "objectName": "$steer",
        "animations": [
          {
            "animationType": "rotation",
            "variable": "rudder",
            "centerPoint": [0.5625,1.40625,4.25],
            "axis": [0.0,0.0,1.0]
          }
        ]
      },
      {
        "objectName": "$gas",
        "animations": [
          {
            "animationType": "rotation",
            "variable": "throttle",
            "centerPoint": [0.0,0.96875,4.54688],
            "axis": [-30.0,0.0,0.0]
          }
        ]
      },
      {
        "objectName": "$brake",
        "animations": [
          {
            "animationType": "rotation",
            "variable": "brake",
            "centerPoint": [0.0,0.96875,4.54688],
            "axis": [-20.0,0.0,0.0]
          }
        ]
      },
      {
        "objectName": "$p_brake",
        "animations": [
          {
            "animationType": "rotation",
            "variable": "p_brake",
            "centerPoint": [0.0,0.6875,3.46875],
            "axis": [-30.0,0.0,0.0]
          }
        ]
      },
      {
        "objectName": "$shift",
        "animations": [
          {
            "animationType": "rotation",
            "variable": "engine_gearshift_1",
            "centerPoint": [0.0,0.625,3.90625],
            "axis": [1.0,0.0,0.0]
          }
        ]
      },
      {
        "objectName": "$doorFR",
        "animations": [
          {
            "animationType": "rotation",
            "variable": "door_fr",
            "centerPoint": [-1.25,1.3125,4.5625],
            "axis": [0.0,60.0,0.0],
            "duration": 20,
            "forwardsStartSound": "iv_tpp:dooropen",
            "reverseEndSound": "iv_tpp:doorclose"
          }
        ]
      },
      {
        "objectName": "$doorFL",
        "animations": [
          {
            "animationType": "rotation",
            "variable": "door_fl",
            "centerPoint": [1.25,1.3125,4.5625],
            "axis": [0.0,-60.0,0.0],
            "duration": 20,
            "forwardsStartSound": "iv_tpp:dooropen",
            "reverseEndSound": "iv_tpp:doorclose"
          }
        ]
      },
      {
        "objectName": "$doorwindowFR",
        "animations": [
          {
            "animationType": "rotation",
            "variable": "door_fr",
            "centerPoint": [-1.25,1.3125,4.5625],
            "axis": [0.0,60.0,0.0],
            "duration": 20,
            "forwardsStartSound": "iv_tpp:dooropen",
            "reverseEndSound": "iv_tpp:doorclose"
          }
        ]
      },
      {
        "objectName": "$doorwindowFL",
        "animations": [
          {
            "animationType": "rotation",
            "variable": "door_fl",
            "centerPoint": [1.25,1.3125,4.5625],
            "axis": [0.0,-60.0,0.0],
            "duration": 20,
            "forwardsStartSound": "iv_tpp:dooropen",
            "reverseEndSound": "iv_tpp:doorclose"
          }
        ]
      },
      {
        "objectName": "$doorRR",
        "animations": [
          {
            "animationType": "rotation",
            "variable": "door_rr",
            "centerPoint": [-1.25,1.3125,3.1875],
            "axis": [0.0,60.0,0.0],
            "duration": 20,
            "forwardsStartSound": "iv_tpp:dooropen",
            "reverseEndSound": "iv_tpp:doorclose"
          }
        ]
      },
      {
        "objectName": "$doorRL",
        "animations": [
          {
            "animationType": "rotation",
            "variable": "door_rl",
            "centerPoint": [1.25,1.3125,3.1875],
            "axis": [0.0,-60.0,0.0],
            "duration": 20,
            "forwardsStartSound": "iv_tpp:dooropen",
            "reverseEndSound": "iv_tpp:doorclose"
          }
        ]
      },
      {
        "objectName": "$doorwindowRR",
        "animations": [
          {
            "animationType": "rotation",
            "variable": "door_rr",
            "centerPoint": [-1.25,1.3125,3.1875],
            "axis": [0.0,60.0,0.0],
            "duration": 20,
            "forwardsStartSound": "iv_tpp:dooropen",
            "reverseEndSound": "iv_tpp:doorclose"
          }
        ]
      },
      {
        "objectName": "$doorwindowRL",
        "animations": [
          {
            "animationType": "rotation",
            "variable": "door_rl",
            "centerPoint": [1.25,1.3125,3.1875],
            "axis": [0.0,-60.0,0.0],
            "duration": 20,
            "forwardsStartSound": "iv_tpp:dooropen",
            "reverseEndSound": "iv_tpp:doorclose"
          }
        ]
      },
      {
        "objectName": "$hood",
        "animations": [
          {
            "animationType": "rotation",
            "variable": "door_hood",
            "centerPoint": [0.0,1.5,4.6875],
            "axis": [-60.0,0.0,0.0],
            "duration": 20,
            "forwardsStartSound": "iv_tpp:hoodopen",
            "reverseStartSound": "iv_tpp:hoodclose"
          }
        ]
      },
      {
        "objectName": "$doorR",
        "animations": [
          {
            "animationType": "rotation",
            "variable": "door_boot",
            "centerPoint": [0.0,0.6875,-1.75],
            "axis": [-90.0,0.0,0.0],
            "duration": 20,
            "forwardsStartSound": "iv_tpp:bootopen",
            "reverseEndSound": "iv_tpp:bootclose"
          }
        ]
      }
    ],
    "lightObjects": [
      {
        "objectName": "&BackupLight_ffffcc_FFFFF_111",
        "emissive": true,
        "covered": true,
        "isElectric": true,
        "color": "FFFFCC",
        "brightnessAnimations": [
          {
            "animationType": "visibility",
            "variable": "engine_reversed_1",
            "clampMin": 1.0,
            "clampMax": 1.0
          }
        ],
        "blendableComponents": [
          {
            "pos": [-0.9375,1.0,-1.765625],
            "axis": [0.0,0.0,-1.0],
            "flareHeight": 0.375,
            "flareWidth": 0.375
          },
          {
            "pos": [0.9375,1.0,-1.765625],
            "axis": [0.0,0.0,-1.0],
            "flareHeight": 0.375,
            "flareWidth": 0.375
          }
        ]
      },
      {
        "objectName": "&RunningLight_ffffcc_FFFFF_111",
        "emissive": true,
        "covered": true,
        "isElectric": true,
        "color": "FFFFCC",
        "brightnessAnimations": [
          {
            "animationType": "visibility",
            "variable": "running_light",
            "clampMin": 1.0,
            "clampMax": 1.0
          }
        ],
        "blendableComponents": [
          {
            "pos": [0.12499899975955486,2.2031240463256836,3.8125],
            "axis": [0.16439999639987946,-0.9864000082015991,0.0],
            "flareHeight": 0.5625,
            "flareWidth": 0.5625
          },
          {
            "pos": [-0.1250009983778,2.2031240463256836,3.8125],
            "axis": [-0.16439999639987946,-0.9864000082015991,0.0],
            "flareHeight": 0.5625,
            "flareWidth": 0.5625
          }
        ]
      },
      {
        "objectName": "&BrakeLight_e60000_FFFFF_111",
        "emissive": true,
        "covered": true,
        "isElectric": true,
        "color": "E60000",
        "brightnessAnimations": [
          {
            "animationType": "visibility",
            "variable": "brake",
            "clampMin": 0.01,
            "clampMax": 1.0
          }
        ],
        "blendableComponents": [
          {
            "pos": [-0.9375,1.125,-1.765625],
            "axis": [0.0,0.0,-1.0],
            "flareHeight": 0.375,
            "flareWidth": 0.375
          },
          {
            "pos": [0.9375,1.125,-1.765625],
            "axis": [0.0,0.0,-1.0],
            "flareHeight": 0.375,
            "flareWidth": 0.375
          },
          {
            "pos": [0.0,2.15625,1.671875],
            "axis": [0.0,0.0,-1.0],
            "flareHeight": 0.75,
            "flareWidth": 0.75
          }
        ]
      },
      {
        "objectName": "&LeftTurnLight_ff6600_FFC00_111",
        "emissive": true,
        "covered": true,
        "isElectric": true,
        "color": "FF6600",
        "brightnessAnimations": [
          {
            "animationType": "visibility",
            "variable": "left_turn_signal",
            "clampMin": 1.0,
            "clampMax": 1.0
          },
          {
            "animationType": "visibility",
            "variable": "10_10_0_cycle",
            "clampMin": 1.0,
            "clampMax": 1.0
          }
        ],
        "blendableComponents": [
          {
            "pos": [1.421875,0.9062489867210388,6.625],
            "axis": [0.9700999855995178,0.0,0.24250000715255737],
            "flareHeight": 0.375,
            "flareWidth": 0.375
          },
          {
            "pos": [1.375,0.9062489867210388,6.703125],
            "axis": [0.4472000002861023,0.0,0.8944000005722046],
            "flareHeight": 0.375,
            "flareWidth": 0.375
          },
          {
            "pos": [0.78125,1.3124990463256836,4.296875],
            "axis": [0.0,0.0,-1.0],
            "flareHeight": 0.1875,
            "flareWidth": 0.1875
          },
          {
            "pos": [1.0625,1.03125,-1.765625],
            "axis": [0.0,0.0,-1.0],
            "flareHeight": 0.375,
            "flareWidth": 0.375
          },
          {
            "pos": [1.1953125,1.03125,-1.6953125],
            "axis": [0.707099974155426,0.0,-0.707099974155426],
            "flareHeight": 0.421875,
            "flareWidth": 0.421875
          },
          {
            "pos": [1.515625,1.0624990463256836,5.625],
            "axis": [1.0,0.0,0.0],
            "flareHeight": 0.375,
            "flareWidth": 0.375
          },
          {
            "pos": [1.515625,1.0625,0.0],
            "axis": [1.0,0.0,0.0],
            "flareHeight": 0.375,
            "flareWidth": 0.375
          }
        ]
      },
      {
        "objectName": "&Headlight_FFFFA7_FFFFF_111",
        "emissive": true,
        "covered": true,
        "isElectric": true,
        "color": "FFFFA7",
        "brightnessAnimations": [
          {
            "animationType": "visibility",
            "variable": "headlight",
            "clampMin": 1.0,
            "clampMax": 1.0
          }
        ],
        "blendableComponents": [
          {
            "pos": [1.28125,0.9062489867210388,6.734375],
            "axis": [0.0,0.0,1.0],
            "flareHeight": 0.375,
            "flareWidth": 0.375,
            "beamDiameter": 8.0,
            "beamLength": 24.0
          },
          {
            "pos": [-1.28125,0.9062489867210388,6.734375],
            "axis": [0.0,0.0,1.0],
            "flareHeight": 0.375,
            "flareWidth": 0.375,
            "beamDiameter": 8.0,
            "beamLength": 24.0
          }
        ]
      },
      {
        "objectName": "&RunningLight_e60000_FFFFF_111",
        "emissive": true,
        "covered": true,
        "isElectric": true,
        "color": "E60000",
        "brightnessAnimations": [
          {
            "animationType": "visibility",
            "variable": "running_light",
            "clampMin": 1.0,
            "clampMax": 1.0
          }
        ],
        "blendableComponents": [
          {
            "pos": [-1.0625,1.125,-1.765625],
            "axis": [0.0,0.0,-1.0],
            "flareHeight": 0.375,
            "flareWidth": 0.375
          },
          {
            "pos": [-1.1953125,1.125,-1.6953125],
            "axis": [-0.707099974155426,0.0,-0.707099974155426],
            "flareHeight": 0.421875,
            "flareWidth": 0.421875
          },
          {
            "pos": [-1.265625,1.125,-1.5625],
            "axis": [-1.0,0.0,0.0],
            "flareHeight": 0.375,
            "flareWidth": 0.375
          },
          {
            "pos": [-1.0625,0.96875,-1.765625],
            "axis": [0.0,0.0,-1.0],
            "flareHeight": 0.375,
            "flareWidth": 0.375
          },
          {
            "pos": [1.0625,0.96875,-1.765625],
            "axis": [0.0,0.0,-1.0],
            "flareHeight": 0.375,
            "flareWidth": 0.375
          },
          {
            "pos": [1.0625,1.125,-1.765625],
            "axis": [0.0,0.0,-1.0],
            "flareHeight": 0.375,
            "flareWidth": 0.375
          },
          {
            "pos": [1.1953125,1.125,-1.6953125],
            "axis": [0.707099974155426,0.0,-0.707099974155426],
            "flareHeight": 0.421875,
            "flareWidth": 0.421875
          },
          {
            "pos": [1.265625,1.125,-1.5625],
            "axis": [1.0,0.0,0.0],
            "flareHeight": 0.375,
            "flareWidth": 0.375
          }
        ]
      },
      {
        "objectName": "&RunningLight_ffcc00_FFFFF_111",
        "emissive": true,
        "covered": true,
        "isElectric": true,
        "color": "FFCC00",
        "brightnessAnimations": [
          {
            "animationType": "visibility",
            "variable": "running_light",
            "clampMin": 1.0,
            "clampMax": 1.0
          }
        ],
        "blendableComponents": [
          {
            "pos": [1.375,1.0312490165233612,6.703125],
            "axis": [0.4472000002861023,0.0,0.8944000005722046],
            "flareHeight": 0.37500018,
            "flareWidth": 0.37500018
          },
          {
            "pos": [1.21875,1.0312490165233612,6.734375],
            "axis": [0.12399999797344208,0.0,0.9922999739646912],
            "flareHeight": 0.75,
            "flareWidth": 0.75
          },
          {
            "pos": [1.15625,0.9062489867210388,6.75],
            "axis": [0.0,0.0,1.0],
            "flareHeight": 0.375,
            "flareWidth": 0.375
          },
          {
            "pos": [1.421875,1.0312490165233612,6.625],
            "axis": [0.9700999855995178,0.0,0.24250000715255737],
            "flareHeight": 0.37500018,
            "flareWidth": 0.37500018
          },
          {
            "pos": [1.4375,0.9999990165233612,6.53125],
            "axis": [1.0,0.0,0.0],
            "flareHeight": 0.5625002,
            "flareWidth": 0.5625002
          },
          {
            "pos": [-1.15625,0.9062489867210388,6.75],
            "axis": [0.0,0.0,1.0],
            "flareHeight": 0.375,
            "flareWidth": 0.375
          },
          {
            "pos": [-1.375,1.0312490165233612,6.703125],
            "axis": [-0.4472000002861023,0.0,0.8944000005722046],
            "flareHeight": 0.37500018,
            "flareWidth": 0.37500018
          },
          {
            "pos": [-1.21875,1.0312490165233612,6.734375],
            "axis": [-0.12399999797344208,0.0,0.9922999739646912],
            "flareHeight": 0.75,
            "flareWidth": 0.75
          },
          {
            "pos": [-1.421875,1.0312490165233612,6.625],
            "axis": [-0.9700999855995178,0.0,0.24250000715255737],
            "flareHeight": 0.37500018,
            "flareWidth": 0.37500018
          },
          {
            "pos": [-1.4375,0.9999990165233612,6.53125],
            "axis": [-1.0,0.0,0.0],
            "flareHeight": 0.5625002,
            "flareWidth": 0.5625002
          },
          {
            "pos": [0.875,1.3124990463256836,4.296875],
            "axis": [0.0,0.0,-1.0],
            "flareHeight": 0.1875,
            "flareWidth": 0.1875
          }
        ]
      },
      {
        "objectName": "&RightTurnLight_ff6600_FFC00_111",
        "emissive": true,
        "covered": true,
        "isElectric": true,
        "color": "FF6600",
        "brightnessAnimations": [
          {
            "animationType": "visibility",
            "variable": "right_turn_signal",
            "clampMin": 1.0,
            "clampMax": 1.0
          },
          {
            "animationType": "visibility",
            "variable": "10_10_0_cycle",
            "clampMin": 1.0,
            "clampMax": 1.0
          }
        ],
        "blendableComponents": [
          {
            "pos": [-1.421875,0.9062489867210388,6.625],
            "axis": [-0.9700999855995178,0.0,0.24250000715255737],
            "flareHeight": 0.375,
            "flareWidth": 0.375
          },
          {
            "pos": [-1.375,0.9062489867210388,6.703125],
            "axis": [-0.4472000002861023,0.0,0.8944000005722046],
            "flareHeight": 0.375,
            "flareWidth": 0.375
          },
          {
            "pos": [0.34375,1.3124990463256836,4.296875],
            "axis": [0.0,0.0,-1.0],
            "flareHeight": 0.1875,
            "flareWidth": 0.1875
          },
          {
            "pos": [-1.1953125,1.03125,-1.6953125],
            "axis": [-0.707099974155426,0.0,-0.707099974155426],
            "flareHeight": 0.421875,
            "flareWidth": 0.421875
          },
          {
            "pos": [-1.0625,1.03125,-1.765625],
            "axis": [0.0,0.0,-1.0],
            "flareHeight": 0.375,
            "flareWidth": 0.375
          },
          {
            "pos": [-1.515625,1.0625,0.0],
            "axis": [-1.0,0.0,0.0],
            "flareHeight": 0.375,
            "flareWidth": 0.375
          },
          {
            "pos": [-1.515625,1.0624990463256836,5.625],
            "axis": [-1.0,0.0,0.0],
            "flareHeight": 0.375,
            "flareWidth": 0.375
          }
        ]
      },
      {
        "objectName": "&RunningLight_ff6600_FFFFF_111",
        "emissive": true,
        "covered": true,
        "isElectric": true,
        "color": "FF6600",
        "brightnessAnimations": [
          {
            "animationType": "visibility",
            "variable": "running_light",
            "clampMin": 1.0,
            "clampMax": 1.0
          }
        ],
        "blendableComponents": [
          {
            "pos": [-9.98377799987793E-7,1.334596037864685,6.753791093826294],
            "axis": [0.0,0.707099974155426,0.707099974155426],
            "flareHeight": 0.375,
            "flareWidth": 0.375
          },
          {
            "pos": [0.24999899417161942,1.334596037864685,6.753791093826294],
            "axis": [0.0,0.707099974155426,0.707099974155426],
            "flareHeight": 0.37499994,
            "flareWidth": 0.37499994
          },
          {
            "pos": [-0.2500010058283806,1.334596037864685,6.753791093826294],
            "axis": [0.0,0.707099974155426,0.707099974155426],
            "flareHeight": 0.37500006,
            "flareWidth": 0.37500006
          },
          {
            "pos": [0.25,2.28125,1.671875],
            "axis": [0.0,0.0,-1.0],
            "flareHeight": 0.375,
            "flareWidth": 0.375
          },
          {
            "pos": [0.0,2.28125,1.671875],
            "axis": [0.0,0.0,-1.0],
            "flareHeight": 0.375,
            "flareWidth": 0.375
          },
          {
            "pos": [-0.25,2.28125,1.671875],
            "axis": [0.0,0.0,-1.0],
            "flareHeight": 0.375,
            "flareWidth": 0.375
          }
        ]
      }
    ],
    "customVariables": [],
    "initialVariables": ["door_rl","door_fr","door_hood","door_rr","door_fl"],
    "sounds": [
      {
        "name": "iv_tcp_v3:big_fat_horn_of_doom",
        "activeAnimations": [
          {
            "animationType": "visibility",
            "variable": "horn",
            "clampMin": 1.0,
            "clampMax": 1.0
          }
        ],
        "looping": true
      },
      {
        "name": "mts:air_brake_activating",
        "activeAnimations": [
          {
            "animationType": "visibility",
            "variable": "p_brake",
            "clampMin": 1.0,
            "clampMax": 1.0
          }
        ]
      },
      {
        "name": "mts:backup_beeper",
        "activeAnimations": [
          {
            "animationType": "visibility",
            "variable": "engine_gear_1",
            "clampMin": -10.0,
            "clampMax": -1.0
          }
        ],
        "looping": true
      }
    ],
    "particles": [
      {
        "type": "smoke",
        "transparency": 0.25,
        "toTransparency": 0.25,
        "scale": 1.0,
        "color": "D9D9D9",
        "pos": [1.25,0.125,-1.40625],
        "initialVelocity": [0.0,-1.0,0.0],
        "activeAnimations": [
          {
            "animationType": "visibility",
            "variable": "engine_piston_1_2_cam_1",
            "clampMin": 1.0,
            "clampMax": 1.0
          }
        ]
      },
      {
        "type": "smoke",
        "quantity": 5,
        "scale": 2.5,
        "color": "000000",
        "pos": [1.25,0.125,-1.40625],
        "initialVelocity": [0.0,-1.0,0.0],
        "activeAnimations": [
          {
            "animationType": "visibility",
            "variable": "engine_backfired_1",
            "clampMin": 1.0,
            "clampMax": 1.0
          }
        ]
      },
      {
        "type": "smoke",
        "transparency": 0.25,
        "toTransparency": 0.25,
        "scale": 1.0,
        "color": "D9D9D9",
        "pos": [-1.25,0.125,-1.40625],
        "initialVelocity": [0.0,-1.0,0.0],
        "activeAnimations": [
          {
            "animationType": "visibility",
            "variable": "engine_piston_2_2_cam_1",
            "clampMin": 1.0,
            "clampMax": 1.0
          }
        ]
      },
      {
        "type": "smoke",
        "quantity": 5,
        "scale": 2.5,
        "color": "000000",
        "pos": [-1.25,0.125,-1.40625],
        "initialVelocity": [0.0,-1.0,0.0],
        "activeAnimations": [
          {
            "animationType": "visibility",
            "variable": "engine_backfired_1",
            "clampMin": 1.0,
            "clampMax": 1.0
          }
        ]
      }
    ]
  },
  "general": {
    "description": "Mid End Heavy Dutty Dually Pickup Truck\n4 doors, 4 seats\n\nRecommended parts:\nGiant Sized Wheels\nHeavy Duty V8 Engine\nModel 1 Seats",
    "materials": ["minecraft:iron_ingot:0:16","minecraft:iron_block:0:10","minecraft:glowstone_dust:0:16","minecraft:glass_pane:0:6","mts:iv_tpp.metal_pile_2:0:2","mts:iv_tpp.metal_pile_1:0:4","mts:iv_tpp.chassis_hd6_t20_hv10:0:1"]
  }
}
