{
  "motorized": {
    "isRearWheelDrive": true,
    "hasOpenTop": true,
    "hasAutopilot": true,
    "emptyMass": 1750,
    "fuelCapacity": 25000,
    "axleRatio": 4.25,
    "dragCoefficient": 0.25,
    "brakingFactor": 1.3,
    "downForce": 0.45,
    "overSteer": 3,
    "maxTiltAngle": -2.25
  },
  "parts": [
    {
      "pos": [1.1875,0.0,0.0],
      "minValue": 0.7,
      "maxValue": 0.875,
      "types": ["ground_wheel"]
    },
    {
      "pos": [-1.1875,0.0,0.0],
      "minValue": 0.7,
      "maxValue": 0.875,
      "types": ["ground_wheel"]
    },
    {
      "pos": [1.1875,0.0,3.9375],
      "turnsWithSteer": true,
      "minValue": 0.7,
      "maxValue": 0.875,
      "types": ["ground_wheel"],
      "animations": [
        {
          "animationType": "rotation",
          "variable": "rudder",
          "centerPoint": [0.0,0.0,0.0],
          "axis": [0.0,-1.0,0.0]
        }
      ]
    },
    {
      "pos": [-1.1875,0.0,3.9375],
      "turnsWithSteer": true,
      "minValue": 0.7,
      "maxValue": 0.875,
      "types": ["ground_wheel"],
      "animations": [
        {
          "animationType": "rotation",
          "variable": "rudder",
          "centerPoint": [0.0,0.0,0.0],
          "axis": [0.0,-1.0,0.0]
        }
      ]
    },
    {
      "pos": [0.625,0.125,1.125],
      "rot": [0.0,0.0,0.0],
      "dismountPos": [1.625,0.125,1.125],
      "isController": true,
      "types": ["seat"],
      "linkedDoors": ["door_fl"]
    },
    {
      "pos": [-0.625,0.125,1.125],
      "rot": [0.0,0.0,0.0],
      "dismountPos": [-1.625,0.125,1.125],
      "types": ["seat"],
      "additionalParts": [
        {
          "pos": [-0.625,0.13,1.125],
          "rot": [0.0,90.0,0.0],
          "maxValue": 2.0,
          "types": ["interactable_luggage"]
        }
      ],
      "linkedDoors": ["door_fr"]
    },
    {
      "pos": [0.0,0.0625,3.0625],
      "rot": [0.0,0.0,0.0],
      "minValue": 0.49,
      "maxValue": 1.1,
      "types": ["engine_car"],
      "linkedDoors": ["door_hood"]
    },
    {
      "pos": [0.0,-0.01,5.375],
      "maxValue": 2.0,
      "types": ["generic_bullbar"]
    },
    {
      "pos": [-0.875,0.1875,-0.9375],
      "rot": [0.0,0.0,0.0],
      "maxValue": 2.0,
      "types": ["interactable_luggage"],
      "linkedDoors": ["door_boot"]
    },
    {
      "pos": [0.875,0.1875,-0.9375],
      "rot": [0.0,0.0,0.0],
      "maxValue": 2.0,
      "types": ["interactable_luggage"],
      "linkedDoors": ["door_boot"]
    },
    {
      "pos": [-0.4375,0.1875,-0.9375],
      "rot": [0.0,0.0,0.0],
      "maxValue": 2.0,
      "types": ["interactable_luggage"],
      "linkedDoors": ["door_boot"]
    },
    {
      "pos": [0.4375,0.1875,-0.9375],
      "rot": [0.0,0.0,0.0],
      "maxValue": 2.0,
      "types": ["interactable_luggage"],
      "linkedDoors": ["door_boot"]
    },
    {
      "pos": [0.0,0.1875,-0.9375],
      "rot": [0.0,0.0,0.0],
      "maxValue": 2.0,
      "types": ["interactable_luggage"],
      "linkedDoors": ["door_boot"]
    },
    {
      "pos": [-0.5625,0.25,-1.5375],
      "rot": [0.0,0.0,0.0],
      "maxValue": 1.0,
      "types": ["generic_bumpersticker"]
    },
    {
      "pos": [0.5625,0.25,-1.5375],
      "rot": [0.0,0.0,0.0],
      "maxValue": 1.0,
      "types": ["generic_bumpersticker"]
    },
    {
      "pos": [0.0,0.25,-1.5375],
      "rot": [0.0,0.0,0.0],
      "maxValue": 1.0,
      "types": ["generic_bumpersticker"]
    },
    {
      "pos": [-0.5625,0.3125,5.475],
      "rot": [0.0,180.0,0.0],
      "maxValue": 1.0,
      "types": ["generic_bumpersticker"]
    },
    {
      "pos": [0.5625,0.3125,5.475],
      "rot": [0.0,180.0,0.0],
      "maxValue": 1.0,
      "types": ["generic_bumpersticker"]
    },
    {
      "pos": [0.0,0.34375,5.485],
      "rot": [0.0,0.0,0.0],
      "maxValue": 3.0,
      "defaultPart": "iv_tpp:plate_gramados",
      "types": ["generic_licenseplate_us","generic_licenseplate_euro"]
    },
    {
      "pos": [0.0,0.53125,-1.51625],
      "rot": [0.0,180.0,0.0],
      "maxValue": 3.0,
      "defaultPart": "iv_tpp:plate_gramados",
      "types": ["generic_licenseplate_us","generic_licenseplate_euro"]
    }
  ],
  "collision": [
    {
      "pos": [0.0,0.8125,4.125],
      "width": 2.0,
      "height": 0.125
    },
    {
      "pos": [0.0,1.0,2.625],
      "width": 1.0,
      "height": 0.125
    },
    {
      "pos": [0.0,1.25,1.9375],
      "width": 1.0,
      "height": 0.125
    },
    {
      "pos": [0.0,0.8125,-0.4375],
      "width": 2.0,
      "height": 0.125
    }
  ],
  "doors": [
    {
      "name": "door_fl",
      "closedPos": [1.1875,0.65625,1.09375],
      "openPos": [2.3125,0.65625,1.625],
      "width": 0.3125,
      "height": 0.125,
      "closeOnMovement": true,
      "activateOnSeated": true
    },
    {
      "name": "door_fr",
      "closedPos": [-1.1875,0.65625,1.09375],
      "openPos": [-2.3125,0.65625,1.625],
      "width": 0.3125,
      "height": 0.125,
      "closeOnMovement": true,
      "activateOnSeated": true
    },
    {
      "name": "door_hood",
      "closedPos": [0.0,0.8125,3.875],
      "openPos": [0.0,1.75,3.5],
      "width": 1.0,
      "height": 0.5
    },
    {
      "name": "door_boot",
      "closedPos": [0.0,0.84375,-1.28125],
      "openPos": [0.0,1.59375,-1.09375],
      "width": 0.3125,
      "height": 0.125,
      "closedByDefault": true,
      "activateOnSeated": true
    },
    {
      "name": "roof",
      "closedPos": [0.0,1.5625,1.0625],
      "openPos": [0.0,0.9375,0.0625],
      "width": 1.0,
      "height": 0.25
    },
    {
      "name": "window_l",
      "closedPos": [1.1875,0.90625,1.84375],
      "openPos": [1.1875,0.90625,1.84375],
      "width": 0.25,
      "height": 0.25
    },
    {
      "name": "window_r",
      "closedPos": [-1.1875,0.90625,1.84375],
      "openPos": [-1.1875,0.90625,1.84375],
      "width": 0.25,
      "height": 0.25
    }
  ],
  "connectionGroups": [
    {
      "groupName": "HOOKUP",
      "hookup": true,
      "connections": [
        {
          "type": "tow_bumper",
          "pos": [0.0,-0.09375,5.375],
          "distance": 0.0
        },
        {
          "type": "tow_wheel",
          "pos": [0.0,-0.4375,3.9375],
          "distance": 0.0
        }
      ]
    },
    {
      "groupName": "TRAILER",
      "canIntiateConnections": true,
      "connections": [
        {
          "type": "trailer_standard",
          "pos": [0.0,-0.09375,-1.4375],
          "distance": 0.0
        }
      ]
    }
  ],
  "instruments": [
    {
      "pos": [0.875,0.7125,2.17125],
      "rot": [0.0,0.0,0.0],
      "scale": 0.015625,
      "hudX": 80,
      "hudY": 36,
      "hudScale": 0.25
    },
    {
      "pos": [0.6875,0.725,2.17125],
      "rot": [0.0,0.0,0.0],
      "scale": 0.015625,
      "hudX": 160,
      "hudY": 36,
      "hudScale": 0.5
    },
    {
      "pos": [0.5,0.725,2.17125],
      "rot": [0.0,0.0,0.0],
      "scale": 0.015625,
      "hudX": 240,
      "hudY": 36,
      "hudScale": 0.5
    },
    {
      "pos": [0.3125,0.7125,2.17125],
      "rot": [0.0,0.0,0.0],
      "scale": 0.015625,
      "hudX": 320,
      "hudY": 36,
      "hudScale": 0.25
    }
  ],
  "definitions": [
    {
      "subName": "_redandblack_g",
      "name": "Trin Flugoral substantial trim - red & black paint, gray interior",
      "extraMaterials": ["mts:iv_tpp.paint_double_bucket_redandblack:0:1","minecraft:wool:7:2","minecraft:wool:8:3"]
    },
    {
      "subName": "_redandblack_w",
      "name": "Trin Flugoral substantial trim - red & black paint, white interior",
      "extraMaterials": ["mts:iv_tpp.paint_double_bucket_redandblack:0:1","minecraft:wool:8:2","minecraft:wool:0:3"]
    },
    {
      "subName": "_redandblack_r",
      "name": "Trin Flugoral substantial trim - red & black paint, red interior",
      "extraMaterials": ["mts:iv_tpp.paint_double_bucket_redandblack:0:1","minecraft:wool:7:2","minecraft:wool:14:3"]
    },
    {
      "subName": "_redandblack_t",
      "name": "Trin Flugoral substantial trim - red & black paint, tan interior",
      "extraMaterials": ["mts:iv_tpp.paint_double_bucket_redandblack:0:1","minecraft:wool:4:2","minecraft:wool:0:3"]
    },
    {
      "subName": "_steelblueandteel_g",
      "name": "Trin Flugoral substantial trim - steel blue & teel paint, gray interior",
      "extraMaterials": ["mts:iv_tpp.paint_double_bucket_steelblueandteal:0:1","minecraft:wool:7:2","minecraft:wool:8:3"]
    },
    {
      "subName": "_steelblueandteel_w",
      "name": "Trin Flugoral substantial trim - steel blue & teel paint, white interior",
      "extraMaterials": ["mts:iv_tpp.paint_double_bucket_steelblueandteal:0:1","minecraft:wool:8:2","minecraft:wool:0:3"]
    },
    {
      "subName": "_steelblueandteel_r",
      "name": "Trin Flugoral substantial trim - steel blue & teel paint, red interior",
      "extraMaterials": ["mts:iv_tpp.paint_double_bucket_steelblueandteal:0:1","minecraft:wool:7:2","minecraft:wool:14:3"]
    },
    {
      "subName": "_steelblueandteel_t",
      "name": "Trin Flugoral substantial trim - steel blue & teel paint, tan interior",
      "extraMaterials": ["mts:iv_tpp.paint_double_bucket_steelblueandteal:0:1","minecraft:wool:4:2","minecraft:wool:0:3"]
    },
    {
      "subName": "_sunshineyellow_g",
      "name": "Trin Flugoral substantial trim - sunshine yellow paint, gray interior",
      "extraMaterials": ["mts:iv_tpp.paint_bucket_sunshineyellow:0:1","minecraft:wool:7:2","minecraft:wool:8:3"]
    },
    {
      "subName": "_sunshineyellow_w",
      "name": "Trin Flugoral substantial trim - sunshine yellow paint, white interior",
      "extraMaterials": ["mts:iv_tpp.paint_bucket_sunshineyellow:0:1","minecraft:wool:8:2","minecraft:wool:0:3"]
    },
    {
      "subName": "_sunshineyellow_r",
      "name": "Trin Flugoral substantial trim - sunshine yellow paint, red interior",
      "extraMaterials": ["mts:iv_tpp.paint_bucket_sunshineyellow:0:1","minecraft:wool:7:2","minecraft:wool:14:3"]
    },
    {
      "subName": "_sunshineyellow_t",
      "name": "Trin Flugoral substantial trim - sunshine yellow paint, tan interior",
      "extraMaterials": ["mts:iv_tpp.paint_bucket_sunshineyellow:0:1","minecraft:wool:4:2","minecraft:wool:0:3"]
    }
  ],
  "rendering": {
    "textObjects": [],
    "animatedObjects": [
      {
        "objectName": "$steer",
        "animations": [
          {
            "animationType": "rotation",
            "variable": "rudder",
            "centerPoint": [0.625,0.65625,2.0],
            "axis": [0.0,0.0,1.0]
          }
        ]
      },
      {
        "objectName": "$gas",
        "animations": [
          {
            "animationType": "rotation",
            "variable": "throttle",
            "centerPoint": [0.0,0.1875,2.4375],
            "axis": [-30.0,0.0,0.0]
          }
        ]
      },
      {
        "objectName": "$brake",
        "animations": [
          {
            "animationType": "rotation",
            "variable": "brake",
            "centerPoint": [0.0,0.1875,2.4375],
            "axis": [-30.0,0.0,0.0]
          }
        ]
      },
      {
        "objectName": "$p_brake",
        "animations": [
          {
            "animationType": "rotation",
            "variable": "p_brake",
            "centerPoint": [0.0,0.0625,1.34375],
            "axis": [-30.0,0.0,0.0]
          }
        ]
      },
      {
        "objectName": "$shift",
        "animations": [
          {
            "animationType": "rotation",
            "variable": "engine_gearshift_1",
            "centerPoint": [0.0,0.14063,1.78125],
            "axis": [1.0,0.0,0.0]
          }
        ]
      },
      {
        "objectName": "$doorR",
        "animations": [
          {
            "animationType": "rotation",
            "variable": "door_fr",
            "centerPoint": [-1.3125,0.0,2.3125],
            "axis": [0.0,60.0,0.0],
            "duration": 20,
            "forwardsStartSound": "iv_tpp:dooropen",
            "reverseEndSound": "iv_tpp:doorclose"
          }
        ]
      },
      {
        "objectName": "$doorL",
        "animations": [
          {
            "animationType": "rotation",
            "variable": "door_fl",
            "centerPoint": [1.3125,0.0,2.3125],
            "axis": [0.0,-60.0,0.0],
            "duration": 20,
            "forwardsStartSound": "iv_tpp:dooropen",
            "reverseEndSound": "iv_tpp:doorclose"
          }
        ]
      },
      {
        "objectName": "%$window_doorR",
        "applyAfter": "$doorR",
        "animations": [
          {
            "animationType": "rotation",
            "variable": "window_r",
            "centerPoint": [-1.3125,0.0,2.3125],
            "axis": [0.0,0.0,12.0],
            "duration": 20
          },
          {
            "animationType": "translation",
            "variable": "window_r",
            "axis": [-0.1,-0.8125,0.0],
            "duration": 20
          }
        ]
      },
      {
        "objectName": "%$window_doorL",
        "applyAfter": "$doorL",
        "animations": [
          {
            "animationType": "rotation",
            "variable": "window_l",
            "centerPoint": [1.3125,0.0,2.3125],
            "axis": [0.0,0.0,-12.0],
            "duration": 20
          },
          {
            "animationType": "translation",
            "variable": "window_l",
            "axis": [0.1,-0.8125,0.0],
            "duration": 20
          }
        ]
      },
      {
        "objectName": "%$window_open_top_sideR",
        "animations": [
          {
            "animationType": "rotation",
            "variable": "roof",
            "centerPoint": [-1.3125,0.0,2.3125],
            "axis": [0.0,0.0,12.0],
            "duration": 50,
            "forwardsDelay": 35,
            "reverseDelay": 170
          },
          {
            "animationType": "translation",
            "variable": "roof",
            "axis": [-0.1,-0.8225,0.0],
            "duration": 50,
            "forwardsDelay": 35,
            "reverseDelay": 170
          }
        ]
      },
      {
        "objectName": "%$window_open_top_sideL",
        "animations": [
          {
            "animationType": "rotation",
            "variable": "roof",
            "centerPoint": [1.3225,0.0,2.3125],
            "axis": [0.0,0.0,-12.0],
            "duration": 50,
            "forwardsDelay": 35,
            "reverseDelay": 170
          },
          {
            "animationType": "translation",
            "variable": "roof",
            "axis": [0.1,-0.8125,0.0],
            "duration": 50,
            "forwardsDelay": 35,
            "reverseDelay": 170
          }
        ]
      },
      {
        "objectName": "$%open_roof_back",
        "applyAfter": "$%open_roof_top",
        "animations": [
          {
            "animationType": "rotation",
            "variable": "roof",
            "centerPoint": [0.0,1.5625,0.6275],
            "axis": [230.0,0.0,0.0],
            "duration": 50,
            "reverseDelay": 200
          }
        ]
      },
      {
        "objectName": "%$window_open_top",
        "applyAfter": "$%open_roof_back",
        "animations": []
      },
      {
        "objectName": "$open_roof_chest",
        "animations": [
          {
            "animationType": "rotation",
            "variable": "roof",
            "centerPoint": [0.0,0.9375,-0.5],
            "axis": [-90.0,0.0,0.0],
            "duration": 50,
            "forwardsDelay": 50,
            "reverseDelay": 150
          },
          {
            "animationType": "rotation",
            "variable": "roof",
            "centerPoint": [0.0,0.9375,-0.5],
            "axis": [90.0,0.0,0.0],
            "duration": 50,
            "forwardsDelay": 200
          }
        ]
      },
      {
        "objectName": "$%open_roof_top",
        "animations": [
          {
            "animationType": "translation",
            "variable": "roof",
            "axis": [0.0,-0.937,-0.9375],
            "duration": 100,
            "forwardsDelay": 100,
            "reverseDelay": 50
          }
        ]
      },
      {
        "objectName": "$hood",
        "animations": [
          {
            "animationType": "rotation",
            "variable": "door_hood",
            "centerPoint": [0.0,0.875,2.875],
            "axis": [-60.0,0.0,0.0],
            "duration": 20,
            "forwardsStartSound": "iv_tpp:hoodopen",
            "reverseStartSound": "iv_tpp:hoodclose"
          }
        ]
      },
      {
        "objectName": "$boot",
        "animations": [
          {
            "animationType": "rotation",
            "variable": "door_boot",
            "centerPoint": [0.0,0.9375,-0.5],
            "axis": [60.0,0.0,0.0],
            "duration": 5,
            "forwardsStartSound": "iv_tpp:bootopen",
            "reverseEndSound": "iv_tpp:bootclose"
          }
        ]
      },
      {
        "objectName": "$headlight",
        "animations": [
          {
            "animationType": "rotation",
            "variable": "runninglight",
            "centerPoint": [0.0,0.61563,5.0625],
            "axis": [-42.0,0.0,0.0],
            "duration": 2
          }
        ]
      },
      {
        "objectName": "$&RunningLight_FFFFA7_FFFFF_111",
        "animations": [
          {
            "animationType": "rotation",
            "variable": "runninglight",
            "centerPoint": [0.0,0.61563,5.0625],
            "axis": [-42.0,0.0,0.0],
            "duration": 2
          }
        ]
      },
      {
        "objectName": "$&Headlight_FFFFA7_FFFFF_111",
        "animations": [
          {
            "animationType": "rotation",
            "variable": "runninglight",
            "centerPoint": [0.0,0.61563,5.0625],
            "axis": [-42.0,0.0,0.0],
            "duration": 2
          }
        ]
      }
    ],
    "customVariables": ["window_l","window_r","roof"],
    "sounds": [
      {
        "name": "iv_tcp_v3:horn_1",
        "activeAnimations": [
          {
            "animationType": "visibility",
            "variable": "horn",
            "clampMin": 1.0,
            "clampMax": 1.0
          }
        ],
        "looping": true
      }
    ],
    "particles": [
      {
        "type": "smoke",
        "activeAnimations": [
          {
            "animationType": "visibility",
            "variable": "engine_piston_1_2_cam_1",
            "clampMin": 1.0,
            "clampMax": 1.0
          }
        ],
        "color": "#D9D9D9",
        "transparency": 0.25,
        "toTransparency": 0.25,
        "scale": 1.0,
        "pos": [-0.8125,0.0625,-1.5625],
        "initialVelocity": [0.0,0.0,-1.0]
      },
      {
        "type": "smoke",
        "activeAnimations": [
          {
            "animationType": "visibility",
            "variable": "engine_backfired_1",
            "clampMin": 1.0,
            "clampMax": 1.0
          }
        ],
        "color": "#000000",
        "scale": 2.5,
        "pos": [-0.8125,0.0625,-1.5625],
        "initialVelocity": [0.0,0.0,-1.0],
        "quantity": 5
      },
      {
        "type": "smoke",
        "activeAnimations": [
          {
            "animationType": "visibility",
            "variable": "engine_piston_2_2_cam_1",
            "clampMin": 1.0,
            "clampMax": 1.0
          }
        ],
        "color": "#D9D9D9",
        "transparency": 0.25,
        "toTransparency": 0.25,
        "scale": 1.0,
        "pos": [0.8125,0.0625,-1.5625],
        "initialVelocity": [0.0,0.0,-1.0]
      },
      {
        "type": "smoke",
        "activeAnimations": [
          {
            "animationType": "visibility",
            "variable": "engine_backfired_1",
            "clampMin": 1.0,
            "clampMax": 1.0
          }
        ],
        "color": "#000000",
        "scale": 2.5,
        "pos": [0.8125,0.0625,-1.5625],
        "initialVelocity": [0.0,0.0,-1.0],
        "quantity": 5
      }
    ]
  },
  "prefixFolders": "c - high end/g - coupe/",
  "packID": "iv_tcp_v3",
  "systemName": "trin_flugoral_substantial",
  "classification": "vehicle",
  "general": {
    "description": "High End Sports Roadster\n2 doors, 2 seats\n\nRecommended parts:\nAverage Sized Wheels\nV12 Engine\nModel 1 Seats",
    "materials": ["minecraft:iron_ingot:0:20","minecraft:iron_block:0:7","minecraft:iron_nugget:0:12","minecraft:glowstone_dust:0:20","minecraft:wool:7:4","minecraft:glass_pane:0:6"]
  }
}
