{
  "generic": {
    "type": "ground_wheel_bicycle"
  },
  "ground": {
    "isWheel": true,
    "width": 0.44,
    "height": 0.88,
    "motiveFriction": 1.25,
    "lateralFriction": 1.75
  },
  "definitions": [
    {
      "subName": "",
      "modelName": "trin_wheel_bike",
      "name": "Bike Trin Wheel (14*1)",
      "extraMaterials": []
    }
  ],
  "rendering": {
    "sounds": [
      {
        "name": "mts:wheel_blowout",
        "activeAnimations": [
          {
            "animationType": "visibility",
            "variable": "ground_isflat",
            "clampMin": 1.0,
            "clampMax": 1.0
          }
        ]
      },
      {
        "name": "mts:wheel_striking",
        "activeAnimations": [
          {
            "animationType": "visibility",
            "variable": "ground_contacted",
            "clampMin": 1.0,
            "clampMax": 1.0
          }
        ],
        "forceSound": true
      },
      {
        "name": "mts:wheel_skidding",
        "activeAnimations": [
          {
            "animationType": "visibility",
            "variable": "ground_slipping",
            "clampMin": 1.0,
            "clampMax": 1.0
          }
        ],
        "looping": true
      }
    ],
    "particles": [
      {
        "type": "smoke",
        "activeAnimations": [
          {
            "animationType": "visibility",
            "variable": "ground_contacted",
            "clampMin": 1.0,
            "clampMax": 1.0
          }
        ],
        "color": "#FFFFFF",
        "initialVelocity": [0.0,0.15,0.0],
        "quantity": 4
      },
      {
        "type": "smoke",
        "activeAnimations": [
          {
            "animationType": "visibility",
            "variable": "ground_slipping",
            "clampMin": 1.0,
            "clampMax": 1.0
          }
        ],
        "color": "#FFFFFF",
        "initialVelocity": [0.0,0.15,0.0],
        "quantity": 4
      },
      {
        "type": "break",
        "activeAnimations": [
          {
            "animationType": "visibility",
            "variable": "ground_slipping",
            "clampMin": 1.0,
            "clampMax": 1.0
          }
        ],
        "color": "#FFFFFF",
        "initialVelocity": [0.0,0.2,-0.2],
        "quantity": 1
      }
    ]
  },
  "prefixFolders": "g wheels/",
  "packID": "iv_tpp",
  "systemName": "trin_wheel_bike",
  "classification": "part",
  "general": {
    "name": "Bike Trin Wheel (14*1)",
    "materials": ["minecraft:dye:0:3","minecraft:iron_nugget:0:10","minecraft:wool:15:1"]
  }
}
