{
  "generic": {
    "type": "engine_bike"
  },
  "engine": {
    "isAutomatic": true,
    "starterPower": 45,
    "shiftSpeed": 20,
    "revResistance": 2,
    "maxRPM": 3000,
    "maxSafeRPM": 3500,
    "idleRPM": 260,
    "fuelConsumption": 0.1,
    "gearRatios": [-2.0,0.0,2.0],
    "fuelType": "electric",
    "superchargerFuelConsumption": -0.05,
    "superchargerEfficiency": -2.0
  },
  "definitions": [
    {
      "subName": "",
      "name": "Electric Bike Engine",
      "extraMaterials": []
    }
  ],
  "rendering": {
    "sounds": [
      {
        "name": "iv_tpp:trin_electric_bike_engine_starting",
        "activeAnimations": [
          {
            "animationType": "visibility",
            "variable": "engine_running",
            "clampMin": 1.0,
            "clampMax": 1.0
          }
        ]
      },
      {
        "name": "iv_tpp:trin_electric_bike_engine_stopping",
        "activeAnimations": [
          {
            "animationType": "visibility",
            "variable": "engine_running"
          }
        ]
      },
      {
        "name": "iv_tpp:trin_electric_bike_engine_sputter",
        "activeAnimations": [
          {
            "animationType": "visibility",
            "variable": "engine_backfired",
            "clampMin": 1.0,
            "clampMax": 1.0
          }
        ],
        "forceSound": true
      },
      {
        "name": "mts:engine_shifting_grinding",
        "activeAnimations": [
          {
            "animationType": "visibility",
            "variable": "engine_badshift",
            "clampMin": 1.0,
            "clampMax": 1.0
          }
        ],
        "forceSound": true
      },
      {
        "name": "iv_tpp:trin_electric_bike_engine_cranking",
        "activeAnimations": [
          {
            "animationType": "visibility",
            "variable": "engine_starter",
            "clampMin": 1.0,
            "clampMax": 1.0
          }
        ],
        "pitchAnimations": [
          {
            "animationType": "translation",
            "variable": "electric_power",
            "axis": [0.0,0.1,0.0],
            "offset": 0.3,
            "clampMax": 1.0
          }
        ],
        "looping": true
      },
      {
        "name": "iv_tpp:trin_electric_bike_engine_running",
        "activeAnimations": [
          {
            "animationType": "visibility",
            "variable": "engine_powered",
            "clampMin": 1.0,
            "clampMax": 1.0
          }
        ],
        "pitchAnimations": [
          {
            "animationType": "translation",
            "variable": "engine_rpm",
            "axis": [0.0,7.0E-4,0.0],
            "offset": 0.35
          }
        ],
        "looping": true
      }
    ],
    "particles": [
      {
        "type": "smoke",
        "activeAnimations": [
          {
            "animationType": "visibility",
            "variable": "engine_temp",
            "clampMin": 115.556,
            "clampMax": 999.0
          }
        ],
        "spawnEveryTick": true,
        "color": "#000000"
      },
      {
        "type": "smoke",
        "activeAnimations": [
          {
            "animationType": "visibility",
            "variable": "engine_temp",
            "clampMin": 121.111,
            "clampMax": 999.0
          }
        ],
        "spawnEveryTick": true,
        "color": "#000000",
        "scale": 2.5,
        "quantity": 1
      },
      {
        "type": "drip",
        "activeAnimations": [
          {
            "animationType": "visibility",
            "variable": "engine_oilleak",
            "clampMin": 1.0,
            "clampMax": 1.0
          },
          {
            "animationType": "visibility",
            "variable": "cycle_10_20",
            "clampMin": 1.0,
            "clampMax": 1.0
          }
        ],
        "color": "#000000"
      },
      {
        "type": "drip",
        "activeAnimations": [
          {
            "animationType": "visibility",
            "variable": "engine_fuelleak",
            "clampMin": 1.0,
            "clampMax": 1.0
          },
          {
            "animationType": "visibility",
            "variable": "cycle_10_20",
            "clampMin": 1.0,
            "clampMax": 1.0
          }
        ],
        "color": "#FF0000"
      }
    ]
  },
  "prefixFolders": "f engines/",
  "packID": "iv_tpp",
  "systemName": "trin_electric_bike_engine",
  "classification": "part",
  "general": {
    "name": "Electric Bike Engine",
    "materials": ["minecraft:iron_ingot:0:16"]
  }
}
