{
  "generic": {
    "type": "generic_engine_gearbox",
    "mustBeRemovedByScrewdriver": true,
    "width": 0.375,
    "height": 0.375,
    "mass": 50
  },
  "definitions": [
    {
      "subName": "",
      "modelName": "transmod",
      "name": "Transmission Long Gearing",
      "extraMaterialLists": [
        []
      ]
    }
  ],
  "variableModifiers": [
    {
      "variable": "generic_engine_gearbox",
      "animations": [
        {
          "animationType": "translation",
          "variable": "!gearing",
          "axis": [0.0,0.0,-0.1875]
        }
      ]
    }
  ],
  "rendering": {
    "animatedObjects": [],
    "lightObjects": [],
    "particles": [],
    "modelType": "obj"
  },
  "general": {
    "name": "Transmission Upgrade",
    "description": "Can be installed onto engines to modify their gearing\n0.8125:1 gear ratio\nUse a screwdriver to remove this part",
    "stackSize": 64,
    "radarWidth": 0.0,
    "radarRange": 0.0,
    "health": 80,
    "materialLists": [
      ["oredict:ingotIron:2","mts:ivv.gear:-1:6"]
    ]
  }
}
