{
  "motorized": {
    "isRearWheelDrive": true,
    "hasAutopilot": true,
    "emptyMass": 1300,
    "fuelCapacity": 8000,
    "axleRatio": 4.1,
    "dragCoefficient": 0.36,
    "brakingFactor": 1.15,
    "downForce": 0.375,
    "overSteer": -2.0,
    "maxTiltAngle": -3.25
  },
  "parts": [
    {
      "pos": [1.125,0.0,0.0],
      "minValue": 0.8,
      "maxValue": 0.875,
      "types": ["ground_wheel"]
    },
    {
      "pos": [-1.125,0.0,0.0],
      "minValue": 0.8,
      "maxValue": 0.875,
      "types": ["ground_wheel"]
    },
    {
      "pos": [1.125,0.0,3.0625],
      "turnsWithSteer": true,
      "minValue": 0.8,
      "maxValue": 0.875,
      "types": ["ground_wheel"],
      "animations": [
        {
          "animationType": "rotation",
          "variable": "rudder",
          "centerPoint": [0.0,0.0,0.0],
          "axis": [0.0,-1.0,0.0]
        }
      ]
    },
    {
      "pos": [-1.125,0.0,3.0625],
      "turnsWithSteer": true,
      "minValue": 0.8,
      "maxValue": 0.875,
      "types": ["ground_wheel"],
      "animations": [
        {
          "animationType": "rotation",
          "variable": "rudder",
          "centerPoint": [0.0,0.0,0.0],
          "axis": [0.0,-1.0,0.0]
        }
      ]
    },
    {
      "pos": [0.5625,0.0625,1.1875],
      "rot": [0.0,0.0,0.0],
      "dismountPos": [1.5625,0.0625,1.1875],
      "isController": true,
      "types": ["seat"],
      "linkedDoors": ["door_fl"]
    },
    {
      "pos": [-0.5625,0.0625,1.1875],
      "rot": [0.0,0.0,0.0],
      "dismountPos": [-1.5625,0.0625,1.1875],
      "types": ["seat"],
      "additionalParts": [
        {
          "pos": [-0.5625,0.1,1.1875],
          "rot": [0.0,90.0,0.0],
          "maxValue": 2.0,
          "types": ["interactable_luggage"]
        }
      ],
      "linkedDoors": ["door_fr"]
    },
    {
      "pos": [0.0,0.0,-1.1875],
      "rot": [0.0,0.0,0.0],
      "minValue": 0.3,
      "maxValue": 0.5,
      "types": ["engine_car"],
      "linkedDoors": ["door_hood"]
    },
    {
      "pos": [0.0,1.375,1.65625],
      "maxValue": 3.0,
      "types": ["generic_lightbar","generic_roofdevice"]
    },
    {
      "pos": [0.0,1.375,0.875],
      "maxValue": 3.0,
      "types": ["generic_lightbar","generic_roofdevice"]
    },
    {
      "pos": [0.0,-0.125,3.375],
      "rot": [0.0,0.0,0.0],
      "maxValue": 2.0,
      "types": ["interactable_luggage"],
      "linkedDoors": ["door_boot"]
    },
    {
      "pos": [0.3125,0.0625,-1.54688],
      "rot": [-25.0,0.0,0.0],
      "maxValue": 1.0,
      "types": ["generic_bumpersticker"]
    },
    {
      "pos": [-0.3125,0.0625,-1.54688],
      "rot": [-25.0,0.0,0.0],
      "maxValue": 1.0,
      "types": ["generic_bumpersticker"]
    },
    {
      "pos": [-0.90625,-0.09375,4.53188],
      "rot": [0.0,-14.0,0.0],
      "maxValue": 3.0,
      "defaultPart": "iv_tpp:plate_gramados",
      "types": ["generic_licenseplate_us","generic_licenseplate_euro"]
    },
    {
      "pos": [0.0,0.31125,-1.532],
      "rot": [0.0,180.0,0.0],
      "maxValue": 3.0,
      "defaultPart": "iv_tpp:plate_gramados",
      "types": ["generic_licenseplate_us","generic_licenseplate_euro"]
    }
  ],
  "collision": [
    {
      "pos": [0.0,0.625,4.1875],
      "width": 1.0,
      "height": 0.125
    },
    {
      "pos": [0.0,1.3125,1.0],
      "width": 2.0,
      "height": 0.125
    },
    {
      "pos": [0.0,0.875,-0.6875],
      "width": 2.0,
      "height": 0.125
    }
  ],
  "doors": [
    {
      "name": "door_fl",
      "closedPos": [1.21875,0.46875,0.96875],
      "openPos": [2.40625,0.46875,1.59375],
      "width": 0.3125,
      "height": 0.125,
      "closeOnMovement": true,
      "activateOnSeated": true
    },
    {
      "name": "door_fr",
      "closedPos": [-1.21875,0.46875,0.96875],
      "openPos": [-2.40625,0.46875,1.59375],
      "width": 0.3125,
      "height": 0.125,
      "closeOnMovement": true,
      "activateOnSeated": true
    },
    {
      "name": "door_fl",
      "closedPos": [1.21875,0.34375,1.875],
      "openPos": [1.59375,0.34375,2.0625],
      "width": 0.3125,
      "height": 0.125,
      "closeOnMovement": true,
      "activateOnSeated": true
    },
    {
      "name": "door_fr",
      "closedPos": [-1.21875,0.34375,1.875],
      "openPos": [-1.59375,0.34375,2.0625],
      "width": 0.3125,
      "height": 0.125,
      "closeOnMovement": true,
      "activateOnSeated": true
    },
    {
      "name": "door_hood",
      "closedPos": [0.0,0.6875,-1.375],
      "openPos": [0.0,1.8125,-0.8125],
      "width": 1.0,
      "height": 0.5
    },
    {
      "name": "door_boot",
      "closedPos": [0.0,0.65625,3.90625],
      "openPos": [0.0,1.78125,3.40625],
      "width": 0.3125,
      "height": 0.125,
      "closedByDefault": true,
      "activateOnSeated": true
    }
  ],
  "connectionGroups": [
    {
      "groupName": "HOOKUP",
      "hookup": true,
      "connections": [
        {
          "type": "tow_bumper",
          "pos": [0.0,-0.1875,4.625],
          "distance": 0.0
        },
        {
          "type": "tow_wheel",
          "pos": [0.0,-0.4375,3.0625],
          "distance": 0.0
        }
      ]
    },
    {
      "groupName": "TRAILER",
      "canIntiateConnections": true,
      "connections": [
        {
          "type": "trailer_standard",
          "pos": [0.0,0.0625,-1.5625],
          "distance": 0.0
        }
      ]
    }
  ],
  "instruments": [
    {
      "pos": [0.78125,0.5375,2.17125],
      "rot": [0.0,0.0,0.0],
      "scale": 0.015625,
      "hudX": 80,
      "hudY": 36,
      "hudScale": 0.25
    },
    {
      "pos": [0.625,0.55,2.17125],
      "rot": [0.0,0.0,0.0],
      "scale": 0.015625,
      "hudX": 160,
      "hudY": 36,
      "hudScale": 0.5
    },
    {
      "pos": [0.4375,0.55,2.17125],
      "rot": [0.0,0.0,0.0],
      "scale": 0.015625,
      "hudX": 240,
      "hudY": 36,
      "hudScale": 0.5
    },
    {
      "pos": [0.28125,0.5375,2.17125],
      "rot": [0.0,0.0,0.0],
      "scale": 0.015625,
      "hudX": 320,
      "hudY": 36,
      "hudScale": 0.25
    }
  ],
  "definitions": [
    {
      "subName": "_white_g",
      "name": "Trin Springbok root trim - White paint, Gray interior",
      "extraMaterials": ["mts:iv_tpp.paint_bucket_white:0:1","minecraft:wool:7:2","minecraft:wool:8:3"]
    },
    {
      "subName": "_honey_g",
      "name": "Trin Springbok root trim - Honey paint, Gray interior",
      "extraMaterials": ["mts:iv_tpp.paint_bucket_honey:0:1","minecraft:wool:7:2","minecraft:wool:8:3"]
    },
    {
      "subName": "_spruce_g",
      "name": "Trin Springbok root trim - Spruce paint, Gray interior",
      "extraMaterials": ["mts:iv_tpp.paint_bucket_spruce:0:1","minecraft:wool:7:2","minecraft:wool:8:3"]
    }
  ],
  "rendering": {
    "textObjects": [],
    "animatedObjects": [
      {
        "objectName": "steer",
        "animations": [
          {
            "animationType": "rotation",
            "variable": "rudder",
            "centerPoint": [0.5625,0.46875,2.0],
            "axis": [0.0,0.0,1.0]
          }
        ]
      },
      {
        "objectName": "gas",
        "animations": [
          {
            "animationType": "rotation",
            "variable": "throttle",
            "centerPoint": [0.375,0.15625,2.3125],
            "axis": [-30.0,0.0,0.0]
          }
        ]
      },
      {
        "objectName": "brake",
        "animations": [
          {
            "animationType": "rotation",
            "variable": "brake",
            "centerPoint": [0.375,0.15625,2.3125],
            "axis": [-30.0,0.0,0.0]
          }
        ]
      },
      {
        "objectName": "clutch",
        "animations": [
          {
            "animationType": "visibility",
            "variable": "engine_isautomatic_1"
          },
          {
            "animationType": "rotation",
            "variable": "engine_clutch_upshift_1",
            "centerPoint": [0.375,0.15625,2.3125],
            "axis": [-30.0,0.0,0.0]
          },
          {
            "animationType": "rotation",
            "variable": "engine_clutch_downshift_1",
            "centerPoint": [0.375,0.15625,2.3125],
            "axis": [-30.0,0.0,0.0]
          }
        ]
      },
      {
        "objectName": "p_brake",
        "animations": [
          {
            "animationType": "rotation",
            "variable": "p_brake",
            "centerPoint": [0.0,-0.09375,1.28125],
            "axis": [-30.0,0.0,0.0]
          }
        ]
      },
      {
        "objectName": "shift",
        "animations": [
          {
            "animationType": "rotation",
            "variable": "engine_gearshift_1",
            "centerPoint": [0.0,-0.04688,1.78125],
            "axis": [1.0,0.0,0.0]
          }
        ]
      },
      {
        "objectName": "doorFR",
        "animations": [
          {
            "animationType": "rotation",
            "variable": "door_fr",
            "centerPoint": [-1.25,0.0,2.375],
            "axis": [0.0,60.0,0.0],
            "duration": 20,
            "forwardsStartSound": "iv_tpp:dooropen",
            "reverseEndSound": "iv_tpp:doorclose"
          }
        ]
      },
      {
        "objectName": "doorwindowFR",
        "applyAfter": "doorFR",
        "animations": []
      },
      {
        "objectName": "doorFL",
        "animations": [
          {
            "animationType": "rotation",
            "variable": "door_fl",
            "centerPoint": [1.25,0.0,2.375],
            "axis": [0.0,-60.0,0.0],
            "duration": 20,
            "forwardsStartSound": "iv_tpp:dooropen",
            "reverseEndSound": "iv_tpp:doorclose"
          }
        ]
      },
      {
        "objectName": "doorwindowFL",
        "applyAfter": "doorFL",
        "animations": []
      },
      {
        "objectName": "hood",
        "animations": [
          {
            "animationType": "rotation",
            "variable": "door_hood",
            "centerPoint": [0.0,1.25,-0.0625],
            "axis": [60.0,0.0,0.0],
            "duration": 20,
            "forwardsStartSound": "iv_tpp:hoodopen",
            "reverseStartSound": "iv_tpp:hoodclose"
          }
        ]
      },
      {
        "objectName": "boot",
        "animations": [
          {
            "animationType": "rotation",
            "variable": "door_boot",
            "centerPoint": [0.0,0.75,2.6875],
            "axis": [-60.0,0.0,0.0],
            "duration": 20,
            "forwardsStartSound": "iv_tpp:bootopen",
            "reverseEndSound": "iv_tpp:bootclose"
          }
        ]
      },
      {
        "objectName": "hoodwindow",
        "applyAfter": "hood",
        "animations": []
      }
    ],
    "customVariables": [],
    "sounds": [
      {
        "name": "iv_tcp_v3:horn_1",
        "activeAnimations": [
          {
            "animationType": "visibility",
            "variable": "horn",
            "clampMin": 1.0,
            "clampMax": 1.0
          }
        ],
        "looping": true
      }
    ],
    "particles": [
      {
        "type": "smoke",
        "activeAnimations": [
          {
            "animationType": "visibility",
            "variable": "engine_piston_1_2_cam_1",
            "clampMin": 1.0,
            "clampMax": 1.0
          }
        ],
        "color": "#D9D9D9",
        "transparency": 0.25,
        "toTransparency": 0.25,
        "scale": 1.0,
        "pos": [0.71875,0.03125,-1.5625],
        "initialVelocity": [0.0,0.0,-1.0]
      },
      {
        "type": "smoke",
        "activeAnimations": [
          {
            "animationType": "visibility",
            "variable": "engine_backfired_1",
            "clampMin": 1.0,
            "clampMax": 1.0
          }
        ],
        "color": "#000000",
        "scale": 2.5,
        "pos": [0.71875,0.03125,-1.5625],
        "initialVelocity": [0.0,0.0,-1.0],
        "quantity": 5
      },
      {
        "type": "smoke",
        "activeAnimations": [
          {
            "animationType": "visibility",
            "variable": "engine_piston_2_2_cam_1",
            "clampMin": 1.0,
            "clampMax": 1.0
          }
        ],
        "color": "#D9D9D9",
        "transparency": 0.25,
        "toTransparency": 0.25,
        "scale": 1.0,
        "pos": [-0.71875,0.03125,-1.5625],
        "initialVelocity": [0.0,0.0,-1.0]
      },
      {
        "type": "smoke",
        "activeAnimations": [
          {
            "animationType": "visibility",
            "variable": "engine_backfired_1",
            "clampMin": 1.0,
            "clampMax": 1.0
          }
        ],
        "color": "#000000",
        "scale": 2.5,
        "pos": [-0.71875,0.03125,-1.5625],
        "initialVelocity": [0.0,0.0,-1.0],
        "quantity": 5
      }
    ]
  },
  "prefixFolders": "b - mid end/h - sports/",
  "packID": "iv_tcp_v3",
  "systemName": "trin_springbok_root",
  "classification": "vehicle",
  "general": {
    "description": "Mid End 2 Seater Muscle Car\n\nRecommended parts:\nAverage Sized Wheels\nV6 Engine\nModel 1 Seats",
    "materials": ["minecraft:iron_ingot:0:16","minecraft:iron_block:0:7","minecraft:glowstone_dust:0:16","minecraft:glass_pane:0:10","mts:iv_tpp.metal_pile_4:0:3","mts:iv_tpp.metal_pile_2:0:1"]
  }
}
