{
  "generic": {
    "type": "engine_car",
    "forwardsDamageMultiplier": 1.0,
    "width": 0.75,
    "height": 0.625,
    "mass": 330,
    "movementAnimations": [
      {
        "animationType": "inhibitor",
        "variable": "engine_rpm"
      },
      {
        "animationType": "rotation",
        "variable": "engine_sin",
        "centerPoint": [0.0,0.0,0.0],
        "axis": [0.0,0.0,0.5]
      },
      {
        "animationType": "rotation",
        "variable": "engine_cos",
        "centerPoint": [0.0,0.0,0.0],
        "axis": [0.0,0.0,-0.5]
      },
      {
        "animationType": "inhibitor",
        "variable": "engine_running"
      },
      {
        "animationType": "rotation",
        "variable": "throttle",
        "centerPoint": [0.0,0.0,0.0],
        "axis": [0.0,0.0,0.5]
      },
      {
        "animationType": "rotation",
        "variable": "throttle",
        "centerPoint": [0.0,0.0,0.0],
        "axis": [0.0,0.0,0.5],
        "duration": 10
      }
    ]
  },
  "engine": {
    "type": "normal",
    "isAutomatic": true,
    "starterPower": 15,
    "shiftSpeed": 5,
    "clutchTime": 6,
    "revResistance": 7,
    "maxRPM": 6029,
    "maxSafeRPM": 5675,
    "idleRPM": 800,
    "startRPM": 400,
    "revlimitRPM": 5675,
    "revlimitBounce": 4,
    "stallRPM": 300,
    "engineWinddownRate": 100,
    "heatingCoefficient": 1.0,
    "coolingCoefficient": 1.5,
    "engineWearFactor": 0.875,
    "fuelConsumption": 0.4348,
    "gearRatios": [-1.0,-1.0,-1.0,-1.0,-1.0,-1.0,-1.0,-1.0,-1.0,-1.0,-1.0,-1.0,0.0,1.0,1.0,1.0,1.0,1.0,1.0,1.0,1.0,1.0,1.0,1.0,1.0],
    "upShiftRPM": [32767,32767,32767,32767,32767,32767,32767,32767,32767,32767,32767,32767,0,32767,32767,32767,32767,32767,32767,32767,32767,32767,32767,32767,32767],
    "downShiftRPM": [-32767,-32767,-32767,-32767,-32767,-32767,-32767,-32767,-32767,-32767,-32767,-32767,0,-32767,-32767,-32767,-32767,-32767,-32767,-32767,-32767,-32767,-32767,-32767,-32767],
    "fuelType": "gasoline",
    "isCrankingNotPitched": true
  },
  "parts": [
    {
      "pos": [-0.301875,0.223125,0.215],
      "allowParentRemoval": true,
      "maxValue": 1.0,
      "types": [
        "generic_engine_turbo"
      ],
      "interactableVariables": [
        [
          "parent_bench_status"
        ]
      ],
      "animations": [
        {
          "animationType": "visibility",
          "variable": "parent_bench_status",
          "clampMin": 1.0,
          "clampMax": 1.0
        }
      ]
    },
    {
      "pos": [0.16875,0.15625,0.4625],
      "allowParentRemoval": true,
      "maxValue": 1.0,
      "partScale": [0.5,0.5,0.5],
      "types": [
        "generic_engine_upgrade"
      ],
      "interactableVariables": [
        [
          "parent_bench_status"
        ]
      ],
      "animations": [
        {
          "animationType": "visibility",
          "variable": "parent_bench_status",
          "clampMin": 1.0,
          "clampMax": 1.0
        }
      ]
    },
    {
      "pos": [0.0,-0.125,0.6875],
      "allowParentRemoval": true,
      "maxValue": 1.0,
      "partScale": [0.5,0.5,0.5],
      "types": [
        "generic_engine_gearbox"
      ],
      "interactableVariables": [
        [
          "parent_bench_status"
        ]
      ],
      "animations": [
        {
          "animationType": "visibility",
          "variable": "parent_bench_status",
          "clampMin": 1.0,
          "clampMax": 1.0
        }
      ]
    },
    {
      "pos": [0.0,0.375,0.25],
      "allowParentRemoval": true,
      "maxValue": 1.0,
      "partScale": [0.5,0.5,0.5],
      "types": [
        "generic_engine_topend"
      ],
      "interactableVariables": [
        [
          "parent_bench_status"
        ]
      ],
      "animations": [
        {
          "animationType": "visibility",
          "variable": "parent_bench_status",
          "clampMin": 1.0,
          "clampMax": 1.0
        }
      ]
    },
    {
      "pos": [0.0,-0.125,0.2875],
      "allowParentRemoval": true,
      "maxValue": 4.0,
      "partScale": [0.48,0.48,0.48],
      "types": [
        "generic_effect_particle"
      ],
      "customTypes": [
        "drip"
      ],
      "interactableVariables": [
        [
          "!parent_bench_status"
        ]
      ],
      "animations": [
        {
          "animationType": "visibility",
          "variable": "parent_bench_status"
        }
      ]
    },
    {
      "pos": [0.0,0.0625,0.25],
      "maxValue": 4.0,
      "partScale": [1.34375,1.34375,1.34375],
      "types": [
        "generic_transmission"
      ],
      "customTypes": [
        "ivlabs",
        "unus_transmissions_would_be_really_hard_to_make_compatible",
        "sorry"
      ]
    }
  ],
  "definitions": [
    {
      "subName": "",
      "modelName": "v6",
      "textureName": "v6",
      "name": "Experimental Generic Engine",
      "extraMaterialLists": [
        []
      ]
    }
  ],
  "constantValues": {
    "generic_effect_particle_drip_slow": 1.0,
    "engine_obdiii_present": 1.0,
    "engine_obdiii_displacement": 4.0,
    "builtatlastough_horsepower": 213.0,
    "builtatlastough_torque": 240.0
  },
  "variableModifiers": [
    {
      "variable": "self_controlled",
      "animations": [
        {
          "animationType": "translation",
          "variable": "parent_self_controlled",
          "axis": [0.0,0.0,1.0]
        }
      ]
    },
    {
      "variable": "horsepower_curve_math",
      "maxValue": 180.0,
      "animations": [
        {
          "animationType": "translation",
          "variable": "engine_rpm_percent_safe",
          "axis": [0.0,0.0,90.0],
          "clampMax": 90.0
        },
        {
          "animationType": "translation",
          "variable": "engine_rpm_percent_safe",
          "axis": [0.0,11.25,0.0]
        },
        {
          "animationType": "translation",
          "variable": "generic_engine_topend_4",
          "axis": [-0.375,0.0,0.0],
          "offset": 1.0
        }
      ]
    },
    {
      "variable": "torque_curve_math",
      "maxValue": 180.0,
      "animations": [
        {
          "animationType": "translation",
          "variable": "engine_rpm_percent_safe",
          "axis": [0.0,0.0,56.25],
          "clampMax": 45.0
        },
        {
          "animationType": "translation",
          "variable": "engine_rpm_percent_safe",
          "axis": [0.0,90.0,0.0]
        },
        {
          "animationType": "translation",
          "variable": "generic_engine_topend_4",
          "axis": [-0.375,0.0,0.0],
          "offset": 1.0
        }
      ]
    },
    {
      "variable": "engine_obdiii_horsepower",
      "maxValue": 32767.0,
      "animations": [
        {
          "animationType": "translation",
          "variable": "builtatlastough_horsepower",
          "axis": [0.0,0.0,1.0]
        },
        {
          "animationType": "translation",
          "variable": "generic_engine_turbo_power_1",
          "axis": [0.0,15.0,0.0]
        },
        {
          "animationType": "translation",
          "variable": "generic_engine_upgrade_2",
          "axis": [1.0,0.0,0.0],
          "offset": 1.0
        },
        {
          "animationType": "translation",
          "variable": "engine_hours",
          "axis": [-1.5E-4,0.0,0.0],
          "offset": 1.0,
          "clampMin": 0.5
        },
        {
          "animationType": "inhibitor",
          "variable": "bench_status",
          "clampMin": 1.0,
          "clampMax": 1.0
        },
        {
          "animationType": "rotation",
          "variable": "horsepower_curve_math",
          "centerPoint": [0.0,0.0,0.0],
          "axis": [1.0,0.0,0.0]
        },
        {
          "animationType": "translation",
          "variable": "throttle",
          "axis": [0.25,0.0,0.0],
          "offset": 0.75
        },
        {
          "animationType": "translation",
          "variable": "throttle",
          "axis": [0.25,0.0,0.0],
          "offset": 0.75,
          "duration": 5
        }
      ]
    },
    {
      "variable": "engine_obdiii_torque",
      "maxValue": 32767.0,
      "animations": [
        {
          "animationType": "translation",
          "variable": "builtatlastough_torque",
          "axis": [0.0,0.0,1.0]
        },
        {
          "animationType": "translation",
          "variable": "generic_engine_turbo_power_1",
          "axis": [0.0,19.0,0.0]
        },
        {
          "animationType": "translation",
          "variable": "generic_engine_upgrade_2",
          "axis": [0.8,0.0,0.0],
          "offset": 1.0
        },
        {
          "animationType": "translation",
          "variable": "engine_hours",
          "axis": [-1.5E-4,0.0,0.0],
          "offset": 1.0,
          "clampMin": 0.5
        },
        {
          "animationType": "inhibitor",
          "variable": "bench_status",
          "clampMin": 1.0,
          "clampMax": 1.0
        },
        {
          "animationType": "rotation",
          "variable": "torque_curve_math",
          "centerPoint": [0.0,0.0,0.0],
          "axis": [1.0,0.0,0.0]
        },
        {
          "animationType": "translation",
          "variable": "throttle",
          "axis": [0.25,0.0,0.0],
          "offset": 0.75
        },
        {
          "animationType": "translation",
          "variable": "throttle",
          "axis": [0.25,0.0,0.0],
          "offset": 0.75,
          "duration": 5
        }
      ]
    },
    {
      "variable": "engine_checklight",
      "maxValue": 1.0,
      "animations": [
        {
          "animationType": "translation",
          "variable": "idiot_lightbulb",
          "axis": [0.0,0.0,1.0]
        },
        {
          "animationType": "translation",
          "variable": "engine_hours",
          "axis": [0.0,1.0,0.0],
          "offset": -500.0,
          "clampMin": 1.25E-4,
          "clampMax": 1.0
        },
        {
          "animationType": "translation",
          "variable": "engine_temp",
          "axis": [0.0,1.0,0.0],
          "offset": -110.0,
          "clampMin": 1.25E-4,
          "clampMax": 1.0
        },
        {
          "animationType": "translation",
          "variable": "engine_oilleak",
          "axis": [0.0,1.0,0.0]
        }
      ]
    },
    {
      "variable": "engine_revlimit_backfire",
      "animations": [
        {
          "animationType": "translation",
          "variable": "nopop",
          "axis": [0.0,0.0,1.0]
        },
        {
          "animationType": "inhibitor",
          "variable": "1_2_0_cycle",
          "clampMin": 1.0,
          "clampMax": 1.0
        },
        {
          "animationType": "inhibitor",
          "variable": "engine_rpm_percent_revlimit",
          "clampMin": -10.0,
          "clampMax": 0.9875
        },
        {
          "animationType": "translation",
          "variable": "!throttle",
          "axis": [0.0,0.0,1.0],
          "duration": 1
        },
        {
          "animationType": "translation",
          "variable": "engine_running",
          "axis": [1.0,0.0,0.0]
        },
        {
          "animationType": "translation",
          "variable": "generic_engine_upgrade_2",
          "axis": [4.0,0.0,0.0],
          "clampMax": 1.0
        }
      ]
    },
    {
      "variable": "heatingCoefficient",
      "animations": [
        {
          "animationType": "visibility",
          "variable": "engine_temp",
          "clampMin": -32767.0,
          "clampMax": 95.0
        },
        {
          "animationType": "translation",
          "variable": "tick_cos",
          "axis": [0.25,0.0,0.0],
          "offset": 1.0
        },
        {
          "animationType": "translation",
          "variable": "throttle",
          "axis": [1.0,0.0,0.0],
          "offset": 1.0
        }
      ]
    },
    {
      "variable": "heatingCoefficient",
      "animations": [
        {
          "animationType": "visibility",
          "variable": "engine_temp",
          "clampMin": 95.0,
          "clampMax": 32767.0
        },
        {
          "animationType": "translation",
          "variable": "throttle",
          "axis": [0.25,0.0,0.0],
          "offset": 0.75
        },
        {
          "animationType": "inhibitor",
          "variable": "engine_temp",
          "clampMin": -32767.0,
          "clampMax": 110.0
        },
        {
          "animationType": "translation",
          "variable": "!cooling",
          "axis": [0.5,0.0,0.0]
        }
      ]
    },
    {
      "variable": "coolingCoefficient",
      "animations": [
        {
          "animationType": "visibility",
          "variable": "engine_temp",
          "clampMin": -32767.0,
          "clampMax": 95.0
        },
        {
          "animationType": "inhibitor",
          "variable": "engine_running"
        },
        {
          "animationType": "translation",
          "variable": "throttle",
          "axis": [-0.03125,0.0,0.0],
          "offset": 0.0625
        },
        {
          "animationType": "translation",
          "variable": "tick_sin",
          "axis": [0.5,0.0,0.0],
          "offset": 1.0
        },
        {
          "animationType": "activator",
          "variable": "true"
        },
        {
          "animationType": "translation",
          "variable": "!engine_running",
          "axis": [0.75,0.0,0.0],
          "offset": 0.25,
          "duration": 200
        }
      ]
    },
    {
      "variable": "coolingCoefficient",
      "animations": [
        {
          "animationType": "visibility",
          "variable": "engine_temp",
          "clampMin": 95.0,
          "clampMax": 32767.0
        },
        {
          "animationType": "translation",
          "variable": "throttle",
          "axis": [-0.25,0.0,0.0],
          "offset": 1.0
        },
        {
          "animationType": "inhibitor",
          "variable": "engine_temp",
          "clampMin": -32767.0,
          "clampMax": 110.0
        },
        {
          "animationType": "translation",
          "variable": "!cooling",
          "axis": [2.0,0.0,0.0]
        }
      ]
    },
    {
      "variable": "fuelConsumption",
      "animations": [
        {
          "animationType": "translation",
          "variable": "engine_obdiii_horsepower",
          "axis": [0.0,0.0,0.002178009]
        },
        {
          "animationType": "translation",
          "variable": "engine_obdiii_torque",
          "axis": [0.0,0.002178009,0.0]
        },
        {
          "animationType": "translation",
          "variable": "parent_vehicle_intake_fc",
          "axis": [0.0,1.0,0.0]
        },
        {
          "animationType": "translation",
          "variable": "throttle",
          "axis": [0.375,0.0,0.0],
          "offset": 0.625
        },
        {
          "animationType": "translation",
          "variable": "throttle",
          "axis": [0.375,0.0,0.0],
          "offset": 0.625,
          "duration": 5
        }
      ]
    },
    {
      "variable": "superchargerFuelConsumption",
      "animations": [
        {
          "animationType": "translation",
          "variable": "engine_fuel_consumption",
          "axis": [0.0,0.0,-1.0]
        },
        {
          "animationType": "translation",
          "variable": "engine_obdiii_displacement",
          "axis": [0.0,0.1304,0.0]
        },
        {
          "animationType": "translation",
          "variable": "throttle",
          "axis": [0.375,0.0,0.0],
          "offset": 0.625
        },
        {
          "animationType": "translation",
          "variable": "throttle",
          "axis": [0.375,0.0,0.0],
          "offset": 0.625,
          "duration": 5
        }
      ]
    },
    {
      "variable": "superchargerEfficiency",
      "animations": [
        {
          "animationType": "translation",
          "variable": "false",
          "axis": [0.0,0.0,1.0]
        }
      ]
    },
    {
      "variable": "engineWinddownRate",
      "animations": [
        {
          "animationType": "translation",
          "variable": "engine_rpm_percent",
          "axis": [0.0,0.0,-175.0],
          "offset": 175.0,
          "clampMin": 50.0,
          "clampMax": 175.0
        }
      ]
    },
    {
      "variable": "engineWearFactor",
      "animations": [
        {
          "animationType": "translation",
          "variable": "throttle",
          "axis": [0.625,0.0,0.0],
          "offset": 0.375
        },
        {
          "animationType": "translation",
          "variable": "engine_rpm_percent_safe",
          "axis": [0.0,4.0,0.0],
          "offset": -4.0,
          "clampMin": 0.003125,
          "clampMax": 2.0
        }
      ]
    },
    {
      "variable": "starterPower",
      "minValue": 1.0,
      "maxValue": 100.0,
      "animations": [
        {
          "animationType": "translation",
          "variable": "parent_damage_percent",
          "axis": [-0.25,0.0,0.0],
          "offset": 1.0
        },
        {
          "animationType": "translation",
          "variable": "engine_hours",
          "axis": [-0.002666667,0.0,0.0],
          "offset": 2.0,
          "clampMin": 0.375,
          "clampMax": 1
        }
      ]
    },
    {
      "variable": "revResistance",
      "minValue": 1.0,
      "maxValue": 100.0,
      "animations": [
        {
          "animationType": "translation",
          "variable": "throttle",
          "axis": [-0.5,0.0,0.0],
          "offset": 1.5,
          "duration": 10,
          "skipReverseMovement": true
        },
        {
          "animationType": "translation",
          "variable": "throttle",
          "axis": [-0.5,0.0,0.0],
          "offset": 1.5
        },
        {
          "animationType": "translation",
          "variable": "engine_powered",
          "axis": [0.625,0.0,0.0],
          "offset": 0.375,
          "duration": 50,
          "forwardsDelay": 10,
          "skipReverseMovement": true
        },
        {
          "animationType": "translation",
          "variable": "engine_rpm_percent_safe",
          "axis": [-0.5,0.0,0.0],
          "offset": 1.5,
          "clampMin": 1.0,
          "clampMax": 1.5
        }
      ]
    },
    {
      "variable": "revlimitBounce",
      "minValue": 1.0,
      "maxValue": 100.0,
      "animations": [
        {
          "animationType": "translation",
          "variable": "throttle",
          "axis": [-0.5,0.0,0.0],
          "offset": 1.5,
          "duration": 10,
          "skipReverseMovement": true
        },
        {
          "animationType": "translation",
          "variable": "throttle",
          "axis": [-0.5,0.0,0.0],
          "offset": 1.5
        },
        {
          "animationType": "translation",
          "variable": "engine_rpm_percent_safe",
          "axis": [-3.0,0.0,0.0],
          "offset": 4.0,
          "clampMin": 1.0,
          "clampMax": 4
        }
      ]
    },
    {
      "variable": "idleRPM",
      "animations": [
        {
          "animationType": "translation",
          "variable": "2_4_2_cycle",
          "axis": [0.0,60.0,0.0],
          "offset": -30.0,
          "duration": 4,
          "forwardsEasing": "easeinoutsine",
          "reverseEasing": "easeinoutsine"
        },
        {
          "animationType": "translation",
          "variable": "tick_sin",
          "axis": [0.0,25.0,0.0]
        },
        {
          "animationType": "translation",
          "variable": "tick_cos",
          "axis": [0.0,25.0,0.0]
        }
      ]
    },
    {
      "variable": "idleRPM",
      "animations": [
        {
          "animationType": "inhibitor",
          "variable": "!engine_amireallyautomatic"
        },
        {
          "animationType": "inhibitor",
          "variable": "speed",
          "clampMin": 0.5,
          "clampMax": 32767.0
        },
        {
          "animationType": "inhibitor",
          "variable": "throttle"
        },
        {
          "animationType": "translation",
          "variable": "!engine_gear",
          "axis": [1.0,0.0,0.0],
          "forwardsDelay": 3,
          "reverseDelay": 3
        }
      ]
    },
    {
      "variable": "idleRPM",
      "animations": [
        {
          "animationType": "translation",
          "variable": "engine_powered",
          "axis": [0.0,2000.0,0.0]
        },
        {
          "animationType": "translation",
          "variable": "engine_powered",
          "axis": [0.0,-2000.0,0.0],
          "duration": 100,
          "skipReverseMovement": true
        }
      ]
    },
    {
      "variable": "revlimitRPM",
      "animations": [
        {
          "animationType": "visibility",
          "variable": "engine_amireallyautomatic",
          "clampMin": 1,
          "clampMax": 1
        },
        {
          "animationType": "visibility",
          "variable": "engine_gear"
        },
        {
          "animationType": "translation",
          "variable": "engine_rpm_safe",
          "axis": [0.0,0.0,0.625],
          "clampMin": 1625,
          "clampMax": 16250
        }
      ]
    },
    {
      "variable": "revlimitRPM",
      "animations": [
        {
          "animationType": "translation",
          "variable": "generic_engine_topend_4",
          "axis": [1.0,0.0,0.0],
          "offset": 1.0
        }
      ]
    },
    {
      "variable": "maxRPM",
      "animations": [
        {
          "animationType": "translation",
          "variable": "generic_engine_topend_4",
          "axis": [1.0,0.0,0.0],
          "offset": 1.0
        }
      ]
    },
    {
      "variable": "maxSafeRPM",
      "animations": [
        {
          "animationType": "translation",
          "variable": "generic_engine_topend_4",
          "axis": [1.0,0.0,0.0],
          "offset": 1.0
        }
      ]
    },
    {
      "variable": "engine_clutching",
      "maxValue": 1.0,
      "animations": [
        {
          "animationType": "translation",
          "variable": "engine_clutch_upshift",
          "axis": [0.0,3.0,0.0],
          "offset": -1.0
        },
        {
          "animationType": "translation",
          "variable": "engine_clutch_downshift",
          "axis": [0.0,3.0,0.0],
          "offset": -1.0
        }
      ]
    },
    {
      "variable": "engine_isdualclutch",
      "animations": [
        {
          "animationType": "translation",
          "variable": "!parent_self_controlled",
          "axis": [0.0,0.0,1.0]
        },
        {
          "animationType": "translation",
          "variable": "generic_transmission_isautomatic_6",
          "axis": [1.0,0.0,0.0]
        }
      ]
    },
    {
      "variable": "isAutomatic",
      "animations": [
        {
          "animationType": "translation",
          "variable": "!parent_self_controlled",
          "axis": [0.0,0.0,1.0]
        },
        {
          "animationType": "translation",
          "variable": "generic_transmission_isautomatic_6",
          "axis": [1.0,0.0,0.0]
        }
      ]
    },
    {
      "variable": "engine_amireallyautomatic",
      "maxValue": 1.0,
      "animations": [
        {
          "animationType": "translation",
          "variable": "generic_transmission_isautomatic_6",
          "axis": [0.0,0.0,1.0]
        },
        {
          "animationType": "translation",
          "variable": "generic_transmission_isdualclutch_6",
          "axis": [0.0,1.0,0.0]
        },
        {
          "animationType": "translation",
          "variable": "engine_isautomatic",
          "axis": [0.0,1.0,0.0]
        },
        {
          "animationType": "translation",
          "variable": "engine_isdualclutch",
          "axis": [0.0,1.0,0.0]
        }
      ]
    },
    {
      "variable": "engine_shift_up",
      "animations": [
        {
          "animationType": "visibility",
          "variable": "part_present_6"
        },
        {
          "animationType": "inhibitor",
          "variable": "engine_gear",
          "clampMin": -1.0
        },
        {
          "animationType": "translation",
          "variable": "false",
          "axis": [0.0,0.0,1.0]
        }
      ]
    },
    {
      "variable": "engine_shift_down",
      "animations": [
        {
          "animationType": "visibility",
          "variable": "part_present_6"
        },
        {
          "animationType": "inhibitor",
          "variable": "engine_gear",
          "clampMax": 1.0
        },
        {
          "animationType": "translation",
          "variable": "false",
          "axis": [0.0,0.0,1.0]
        }
      ]
    },
    {
      "variable": "engine_shift_up",
      "animations": [
        {
          "animationType": "visibility",
          "variable": "!part_present_6"
        },
        {
          "animationType": "inhibitor",
          "variable": "!engine_clutch_upshift"
        },
        {
          "animationType": "inhibitor",
          "variable": "!engine_clutch_downshift"
        },
        {
          "animationType": "translation",
          "variable": "generic_transmission_upshift_6",
          "axis": [0.0,1.0,0.0]
        },
        {
          "animationType": "activator",
          "variable": "true"
        },
        {
          "animationType": "inhibitor",
          "variable": "generic_transmission_gear_restrict_upshift_6"
        },
        {
          "animationType": "translation",
          "variable": "false",
          "axis": [0.0,0.0,1.0]
        }
      ]
    },
    {
      "variable": "engine_shift_down",
      "animations": [
        {
          "animationType": "visibility",
          "variable": "!part_present_6"
        },
        {
          "animationType": "inhibitor",
          "variable": "!engine_clutch_upshift"
        },
        {
          "animationType": "inhibitor",
          "variable": "!engine_clutch_downshift"
        },
        {
          "animationType": "translation",
          "variable": "generic_transmission_downshift_6",
          "axis": [0.0,1.0,0.0]
        },
        {
          "animationType": "activator",
          "variable": "true"
        },
        {
          "animationType": "inhibitor",
          "variable": "generic_transmission_gear_restrict_downshift_6"
        },
        {
          "animationType": "translation",
          "variable": "false",
          "axis": [0.0,0.0,1.0]
        }
      ]
    },
    {
      "variable": "currentGearRatio",
      "animations": [
        {
          "animationType": "visibility",
          "variable": "engine_amireallyautomatic"
        },
        {
          "animationType": "inhibitor",
          "variable": "part_present_6"
        },
        {
          "animationType": "translation",
          "variable": "generic_transmission_gear_ratio_6",
          "axis": [0.0,0.0,1.0]
        },
        {
          "animationType": "activator",
          "variable": "true"
        },
        {
          "animationType": "translation",
          "variable": "generic_engine_gearbox_3",
          "axis": [1.0,0.0,0.0],
          "offset": 1.0
        },
        {
          "animationType": "translation",
          "variable": "engine_clutching",
          "axis": [-1.0,0.0,0.0],
          "offset": 1.0
        },
        {
          "animationType": "inhibitor",
          "variable": "speed",
          "clampMin": 0.5,
          "clampMax": 32767.0
        },
        {
          "animationType": "translation",
          "variable": "!throttle",
          "axis": [-1.0,0.0,0.0],
          "offset": 1.0,
          "forwardsDelay": 3,
          "reverseDelay": 3
        },
        {
          "animationType": "activator",
          "variable": "true"
        },
        {
          "animationType": "inhibitor",
          "variable": "engine_rpm_percent_safe",
          "clampMin": 0.375,
          "clampMax": 32767.0
        },
        {
          "animationType": "translation",
          "variable": "!p_brake",
          "axis": [1.0,0.0,0.0]
        }
      ]
    },
    {
      "variable": "currentGearRatio",
      "animations": [
        {
          "animationType": "visibility",
          "variable": "engine_amireallyautomatic",
          "clampMin": 1.0,
          "clampMax": 1.0
        },
        {
          "animationType": "inhibitor",
          "variable": "part_present_6"
        },
        {
          "animationType": "translation",
          "variable": "generic_transmission_gear_ratio_6",
          "axis": [0.0,0.0,1.0]
        },
        {
          "animationType": "activator",
          "variable": "true"
        },
        {
          "animationType": "translation",
          "variable": "generic_engine_gearbox_3",
          "axis": [1.0,0.0,0.0],
          "offset": 1.0
        },
        {
          "animationType": "translation",
          "variable": "throttle",
          "axis": [0.25,0.0,0.0],
          "offset": 0.75,
          "duration": 6
        },
        {
          "animationType": "inhibitor",
          "variable": "engine_rpm_percent_safe",
          "clampMin": 0.375,
          "clampMax": 32767.0
        },
        {
          "animationType": "translation",
          "variable": "!p_brake",
          "axis": [1.0,0.0,0.0]
        }
      ]
    }
  ],
  "rendering": {
    "animatedObjects": [
      {
        "objectName": "turbo",
        "animations": [
          {
            "animationType": "visibility",
            "variable": "part_present_1",
            "clampMin": 1.0,
            "clampMax": 1.0
          }
        ]
      }
    ],
    "lightObjects": [],
    "customVariables": [
      "SILENT"
    ],
    "sounds": [
      {
        "name": "ivv:super1",
        "activeAnimations": [
          {
            "animationType": "visibility",
            "variable": "!speed"
          },
          {
            "animationType": "inhibitor",
            "variable": "generic_transmission_straightcut_6",
            "clampMin": 1.0,
            "clampMax": 1.0
          },
          {
            "animationType": "inhibitor",
            "variable": "parent_vehicle_engine_gear_straightcut",
            "clampMin": 1.0,
            "clampMax": 1.0
          },
          {
            "animationType": "visibility",
            "variable": "engine_reversed",
            "clampMin": 1.0,
            "clampMax": 1.0,
            "reverseDelay": 3
          }
        ],
        "volumeAnimations": [
          {
            "animationType": "translation",
            "variable": "speed",
            "axis": [0.0,0.1,0.0],
            "clampMax": 1.0
          },
          {
            "animationType": "translation",
            "variable": "slip",
            "axis": [0.0,0.0125,0.0],
            "clampMax": 0.5,
            "absolute": true
          },
          {
            "animationType": "translation",
            "variable": "engine_clutching",
            "axis": [0.0,-1.0,0.0],
            "duration": 3
          },
          {
            "animationType": "translation",
            "variable": "!throttle",
            "axis": [0.0,-0.375,0.0],
            "duration": 3
          }
        ],
        "pitchAnimations": [
          {
            "animationType": "translation",
            "variable": "engine_gear",
            "axis": [0.0,0.05,0.0],
            "absolute": true
          },
          {
            "animationType": "translation",
            "variable": "speed",
            "axis": [0.0,0.075,0.0],
            "offset": 0.1875
          },
          {
            "animationType": "translation",
            "variable": "slip",
            "axis": [0.0,0.0125,0.0],
            "absolute": true
          },
          {
            "animationType": "translation",
            "variable": "!throttle",
            "axis": [0.0,-0.125,0.0],
            "duration": 3
          }
        ],
        "looping": true,
        "minDistance": 0.0,
        "minDistanceVolume": 0.5,
        "middleDistance": 8.0,
        "middleDistanceVolume": 0.125,
        "maxDistance": 16.0,
        "maxDistanceVolume": 0.0
      },
      {
        "name": "ivv:transmissionfailshift1",
        "soundVariations": [
          "ivv:transmissionfailshift1",
          "ivv:transmissionfailshift2",
          "ivv:transmissionfailshift3",
          "ivv:transmissionfailshift4"
        ],
        "activeAnimations": [
          {
            "animationType": "visibility",
            "variable": "engine_badshift",
            "clampMin": 1.0,
            "clampMax": 1.0
          }
        ],
        "pitchAnimations": [
          {
            "animationType": "translation",
            "variable": "random",
            "axis": [0.0,0.125,0.0],
            "offset": -0.0625
          },
          {
            "animationType": "translation",
            "variable": "speed",
            "axis": [0.0,0.0125,0.0],
            "offset": 0.75,
            "clampMin": 0.875,
            "clampMax": 2.0
          }
        ],
        "forceSound": true,
        "minDistance": 0.0,
        "minDistanceVolume": 1.0,
        "middleDistance": 8.0,
        "middleDistanceVolume": 0.25,
        "maxDistance": 32.0,
        "maxDistanceVolume": 0.0
      },
      {
        "name": "ivv:transmissionautoselectup",
        "activeAnimations": [
          {
            "animationType": "visibility",
            "variable": "engine_amireallyautomatic",
            "clampMin": 1.0,
            "clampMax": 1.0
          },
          {
            "animationType": "inhibitor",
            "variable": "engine_gear",
            "clampMin": 2.0,
            "clampMax": 127.0
          },
          {
            "animationType": "visibility",
            "variable": "engine_clutch_upshift",
            "clampMin": 1.0,
            "clampMax": 127.0
          }
        ],
        "minDistance": 0.0,
        "minDistanceVolume": 0.0,
        "middleDistance": 0.0,
        "middleDistanceVolume": 0.0,
        "maxDistance": 16.0,
        "maxDistanceVolume": 0.0
      },
      {
        "name": "ivv:transmissionautoselectdown",
        "activeAnimations": [
          {
            "animationType": "visibility",
            "variable": "engine_amireallyautomatic",
            "clampMin": 1.0,
            "clampMax": 1.0
          },
          {
            "animationType": "inhibitor",
            "variable": "engine_gear",
            "clampMin": 1.0,
            "clampMax": 127.0
          },
          {
            "animationType": "inhibitor",
            "variable": "engine_gear",
            "clampMin": -127.0,
            "clampMax": -2.0
          },
          {
            "animationType": "visibility",
            "variable": "engine_clutch_downshift",
            "clampMin": 1.0,
            "clampMax": 1.0
          }
        ],
        "minDistance": 0.0,
        "minDistanceVolume": 0.0,
        "middleDistance": 0.0,
        "middleDistanceVolume": 0.0,
        "maxDistance": 16.0,
        "maxDistanceVolume": 0.0
      },
      {
        "name": "ivv:transmissionautoshiftup",
        "activeAnimations": [
          {
            "animationType": "visibility",
            "variable": "engine_clutch_upshift",
            "clampMin": 1.0,
            "clampMax": 1.0,
            "forwardsDelay": 2
          },
          {
            "animationType": "visibility",
            "variable": "engine_amireallyautomatic",
            "clampMin": 1.0,
            "clampMax": 1.0
          }
        ],
        "minDistance": 0.0,
        "minDistanceVolume": 0.0,
        "middleDistance": 0.0,
        "middleDistanceVolume": 0.0,
        "maxDistance": 16.0,
        "maxDistanceVolume": 0.0
      },
      {
        "name": "ivv:transmissionautoshiftdown",
        "activeAnimations": [
          {
            "animationType": "visibility",
            "variable": "engine_clutch_downshift",
            "clampMin": 1.0,
            "clampMax": 1.0,
            "forwardsDelay": 2
          },
          {
            "animationType": "visibility",
            "variable": "engine_amireallyautomatic",
            "clampMin": 1.0,
            "clampMax": 1.0
          }
        ],
        "minDistance": 0.0,
        "minDistanceVolume": 0.0,
        "middleDistance": 0.0,
        "middleDistanceVolume": 0.0,
        "maxDistance": 16.0,
        "maxDistanceVolume": 0.0
      },
      {
        "name": "ivv:transmissionmanualshift1",
        "soundVariations": [
          "ivv:transmissionmanualshift1",
          "ivv:transmissionmanualshift2",
          "ivv:transmissionmanualshift3",
          "ivv:transmissionmanualshift4"
        ],
        "activeAnimations": [
          {
            "animationType": "visibility",
            "variable": "engine_clutching",
            "clampMin": 1.0,
            "clampMax": 1.0
          },
          {
            "animationType": "visibility",
            "variable": "engine_amireallyautomatic"
          }
        ],
        "minDistance": 0.0,
        "minDistanceVolume": 0.0,
        "middleDistance": 0.0,
        "middleDistanceVolume": 0.0,
        "maxDistance": 16.0,
        "maxDistanceVolume": 0.0
      },
      {
        "name": "ivv:enginebackfire1",
        "soundVariations": [
          "ivv:enginebackfire1",
          "ivv:enginebackfire2",
          "ivv:enginebackfire3",
          "ivv:enginebackfire4",
          "ivv:enginebackfire5",
          "ivv:enginebackfire6"
        ],
        "activeAnimations": [
          {
            "animationType": "visibility",
            "variable": "engine_revlimit_backfire",
            "clampMin": 1.0,
            "clampMax": 1.0
          }
        ],
        "pitchAnimations": [
          {
            "animationType": "translation",
            "variable": "random",
            "axis": [0.0,0.25,0.0],
            "offset": 0.875
          }
        ],
        "minDistance": 0.0,
        "minDistanceVolume": 1.0,
        "middleDistance": 32.0,
        "middleDistanceVolume": 0.25,
        "maxDistance": 64.0,
        "maxDistanceVolume": 0.0
      },
      {
        "name": "ivv:enginesputter1",
        "soundVariations": [
          "ivv:enginesputter1",
          "ivv:enginesputter2",
          "ivv:enginesputter3",
          "ivv:enginesputter4"
        ],
        "activeAnimations": [
          {
            "animationType": "visibility",
            "variable": "engine_hours",
            "clampMax": 750.0
          },
          {
            "animationType": "visibility",
            "variable": "engine_backfired",
            "clampMin": 1.0,
            "clampMax": 1.0
          }
        ],
        "pitchAnimations": [
          {
            "animationType": "translation",
            "variable": "random",
            "axis": [0.0,0.5,0.0],
            "offset": 0.75
          }
        ],
        "forceSound": true,
        "minDistance": 0.0,
        "minDistanceVolume": 1.0,
        "middleDistance": 16.0,
        "middleDistanceVolume": 0.25,
        "maxDistance": 32.0,
        "maxDistanceVolume": 0.0
      },
      {
        "name": "ivv:enginesputterbig1",
        "soundVariations": [
          "ivv:enginesputterbig1",
          "ivv:enginesputterbig2",
          "ivv:enginesputterbig3",
          "ivv:enginesputterbig4"
        ],
        "activeAnimations": [
          {
            "animationType": "visibility",
            "variable": "engine_hours",
            "clampMin": 750.0,
            "clampMax": 10000.0
          },
          {
            "animationType": "visibility",
            "variable": "engine_backfired",
            "clampMin": 1.0,
            "clampMax": 1.0
          }
        ],
        "pitchAnimations": [
          {
            "animationType": "translation",
            "variable": "random",
            "axis": [0.0,0.125,0.0],
            "offset": 0.9375
          }
        ],
        "forceSound": true,
        "minDistance": 0.0,
        "minDistanceVolume": 1.0,
        "middleDistance": 32.0,
        "middleDistanceVolume": 0.25,
        "maxDistance": 64.0,
        "maxDistanceVolume": 0.0
      },
      {
        "name": "ivv:enginesputterfuel",
        "activeAnimations": [
          {
            "animationType": "visibility",
            "variable": "fuel"
          },
          {
            "animationType": "visibility",
            "variable": "engine_running"
          }
        ],
        "pitchAnimations": [
          {
            "animationType": "translation",
            "variable": "random",
            "axis": [0.0,0.25,0.0],
            "offset": 0.875
          }
        ],
        "minDistance": 0.0,
        "minDistanceVolume": 1.0,
        "middleDistance": 16.0,
        "middleDistanceVolume": 0.25,
        "maxDistance": 32.0,
        "maxDistanceVolume": 0.0
      },
      {
        "name": "ivv:engineplinkaplink",
        "activeAnimations": [
          {
            "animationType": "visibility",
            "variable": "engine_powered",
            "clampMin": 1.0,
            "clampMax": 1.0,
            "reverseDelay": 600
          }
        ],
        "volumeAnimations": [
          {
            "animationType": "translation",
            "variable": "engine_running",
            "axis": [0.0,-0.75,0.0],
            "offset": 1.0
          }
        ],
        "pitchAnimations": [
          {
            "animationType": "translation",
            "variable": "random",
            "axis": [0.0,0.125,0.0],
            "offset": -0.0625
          },
          {
            "animationType": "translation",
            "variable": "engine_temp",
            "axis": [0.0,0.00625,0.0],
            "offset": 0.375,
            "clampMin": 0.5,
            "clampMax": 2.0
          }
        ],
        "looping": true,
        "minDistance": 0.0,
        "minDistanceVolume": 1.0,
        "middleDistance": 12.0,
        "middleDistanceVolume": 0.25,
        "maxDistance": 32.0,
        "maxDistanceVolume": 0.0
      },
      {
        "name": "ivv:hydraulicsupercushion",
        "activeAnimations": [
          {
            "animationType": "visibility",
            "variable": "engine_powered",
            "clampMin": 1.0,
            "clampMax": 1.0,
            "reverseDelay": 100
          },
          {
            "animationType": "inhibitor",
            "variable": "!parent_damage_totaled"
          },
          {
            "animationType": "visibility",
            "variable": "parent_damage_percent",
            "clampMin": 0.75,
            "clampMax": 1.0
          }
        ],
        "volumeAnimations": [
          {
            "animationType": "translation",
            "variable": "!engine_powered",
            "axis": [0.0,0.25,0.0],
            "offset": 0.25,
            "duration": 10
          }
        ],
        "pitchAnimations": [
          {
            "animationType": "translation",
            "variable": "engine_powered",
            "axis": [0.0,0.125,0.0],
            "offset": 1.125,
            "duration": 10
          }
        ],
        "looping": true,
        "minDistance": 0.0,
        "minDistanceVolume": 1.0,
        "middleDistance": 4.0,
        "middleDistanceVolume": 0.25,
        "maxDistance": 16.0,
        "maxDistanceVolume": 0.0
      },
      {
        "name": "ivv:enginepressurehiss",
        "activeAnimations": [
          {
            "animationType": "visibility",
            "variable": "engine_powered",
            "reverseDelay": 100
          },
          {
            "animationType": "inhibitor",
            "variable": "!parent_damage_totaled"
          },
          {
            "animationType": "visibility",
            "variable": "parent_damage_percent",
            "clampMin": 0.75,
            "clampMax": 1.0
          }
        ],
        "minDistance": 0.0,
        "minDistanceVolume": 0.0,
        "middleDistance": 0.0,
        "middleDistanceVolume": 0.0,
        "maxDistance": 16.0,
        "maxDistanceVolume": 0.0
      },
      {
        "name": "ivv:jumpercable",
        "activeAnimations": [
          {
            "animationType": "visibility",
            "variable": "engine_jumper_cable",
            "clampMin": 1.0,
            "clampMax": 1.0
          }
        ],
        "pitchAnimations": [
          {
            "animationType": "translation",
            "variable": "tick_sin",
            "axis": [0.0,0.0625,0.0],
            "offset": 1.0
          },
          {
            "animationType": "translation",
            "variable": "random",
            "axis": [0.0,0.0625,0.0],
            "offset": -0.0375
          }
        ],
        "minDistance": 0.0,
        "minDistanceVolume": 0.0,
        "middleDistance": 0.0,
        "middleDistanceVolume": 0.0,
        "maxDistance": 16.0,
        "maxDistanceVolume": 0.0
      },
      {
        "name": "ivv:engineoverrev",
        "activeAnimations": [
          {
            "animationType": "visibility",
            "variable": "engine_powered",
            "clampMin": 1.0,
            "clampMax": 1.0
          }
        ],
        "volumeAnimations": [
          {
            "animationType": "translation",
            "variable": "engine_rpm_percent_safe",
            "axis": [0.0,10.0,0.0],
            "offset": -10.0
          }
        ],
        "pitchAnimations": [
          {
            "animationType": "translation",
            "variable": "engine_rpm_percent_safe",
            "axis": [0.0,4.0,0.0],
            "offset": -3.5,
            "clampMax": 4.0
          }
        ],
        "looping": true,
        "minDistance": 0.0,
        "minDistanceVolume": 0.0,
        "middleDistance": 0.0,
        "middleDistanceVolume": 0.0,
        "maxDistance": 16.0,
        "maxDistanceVolume": 0.0
      },
      {
        "name": "ivv:enginehourrattle",
        "activeAnimations": [
          {
            "animationType": "visibility",
            "variable": "engine_powered",
            "clampMin": 1.0,
            "clampMax": 1.0
          },
          {
            "animationType": "inhibitor",
            "variable": "parent_damage_percent",
            "clampMin": 0.5,
            "clampMax": 1.0
          },
          {
            "animationType": "visibility",
            "variable": "engine_hours",
            "clampMin": 500.0,
            "clampMax": 999999.0
          }
        ],
        "volumeAnimations": [
          {
            "animationType": "translation",
            "variable": "throttle",
            "axis": [0.0,-1.5,0.0],
            "offset": 1.0,
            "duration": 10
          },
          {
            "animationType": "translation",
            "variable": "engine_rpm_percent",
            "axis": [0.0,1.75,0.0],
            "offset": -1.25,
            "clampMax": 1.5
          }
        ],
        "pitchAnimations": [
          {
            "animationType": "translation",
            "variable": "throttle",
            "axis": [0.0,0.25,0.0],
            "offset": 0.75,
            "duration": 20
          }
        ],
        "looping": true,
        "minDistance": 0.0,
        "minDistanceVolume": 0.0,
        "middleDistance": 0.0,
        "middleDistanceVolume": 0.0,
        "maxDistance": 16.0,
        "maxDistanceVolume": 0.0
      },
      {
        "name": "ivv:engineclunk",
        "activeAnimations": [
          {
            "animationType": "visibility",
            "variable": "engine_powered",
            "clampMin": 1.0,
            "clampMax": 1.0,
            "reverseDelay": 20
          },
          {
            "animationType": "inhibitor",
            "variable": "parent_damage_percent",
            "clampMin": 0.875,
            "clampMax": 1.0
          },
          {
            "animationType": "visibility",
            "variable": "engine_hours",
            "clampMin": 500.0,
            "clampMax": 999999.0
          }
        ],
        "volumeAnimations": [
          {
            "animationType": "translation",
            "variable": "engine_powered",
            "axis": [0.0,1.0,0.0],
            "duration": 10,
            "reverseDelay": 10
          },
          {
            "animationType": "translation",
            "variable": "throttle",
            "axis": [0.0,-0.375,0.0],
            "duration": 10
          },
          {
            "animationType": "translation",
            "variable": "throttle",
            "axis": [0.0,-0.375,0.0]
          },
          {
            "animationType": "translation",
            "variable": "engine_rpm_percent",
            "axis": [0.0,-0.25,0.0]
          }
        ],
        "pitchAnimations": [
          {
            "animationType": "translation",
            "variable": "engine_rpm_percent",
            "axis": [0.0,1.0,0.0],
            "offset": 0.9375
          },
          {
            "animationType": "translation",
            "variable": "tick_sin",
            "axis": [0.0,0.0625,0.0]
          }
        ],
        "looping": true,
        "minDistance": 0.0,
        "minDistanceVolume": 0.0,
        "middleDistance": 0.0,
        "middleDistanceVolume": 0.0,
        "maxDistance": 16.0,
        "maxDistanceVolume": 0.0
      },
      {
        "name": "ivv:crankmedian2start",
        "activeAnimations": [
          {
            "animationType": "visibility",
            "variable": "engine_starter",
            "clampMin": 1.0,
            "clampMax": 1.0
          }
        ],
        "minDistance": 0.0,
        "minDistanceVolume": 0.0,
        "middleDistance": 0.0,
        "middleDistanceVolume": 0.0,
        "maxDistance": 16.0,
        "maxDistanceVolume": 0.0
      },
      {
        "name": "ivv:crankmedian2",
        "activeAnimations": [
          {
            "animationType": "visibility",
            "variable": "engine_starter",
            "clampMin": 1.0,
            "clampMax": 1.0,
            "forwardsDelay": 15
          }
        ],
        "volumeAnimations": [
          {
            "animationType": "translation",
            "variable": "electric_power",
            "axis": [0.0,0.25,0.0],
            "offset": 1.0,
            "clampMin": 1.0,
            "clampMax": 1.0
          }
        ],
        "pitchAnimations": [
          {
            "animationType": "translation",
            "variable": "electric_power",
            "axis": [0.0,0.0,0.0],
            "offset": 1.0,
            "clampMin": 1.0,
            "clampMax": 1.0
          }
        ],
        "looping": true,
        "minDistance": 0.0,
        "minDistanceVolume": 0.0,
        "middleDistance": 0.0,
        "middleDistanceVolume": 0.0,
        "maxDistance": 16.0,
        "maxDistanceVolume": 0.0
      },
      {
        "name": "ivv:crankmedian2stop",
        "activeAnimations": [
          {
            "animationType": "visibility",
            "variable": "engine_starter"
          }
        ],
        "minDistance": 0.0,
        "minDistanceVolume": 0.0,
        "middleDistance": 0.0,
        "middleDistanceVolume": 0.0,
        "maxDistance": 16.0,
        "maxDistanceVolume": 0.0
      },
      {
        "name": "ivv:v6idling",
        "activeAnimations": [
          {
            "animationType": "visibility",
            "variable": "engine_powered",
            "clampMin": 1.0,
            "clampMax": 1.0
          },
          {
            "animationType": "visibility",
            "variable": "SILENT"
          }
        ],
        "volumeAnimations": [
          {
            "animationType": "translation",
            "variable": "throttle",
            "axis": [0.0,-0.25,0.0],
            "duration": 4
          },
          {
            "animationType": "translation",
            "variable": "throttle",
            "axis": [0.0,-0.25,0.0]
          },
          {
            "animationType": "translation",
            "variable": "engine_rpm_percent_safe",
            "axis": [0.0,0.375,0.0],
            "offset": 0.625
          }
        ],
        "pitchAnimations": [
          {
            "animationType": "translation",
            "variable": "throttle",
            "axis": [0.0,0.025,0.0],
            "offset": -0.025,
            "duration": 4
          },
          {
            "animationType": "translation",
            "variable": "throttle",
            "axis": [0.0,0.025,0.0],
            "offset": -0.025
          },
          {
            "animationType": "translation",
            "variable": "engine_rpm_percent_safe",
            "axis": [0.0,4.0,0.0],
            "offset": 0.5
          }
        ],
        "looping": true,
        "minDistance": 0.0,
        "minDistanceVolume": 1.0,
        "middleDistance": 32.0,
        "middleDistanceVolume": 0.125,
        "maxDistance": 64.0,
        "maxDistanceVolume": 0.0
      },
      {
        "name": "ivv:v6load",
        "activeAnimations": [
          {
            "animationType": "visibility",
            "variable": "engine_powered",
            "clampMin": 1.0,
            "clampMax": 1.0
          },
          {
            "animationType": "visibility",
            "variable": "SILENT"
          }
        ],
        "volumeAnimations": [
          {
            "animationType": "translation",
            "variable": "throttle",
            "axis": [0.0,0.25,0.0],
            "duration": 4
          },
          {
            "animationType": "translation",
            "variable": "throttle",
            "axis": [0.0,0.25,0.0]
          },
          {
            "animationType": "translation",
            "variable": "engine_rpm_percent_safe",
            "axis": [0.0,0.5,0.0]
          }
        ],
        "pitchAnimations": [
          {
            "animationType": "translation",
            "variable": "throttle",
            "axis": [0.0,0.025,0.0],
            "offset": -0.025,
            "duration": 4
          },
          {
            "animationType": "translation",
            "variable": "throttle",
            "axis": [0.0,0.025,0.0],
            "offset": -0.025
          },
          {
            "animationType": "translation",
            "variable": "engine_rpm_percent_safe",
            "axis": [0.0,3.5,0.0]
          }
        ],
        "looping": true,
        "minDistance": 0.0,
        "minDistanceVolume": 1.0,
        "middleDistance": 32.0,
        "middleDistanceVolume": 0.125,
        "maxDistance": 64.0,
        "maxDistanceVolume": 0.0
      },
      {
        "name": "ivv:turbo1",
        "activeAnimations": [
          {
            "animationType": "visibility",
            "variable": "part_present_1",
            "clampMin": 1.0,
            "clampMax": 1.0
          },
          {
            "animationType": "visibility",
            "variable": "engine_powered",
            "clampMin": 1.0,
            "clampMax": 1.0
          }
        ],
        "volumeAnimations": [
          {
            "animationType": "translation",
            "variable": "throttle",
            "axis": [0.0,0.375,0.0],
            "offset": -0.1875,
            "clampMax": 0.1875,
            "duration": 16
          },
          {
            "animationType": "translation",
            "variable": "throttle",
            "axis": [0.0,0.375,0.0],
            "offset": -0.1875,
            "clampMax": 0.1875
          },
          {
            "animationType": "translation",
            "variable": "engine_rpm_percent_safe",
            "axis": [0.0,0.75,0.0],
            "offset": -0.375,
            "clampMax": 0.375
          }
        ],
        "pitchAnimations": [
          {
            "animationType": "translation",
            "variable": "throttle",
            "axis": [0.0,0.175,0.0],
            "offset": 1.0,
            "duration": 25
          },
          {
            "animationType": "translation",
            "variable": "engine_rpm_percent_safe",
            "axis": [0.0,0.375,0.0],
            "offset": -0.125
          }
        ],
        "looping": true,
        "minDistance": 0.0,
        "minDistanceVolume": 0.0,
        "middleDistance": 0.0,
        "middleDistanceVolume": 0.0,
        "maxDistance": 32.0,
        "maxDistanceVolume": 0.0
      },
      {
        "name": "ivv:turboworble2",
        "activeAnimations": [
          {
            "animationType": "visibility",
            "variable": "part_present_1",
            "clampMin": 1.0,
            "clampMax": 1.0
          },
          {
            "animationType": "inhibitor",
            "variable": "engine_rpm_percent_safe",
            "clampMax": 0.425
          },
          {
            "animationType": "visibility",
            "variable": "throttle",
            "clampMax": 0.4,
            "forwardsDelay": 16,
            "reverseDelay": 2
          }
        ],
        "volumeAnimations": [
          {
            "animationType": "translation",
            "variable": "engine_rpm_percent_safe",
            "axis": [0.0,0.75,0.0],
            "offset": 0.25
          }
        ],
        "pitchAnimations": [
          {
            "animationType": "translation",
            "variable": "engine_rpm_percent_safe",
            "axis": [0.0,0.125,0.0],
            "offset": 0.875
          },
          {
            "animationType": "translation",
            "variable": "random",
            "axis": [0.0,0.25,0.0],
            "offset": -0.125
          }
        ],
        "minDistance": 0.0,
        "minDistanceVolume": 0.0,
        "middleDistance": 0.0,
        "middleDistanceVolume": 0.0,
        "maxDistance": 32.0,
        "maxDistanceVolume": 0.0
      }
    ],
    "particles": [
      {
        "type": "flame",
        "spawningOrientation": "entity",
        "renderingOrientation": "player",
        "quantity": 2,
        "duration": 40,
        "transparency": 1.0,
        "fadeTransparencyTime": 20,
        "scale": 0.6,
        "toScale": 0.8,
        "hitboxSize": 0.2,
        "color": "FFFFFF",
        "pos": [0.0,0.0,0.625],
        "spreadRandomness": [0.0,0.25,0.375],
        "initialVelocity": [0.0,0.0,0.375],
        "activeAnimations": [
          {
            "animationType": "visibility",
            "variable": "2_4_2_cycle",
            "clampMin": 1.0,
            "clampMax": 1.0
          },
          {
            "animationType": "visibility",
            "variable": "engine_powered",
            "clampMin": 1.0,
            "clampMax": 1.0
          },
          {
            "animationType": "inhibitor",
            "variable": "!parent_damage_totaled"
          },
          {
            "animationType": "visibility",
            "variable": "parent_damage_percent",
            "clampMin": 0.875,
            "clampMax": 1.0
          }
        ]
      },
      {
        "type": "smoke",
        "spawningOrientation": "entity",
        "renderingOrientation": "player",
        "quantity": 4,
        "duration": 60,
        "transparency": 0.75,
        "toTransparency": 0.01,
        "scale": 0.8,
        "toScale": 1.6,
        "hitboxSize": 0.2,
        "color": "555555",
        "pos": [0.0,0.0,0.625],
        "spreadRandomness": [0.0,0.25,1.0],
        "initialVelocity": [0.0,0.0,1.5],
        "activeAnimations": [
          {
            "animationType": "visibility",
            "variable": "1_2_1_cycle",
            "clampMin": 1.0,
            "clampMax": 1.0
          },
          {
            "animationType": "visibility",
            "variable": "engine_powered",
            "clampMin": 1.0,
            "clampMax": 1.0,
            "reverseDelay": 100
          },
          {
            "animationType": "inhibitor",
            "variable": "!parent_damage_totaled"
          },
          {
            "animationType": "visibility",
            "variable": "parent_damage_percent",
            "clampMin": 0.75,
            "clampMax": 1.0
          }
        ]
      },
      {
        "type": "smoke",
        "spawningOrientation": "entity",
        "renderingOrientation": "player",
        "quantity": 8,
        "duration": 40,
        "transparency": 0.75,
        "toTransparency": 0.01,
        "scale": 1.2,
        "toScale": 2.4,
        "hitboxSize": 0.2,
        "color": "888888",
        "pos": [0.0,0.0,0.625],
        "spreadRandomness": [0.0,1.0,6.0],
        "initialVelocity": [0.0,0.0,0.75],
        "activeAnimations": [
          {
            "animationType": "visibility",
            "variable": "engine_powered",
            "reverseDelay": 100
          },
          {
            "animationType": "inhibitor",
            "variable": "!parent_damage_totaled"
          },
          {
            "animationType": "visibility",
            "variable": "parent_damage_percent",
            "clampMin": 0.75,
            "clampMax": 1.0
          }
        ]
      },
      {
        "type": "generic",
        "spawningOrientation": "entity",
        "renderingOrientation": "player",
        "quantity": 12,
        "duration": 20,
        "transparency": 0.5,
        "fadeTransparencyTime": 10,
        "scale": 0.0375,
        "toScale": 0.075,
        "hitboxSize": 0.1,
        "texture": "ivv:textures/particles/pattern7.png",
        "color": "EDAC28",
        "pos": [0.0,0.25,0.375],
        "spreadRandomness": [0.5,0.5,0.25],
        "initialVelocity": [0.0,0.625,0.125],
        "movementVelocity": [0.0,-0.01,0.0],
        "terminalVelocity": [2048.0,2048.0,2048.0],
        "activeAnimations": [
          {
            "animationType": "visibility",
            "variable": "engine_jumper_cable",
            "clampMin": 1.0,
            "clampMax": 1.0
          }
        ]
      },
      {
        "type": "smoke",
        "spawnEveryTick": true,
        "spawningOrientation": "entity",
        "renderingOrientation": "player",
        "quantity": 2,
        "duration": 60,
        "transparency": 0.375,
        "toTransparency": 0.01,
        "scale": 0.5,
        "toScale": 1.0,
        "hitboxSize": 0.2,
        "color": "F0F0F0",
        "pos": [0.0,0.25,0.375],
        "spreadRandomness": [0.25,0.25,0.25],
        "initialVelocity": [0.0,0.0,0.25],
        "activeAnimations": [
          {
            "animationType": "visibility",
            "variable": "engine_temp",
            "clampMin": 115.556,
            "clampMax": 121.111
          }
        ]
      },
      {
        "type": "smoke",
        "spawnEveryTick": true,
        "spawningOrientation": "entity",
        "renderingOrientation": "player",
        "quantity": 4,
        "duration": 80,
        "transparency": 0.75,
        "toTransparency": 0.01,
        "scale": 0.375,
        "toScale": 1.5,
        "hitboxSize": 0.2,
        "color": "2F2F2F",
        "pos": [0.0,0.25,0.375],
        "spreadRandomness": [0.25,0.25,0.25],
        "initialVelocity": [0.0,0.0,0.25],
        "activeAnimations": [
          {
            "animationType": "visibility",
            "variable": "engine_temp",
            "clampMin": 121.111,
            "clampMax": 1000.0
          }
        ]
      },
      {
        "type": "flame",
        "spawningOrientation": "entity",
        "renderingOrientation": "player",
        "quantity": 2,
        "duration": 40,
        "transparency": 1.0,
        "fadeTransparencyTime": 20,
        "scale": 0.6,
        "toScale": 0.8,
        "hitboxSize": 0.2,
        "color": "FFFFFF",
        "pos": [0.0,0.0,0.625],
        "spreadRandomness": [0.0,0.25,0.375],
        "initialVelocity": [0.0,0.0,0.375],
        "activeAnimations": [
          {
            "animationType": "visibility",
            "variable": "engine_temp",
            "clampMin": 132.0,
            "clampMax": 1000.0
          },
          {
            "animationType": "visibility",
            "variable": "2_4_2_cycle",
            "clampMin": 1.0,
            "clampMax": 1.0
          },
          {
            "animationType": "visibility",
            "variable": "engine_powered",
            "clampMin": 1.0,
            "clampMax": 1.0
          }
        ]
      }
    ],
    "modelType": "obj"
  },
  "general": {
    "description": "4.0L0V Experimental Motor\nUsed for testing and showcasing of work-in-progress features",
    "health": 100,
    "materialLists": [
      [
        "minecraft:barrier:0:1"
      ]
    ],
    "repairMaterialLists": [
      [
        "mts:ivv.oilcan:0:1",
        "mts:ivv.tape:0:1"
      ]
    ],
    "radarWidth": 0.0,
    "radarRange": 0.0
  }
}
