{
  "generic": {
    "type": "generic_engine_ecu_electric",
    "forwardsDamageMultiplier": 0.0,
    "width": 0.375,
    "height": 0.25
  },
  "definitions": [
    {
      "subName": "",
      "name": "Standard Electric Motor Soundbox",
      "extraMaterialLists": [
        []
      ]
    }
  ],
  "rendering": {
    "lightObjects": [],
    "sounds": [
      {
        "name": "ivv:electricparkinglothum",
        "activeAnimations": [
          {
            "animationType": "visibility",
            "variable": "speed",
            "clampMin": -1.0,
            "clampMax": 7.0
          },
          {
            "animationType": "visibility",
            "variable": "engine_powered",
            "clampMin": 1.0,
            "clampMax": 1.0
          },
          {
            "animationType": "visibility",
            "variable": "!engine_gear",
            "forwardsDelay": -10,
            "reverseDelay": 10
          }
        ],
        "volumeAnimations": [
          {
            "animationType": "translation",
            "variable": "!engine_gear",
            "axis": [0.0,-1.0,0.0],
            "offset": 6.0,
            "clampMax": 1.0,
            "duration": 10
          },
          {
            "animationType": "translation",
            "variable": "speed",
            "axis": [0.0,-1.0,0.0],
            "offset": 6.0,
            "clampMax": 1.0
          }
        ],
        "looping": true,
        "minDistance": 0.0,
        "minDistanceVolume": 0.0,
        "middleDistance": 0.0,
        "middleDistanceVolume": 0.0,
        "maxDistance": 16.0,
        "maxDistanceVolume": 0.0
      }
    ],
    "particles": [],
    "modelType": "obj"
  },
  "general": {
    "name": "Engine Control Unit",
    "description": "Adds some much-needed sound to your electric car!\n§5§oCrafted in the Engine Hoist bench",
    "stackSize": 64,
    "health": 100,
    "materialLists": [
      [
        "mts:ivv.circuit:-1:2"
      ]
    ],
    "radarWidth": 0.0,
    "radarRange": 0.0
  }
}