{
  "generic": {
    "type": "generic_engine_ecu_electric",
    "forwardsDamageMultiplier": 0.0,
    "width": 0.375,
    "height": 0.25
  },
  "definitions": [
    {
      "subName": "",
      "name": "Spaceship Electric Motor Soundbox",
      "extraMaterialLists": [
        []
      ]
    }
  ],
  "variableModifiers": [
    {
      "variable": "sim_engine_gear",
      "minValue": 1.0,
      "maxValue": 4.0,
      "animations": [
        {
          "animationType": "visibility",
          "variable": "unused",
          "clampMin": 1.0,
          "clampMax": 1.0
        },
        {
          "animationType": "translation",
          "variable": "kitt_is_the_coolest_car_in_mts_period",
          "axis": [0.0,0.0,1.0]
        }
      ]
    },
    {
      "variable": "sim_engine_rpm_percent",
      "animations": [
        {
          "animationType": "translation",
          "variable": "engine_rpm_percent",
          "axis": [0.0,0.0,1.0]
        }
      ]
    }
  ],
  "rendering": {
    "lightObjects": [],
    "sounds": [
      {
        "name": "ivv:spaceship_low",
        "activeAnimations": [
          {
            "animationType": "visibility",
            "variable": "engine_powered",
            "clampMin": 1.0,
            "clampMax": 1.0
          }
        ],
        "volumeAnimations": [
          {
            "animationType": "translation",
            "variable": "sim_engine_rpm_percent",
            "axis": [0.0,-0.875,0.0],
            "offset": 1.0
          }
        ],
        "pitchAnimations": [
          {
            "animationType": "translation",
            "variable": "sim_engine_rpm_percent",
            "axis": [0.0,5.0,0.0],
            "offset": 1.0
          }
        ],
        "looping": true,
        "minDistance": 0.0,
        "minDistanceVolume": 0.0,
        "middleDistance": 0.0,
        "middleDistanceVolume": 0.0,
        "maxDistance": 16.0,
        "maxDistanceVolume": 0.0
      },
      {
        "name": "ivv:spaceship_high",
        "activeAnimations": [
          {
            "animationType": "visibility",
            "variable": "engine_powered",
            "clampMin": 1.0,
            "clampMax": 1.0
          }
        ],
        "volumeAnimations": [
          {
            "animationType": "translation",
            "variable": "throttle",
            "axis": [0.0,0.25,0.0],
            "offset": 0.75
          }
        ],
        "pitchAnimations": [
          {
            "animationType": "translation",
            "variable": "sim_engine_rpm_percent",
            "axis": [0.0,1.5,0.0],
            "clampMax": 1.0
          },
          {
            "animationType": "translation",
            "variable": "sim_engine_rpm_percent",
            "axis": [0.0,2.0,0.0],
            "offset": -1.5,
            "clampMin": 1.25E-4,
            "clampMax": 0.5
          }
        ],
        "looping": true,
        "minDistance": 0.0,
        "minDistanceVolume": 0.0,
        "middleDistance": 0.0,
        "middleDistanceVolume": 0.0,
        "maxDistance": 16.0,
        "maxDistanceVolume": 0.0
      }
    ],
    "particles": [],
    "modelType": "obj"
  },
  "general": {
    "name": "Engine Control Unit",
    "description": "Adds some much-needed sound to your electric car!\n§5§oCrafted in the Engine Hoist bench",
    "stackSize": 64,
    "health": 100,
    "materialLists": [
      [
        "mts:ivv.circuit:-1:2"
      ]
    ],
    "radarWidth": 0.0,
    "radarRange": 0.0
  }
}