{
  "generic": {
    "type": "engine_rocket",
    "forwardsDamageMultiplier": 1.0,
    "mass": 135
  },
  "engine": {
    "type": "rocket",
    "starterPower": 250,
    "shiftSpeed": 50,
    "revResistance": 3,
    "maxRPM": 10000,
    "maxSafeRPM": 10000,
    "idleRPM": 5000,
    "startRPM": 4000,
    "revlimitRPM": -1,
    "revlimitBounce": 1,
    "stallRPM": 2000,
    "engineWinddownRate": 150,
    "rocketFuel": 600,
    "heatingCoefficient": 1.5,
    "coolingCoefficient": 5.0,
    "engineWearFactor": 4.0,
    "fuelConsumption": 2.0,
    "jetPowerFactor": 1.5,
    "bypassRatio": 5.0,
    "gearRatios": [-1.0,0.0,1.0],
    "fuelType": "avgas",
    "isCrankingNotPitched": true
  },
  "definitions": [
    {
      "subName": "",
      "name": "Rocket Engine",
      "extraMaterialLists": [
        []
      ]
    }
  ],
  "rendering": {
    "lightObjects": [],
    "sounds": [
      {
        "name": "ivv:rocket_starting",
        "activeAnimations": [
          {
            "animationType": "visibility",
            "variable": "engine_running",
            "clampMin": 1.0,
            "clampMax": 1.0
          }
        ],
        "minDistance": 0.0,
        "minDistanceVolume": 0.0,
        "middleDistance": 0.0,
        "middleDistanceVolume": 0.0,
        "maxDistance": 0.0,
        "maxDistanceVolume": 0.0
      },
      {
        "name": "ivv:rocket_stopping",
        "activeAnimations": [
          {
            "animationType": "visibility",
            "variable": "engine_running"
          }
        ],
        "minDistance": 0.0,
        "minDistanceVolume": 0.0,
        "middleDistance": 0.0,
        "middleDistanceVolume": 0.0,
        "maxDistance": 0.0,
        "maxDistanceVolume": 0.0
      },
      {
        "name": "ivv:rocket_sputter",
        "activeAnimations": [
          {
            "animationType": "visibility",
            "variable": "engine_backfired",
            "clampMin": 1.0,
            "clampMax": 1.0
          }
        ],
        "forceSound": true,
        "minDistance": 0.0,
        "minDistanceVolume": 0.0,
        "middleDistance": 0.0,
        "middleDistanceVolume": 0.0,
        "maxDistance": 0.0,
        "maxDistanceVolume": 0.0
      },
      {
        "name": "mts:engine_shifting_grinding",
        "activeAnimations": [
          {
            "animationType": "visibility",
            "variable": "engine_badshift",
            "clampMin": 1.0,
            "clampMax": 1.0
          }
        ],
        "forceSound": true,
        "minDistance": 0.0,
        "minDistanceVolume": 0.0,
        "middleDistance": 0.0,
        "middleDistanceVolume": 0.0,
        "maxDistance": 0.0,
        "maxDistanceVolume": 0.0
      },
      {
        "name": "ivv:rocket_cranking",
        "activeAnimations": [
          {
            "animationType": "visibility",
            "variable": "engine_starter",
            "clampMin": 1.0,
            "clampMax": 1.0
          }
        ],
        "pitchAnimations": [
          {
            "animationType": "translation",
            "variable": "electric_power",
            "axis": [0.0,1.0,0.0],
            "clampMin": 0.7,
            "clampMax": 1.0
          }
        ],
        "looping": true,
        "minDistance": 0.0,
        "minDistanceVolume": 0.0,
        "middleDistance": 0.0,
        "middleDistanceVolume": 0.0,
        "maxDistance": 0.0,
        "maxDistanceVolume": 0.0
      },
      {
        "name": "ivv:rocket_running",
        "activeAnimations": [
          {
            "animationType": "visibility",
            "variable": "engine_powered",
            "clampMin": 1.0,
            "clampMax": 1.0
          }
        ],
        "volumeAnimations": [
          {
            "animationType": "translation",
            "variable": "engine_rpm_percent",
            "axis": [0.0,7.5,0.0],
            "offset": 2.5
          }
        ],
        "pitchAnimations": [
          {
            "animationType": "translation",
            "variable": "engine_rpm_percent",
            "axis": [0.0,2.5,0.0]
          }
        ],
        "looping": true,
        "minDistance": 0.0,
        "minDistanceVolume": 0.0,
        "middleDistance": 0.0,
        "middleDistanceVolume": 0.0,
        "maxDistance": 0.0,
        "maxDistanceVolume": 0.0
      }
    ],
    "particles": [
      {
        "type": "smoke",
        "spawnEveryTick": true,
        "spawningOrientation": "entity",
        "renderingOrientation": "player",
        "quantity": 4,
        "duration": 40,
        "transparency": 0.7,
        "toTransparency": 1.0E-7,
        "scale": 0.8,
        "toScale": 0.020000001,
        "hitboxSize": 0.2,
        "color": "000000",
        "pos": [0.0,0.21875,-0.125],
        "initialVelocity": [0.0,0.0,-1.0],
        "movementVelocity": [0.0,0.0,0.0],
        "terminalVelocity": [128.0,128.0,128.0],
        "activeAnimations": [
          {
            "animationType": "visibility",
            "variable": "engine_powered",
            "clampMin": 1.0,
            "clampMax": 1.0
          },
          {
            "animationType": "visibility",
            "variable": "1_2_1_cycle",
            "clampMin": 1.0,
            "clampMax": 1.0
          },
          {
            "animationType": "visibility",
            "variable": "engine_rpm_percent",
            "clampMax": 0.5
          }
        ]
      },
      {
        "type": "flame",
        "spawnEveryTick": true,
        "spawningOrientation": "entity",
        "renderingOrientation": "player",
        "quantity": 4,
        "duration": 40,
        "transparency": 1.0,
        "toTransparency": 1.0E-7,
        "scale": 0.5,
        "toScale": 0.020000001,
        "hitboxSize": 0.2,
        "pos": [0.0,0.21875,-0.125],
        "initialVelocity": [0.0,0.0,-1.0],
        "activeAnimations": [
          {
            "animationType": "visibility",
            "variable": "engine_running",
            "clampMin": 1.0,
            "clampMax": 1.0
          },
          {
            "animationType": "visibility",
            "variable": "1_2_1_cycle",
            "clampMin": 1.0,
            "clampMax": 1.0
          },
          {
            "animationType": "visibility",
            "variable": "engine_rpm_percent",
            "clampMax": 0.5
          }
        ]
      },
      {
        "type": "smoke",
        "spawnEveryTick": true,
        "spawningOrientation": "entity",
        "renderingOrientation": "player",
        "quantity": 4,
        "duration": 40,
        "transparency": 0.7,
        "toTransparency": 1.0E-7,
        "scale": 0.8,
        "toScale": 0.020000001,
        "hitboxSize": 0.2,
        "color": "000000",
        "pos": [0.0,0.21875,-0.125],
        "initialVelocity": [0.0,0.0,-3.0],
        "movementVelocity": [0.0,0.0,0.0],
        "terminalVelocity": [9.0,9.0,9.0],
        "activeAnimations": [
          {
            "animationType": "visibility",
            "variable": "engine_powered",
            "clampMin": 1.0,
            "clampMax": 1.0
          },
          {
            "animationType": "visibility",
            "variable": "engine_rpm_percent",
            "clampMin": 0.5,
            "clampMax": 1.0
          }
        ]
      },
      {
        "type": "flame",
        "spawnEveryTick": true,
        "spawningOrientation": "entity",
        "renderingOrientation": "player",
        "quantity": 4,
        "duration": 40,
        "transparency": 0.7,
        "toTransparency": 1.0E-7,
        "scale": 0.4,
        "toScale": 0.020000001,
        "hitboxSize": 0.2,
        "pos": [0.0,0.21875,-0.125],
        "initialVelocity": [0.0,0.2,-4.0],
        "activeAnimations": [
          {
            "animationType": "visibility",
            "variable": "engine_running",
            "clampMin": 1.0,
            "clampMax": 1.0
          },
          {
            "animationType": "visibility",
            "variable": "engine_rpm_percent",
            "clampMin": 0.5,
            "clampMax": 1.0
          }
        ]
      }
    ],
    "modelType": "obj"
  },
  "general": {
    "name": "Rocket Engine",
    "description": "IVLabs is not responsible for fires caused by overdriving the rocket engine.\nWe advise using half throttle for any acceleration, as using full throttle risks overheating and explosions.\nAlso, this is a BOOSTER rocket, and does not go in any vehicles normally.\nIt goes on the side, back or top of a vehicle to provide extra power.",
    "health": 100,
    "materialLists": [
      [
        "mts:ivv.tcalloy:0:6",
        "mts:ivv.turbo:0:4",
        "minecraft:fire_charge:0:6"
      ]
    ],
    "repairMaterialLists": [
      [
        "mts:ivv.tape:0:1"
      ]
    ],
    "radarWidth": 0.0,
    "radarRange": 0.0
  }
}