{
  "generic": {
    "type": "engine_car",
    "forwardsDamageMultiplier": 1.0,
    "mass": 3700
  },
  "engine": {
    "type": "normal",
    "starterPower": 5,
    "shiftSpeed": 20,
    "clutchTime": 3,
    "revResistance": 32,
    "maxRPM": 800,
    "maxSafeRPM": 400,
    "idleRPM": 200,
    "startRPM": 150,
    "revlimitRPM": 500,
    "revlimitBounce": 34,
    "stallRPM": 75,
    "engineWinddownRate": 25,
    "heatingCoefficient": 0.625,
    "coolingCoefficient": 1.375,
    "engineWearFactor": 0.875,
    "fuelConsumption": 19.2,
    "gearRatios": [-0.25,-1.0,-3.0,0.0,3.0,2.0,1.0,0.5,0.25,0.125,0.0625,0.0375],
    "fuelType": "diesel",
    "superchargerFuelConsumption": 9.6,
    "superchargerEfficiency": 2.0,
    "isCrankingNotPitched": true
  },
  "collisionGroups": [
    {
      "isInterior": true,
      "collisions": [
        {
          "pos": [0.0,0.375,0.5],
          "width": 1.0,
          "height": 1.0
        },
        {
          "pos": [0.0,0.375,1.5],
          "width": 1.0,
          "height": 1.0
        },
        {
          "pos": [0.0,0.375,2.5],
          "width": 1.0,
          "height": 1.0
        },
        {
          "pos": [0.0,0.375,3.5],
          "width": 1.0,
          "height": 1.0
        },
        {
          "pos": [0.0,0.375,4.5],
          "width": 1.0,
          "height": 1.0
        },
        {
          "pos": [0.0,0.375,5.5],
          "width": 1.0,
          "height": 1.0
        },
        {
          "pos": [0.0,0.375,6.5],
          "width": 1.0,
          "height": 1.0
        },
        {
          "pos": [0.0,0.375,7.5],
          "width": 1.0,
          "height": 1.0
        },
        {
          "pos": [0.0,0.375,8.5],
          "width": 1.0,
          "height": 1.0
        },
        {
          "pos": [0.0,0.375,9.5],
          "width": 1.0,
          "height": 1.0
        },
        {
          "pos": [0.0,0.375,10.5],
          "width": 1.0,
          "height": 1.0
        },
        {
          "pos": [0.0,0.375,11.5],
          "width": 1.0,
          "height": 1.0
        },
        {
          "pos": [0.0,0.375,12.5],
          "width": 1.0,
          "height": 1.0
        },
        {
          "pos": [0.0,0.375,13.5],
          "width": 1.0,
          "height": 1.0
        },
        {
          "pos": [0.0,0.375,14.5],
          "width": 1.0,
          "height": 1.0
        },
        {
          "pos": [0.0,0.375,15.5],
          "width": 1.0,
          "height": 1.0
        },
        {
          "pos": [0.0,0.375,16.5],
          "width": 1.0,
          "height": 1.0
        },
        {
          "pos": [0.0,0.375,17.5],
          "width": 1.0,
          "height": 1.0
        },
        {
          "pos": [0.0,0.375,18.5],
          "width": 1.0,
          "height": 1.0
        },
        {
          "pos": [0.0,0.375,19.5],
          "width": 1.0,
          "height": 1.0
        },
        {
          "pos": [0.0,0.375,20.5],
          "width": 1.0,
          "height": 1.0
        },
        {
          "pos": [0.0,0.375,21.5],
          "width": 1.0,
          "height": 1.0
        },
        {
          "pos": [0.0,0.375,22.5],
          "width": 1.0,
          "height": 1.0
        },
        {
          "pos": [0.0,0.375,23.5],
          "width": 1.0,
          "height": 1.0
        },
        {
          "pos": [0.0,0.375,24.5],
          "width": 1.0,
          "height": 1.0
        },
        {
          "pos": [0.0,0.375,25.5],
          "width": 1.0,
          "height": 1.0
        },
        {
          "pos": [0.0,0.375,26.5],
          "width": 1.0,
          "height": 1.0
        },
        {
          "pos": [0.0,0.375,27.5],
          "width": 1.0,
          "height": 1.0
        },
        {
          "pos": [0.0,0.375,28.5],
          "width": 1.0,
          "height": 1.0
        },
        {
          "pos": [0.0,0.375,29.5],
          "width": 1.0,
          "height": 1.0
        },
        {
          "pos": [0.0,0.375,30.5],
          "width": 1.0,
          "height": 1.0
        },
        {
          "pos": [0.0,0.375,31.5],
          "width": 1.0,
          "height": 1.0
        }
      ]
    }
  ],
  "definitions": [
    {
      "subName": "",
      "name": "IVLabs ''Wormy'' Experimental Motor ",
      "extraMaterialLists": [
        []
      ]
    }
  ],
  "variableModifiers": [
    {
      "variable": "superchargerFuelConsumption",
      "animations": [
        {
          "animationType": "translation",
          "variable": "throttle",
          "axis": [0.0,1.0,0.0],
          "offset": -0.25,
          "clampMin": 0.0625,
          "duration": 40
        },
        {
          "animationType": "translation",
          "variable": "engine_rpm_percent",
          "axis": [0.0,9.6,0.0],
          "offset": -0.25,
          "clampMin": 0.0625
        }
      ]
    },
    {
      "variable": "idleRPM",
      "animations": [
        {
          "animationType": "inhibitor",
          "variable": "!engine_gear"
        },
        {
          "animationType": "inhibitor",
          "variable": "throttle",
          "clampMin": 0.0625,
          "clampMax": 2.0
        },
        {
          "animationType": "translation",
          "variable": "5_10_0_cycle",
          "axis": [0.0,25.0,0.0],
          "forwardsEasing": "easeinoutbounce",
          "reverseEasing": "easeinoutbounce"
        }
      ]
    },
    {
      "variable": "idleRPM",
      "animations": [
        {
          "animationType": "inhibitor",
          "variable": "engine_powered",
          "clampMin": 1.0,
          "clampMax": 1.0,
          "forwardsDelay": 120
        },
        {
          "animationType": "translation",
          "variable": "engine_powered",
          "axis": [0.0,400.0,0.0]
        },
        {
          "animationType": "translation",
          "variable": "engine_powered",
          "axis": [0.0,-400.0,0.0],
          "duration": 120
        }
      ]
    }
  ],
  "rendering": {
    "animatedObjects": [
      {
        "objectName": "cube",
        "animations": [
          {
            "animationType": "inhibitor",
            "variable": "engine_gearshift"
          },
          {
            "animationType": "translation",
            "variable": "engine_clutch_upshift",
            "axis": [0.0,0.0,0.0],
            "duration": 1,
            "forwardsEndSound": "ivv:transmissionautoheavyshiftup"
          },
          {
            "animationType": "translation",
            "variable": "engine_clutch_downshift",
            "axis": [0.0,0.0,0.0],
            "duration": 1,
            "forwardsEndSound": "ivv:transmissionautoheavyshiftdown"
          }
        ]
      }
    ],
    "lightObjects": [],
    "sounds": [
      {
        "name": "ivv:v8torquelinelight_starting",
        "activeAnimations": [
          {
            "animationType": "visibility",
            "variable": "engine_running",
            "clampMin": 1.0,
            "clampMax": 1.0
          }
        ],
        "minDistance": 0.0,
        "minDistanceVolume": 0.0,
        "middleDistance": 0.0,
        "middleDistanceVolume": 0.0,
        "maxDistance": 0.0,
        "maxDistanceVolume": 0.0
      },
      {
        "name": "ivv:v8torquelinelight_stopping",
        "activeAnimations": [
          {
            "animationType": "visibility",
            "variable": "engine_running"
          }
        ],
        "minDistance": 0.0,
        "minDistanceVolume": 0.0,
        "middleDistance": 0.0,
        "middleDistanceVolume": 0.0,
        "maxDistance": 0.0,
        "maxDistanceVolume": 0.0
      },
      {
        "name": "ivv:v8torquelinelight_sputter",
        "activeAnimations": [
          {
            "animationType": "visibility",
            "variable": "engine_backfired",
            "clampMin": 1.0,
            "clampMax": 1.0
          }
        ],
        "forceSound": true,
        "minDistance": 0.0,
        "minDistanceVolume": 0.0,
        "middleDistance": 0.0,
        "middleDistanceVolume": 0.0,
        "maxDistance": 0.0,
        "maxDistanceVolume": 0.0
      },
      {
        "name": "ivv:transmissionheavygrind",
        "activeAnimations": [
          {
            "animationType": "visibility",
            "variable": "engine_badshift",
            "clampMin": 1.0,
            "clampMax": 1.0
          }
        ],
        "forceSound": true,
        "minDistance": 0.0,
        "minDistanceVolume": 0.0,
        "middleDistance": 0.0,
        "middleDistanceVolume": 0.0,
        "maxDistance": 0.0,
        "maxDistanceVolume": 0.0
      },
      {
        "name": "ivv:cranktorqueline3start",
        "activeAnimations": [
          {
            "animationType": "visibility",
            "variable": "engine_starter",
            "clampMin": 1.0,
            "clampMax": 1.0
          }
        ],
        "minDistance": 0.0,
        "minDistanceVolume": 0.0,
        "middleDistance": 0.0,
        "middleDistanceVolume": 0.0,
        "maxDistance": 0.0,
        "maxDistanceVolume": 0.0
      },
      {
        "name": "ivv:cranktorqueline3",
        "activeAnimations": [
          {
            "animationType": "visibility",
            "variable": "engine_starter",
            "clampMin": 1.0,
            "clampMax": 1.0,
            "forwardsDelay": 12
          }
        ],
        "volumeAnimations": [
          {
            "animationType": "translation",
            "variable": "electric_power",
            "axis": [0.0,0.25,0.0],
            "offset": 1.0,
            "clampMin": 1.0,
            "clampMax": 1.0
          }
        ],
        "pitchAnimations": [
          {
            "animationType": "translation",
            "variable": "electric_power",
            "axis": [0.0,0.0,0.0],
            "offset": 1.0,
            "clampMin": 1.0,
            "clampMax": 1.0
          }
        ],
        "looping": true,
        "minDistance": 0.0,
        "minDistanceVolume": 0.0,
        "middleDistance": 0.0,
        "middleDistanceVolume": 0.0,
        "maxDistance": 0.0,
        "maxDistanceVolume": 0.0
      },
      {
        "name": "ivv:cranktorqueline3stop",
        "activeAnimations": [
          {
            "animationType": "visibility",
            "variable": "engine_starter"
          }
        ],
        "minDistance": 0.0,
        "minDistanceVolume": 0.0,
        "middleDistance": 0.0,
        "middleDistanceVolume": 0.0,
        "maxDistance": 0.0,
        "maxDistanceVolume": 0.0
      },
      {
        "name": "ivv:v8torquelineidle",
        "activeAnimations": [
          {
            "animationType": "visibility",
            "variable": "engine_powered",
            "clampMin": 1.0,
            "clampMax": 1.0
          }
        ],
        "volumeAnimations": [
          {
            "animationType": "translation",
            "variable": "engine_rpm_percent",
            "axis": [0.0,-0.5,0.0],
            "offset": 1.1
          }
        ],
        "pitchAnimations": [
          {
            "animationType": "translation",
            "variable": "engine_rpm_percent",
            "axis": [0.0,1.2,0.0],
            "offset": 1.0
          }
        ],
        "looping": true,
        "minDistance": 0.0,
        "minDistanceVolume": 0.0,
        "middleDistance": 0.0,
        "middleDistanceVolume": 0.0,
        "maxDistance": 0.0,
        "maxDistanceVolume": 0.0
      },
      {
        "name": "ivv:v10dieselload",
        "activeAnimations": [
          {
            "animationType": "visibility",
            "variable": "engine_powered",
            "clampMin": 1.0,
            "clampMax": 1.0
          }
        ],
        "volumeAnimations": [
          {
            "animationType": "translation",
            "variable": "throttle",
            "axis": [0.0,1.0,0.0],
            "offset": -0.5
          },
          {
            "animationType": "translation",
            "variable": "engine_rpm_percent",
            "axis": [0.0,1.5,0.0]
          }
        ],
        "pitchAnimations": [
          {
            "animationType": "translation",
            "variable": "engine_rpm_percent",
            "axis": [0.0,0.625,0.0],
            "offset": 0.25
          }
        ],
        "looping": true,
        "minDistance": 0.0,
        "minDistanceVolume": 0.0,
        "middleDistance": 0.0,
        "middleDistanceVolume": 0.0,
        "maxDistance": 0.0,
        "maxDistanceVolume": 0.0
      }
    ],
    "particles": [
      {
        "type": "flame",
        "spawningOrientation": "entity",
        "renderingOrientation": "player",
        "quantity": 2,
        "duration": 20,
        "transparency": 1.0,
        "scale": 0.6,
        "toScale": 0.8,
        "hitboxSize": 0.2,
        "color": "FFFFFF",
        "pos": [0.0,0.0,0.625],
        "spreadRandomness": [0.0,0.25,0.375],
        "initialVelocity": [0.0,0.0,0.375],
        "activeAnimations": [
          {
            "animationType": "visibility",
            "variable": "2_4_2_cycle",
            "clampMin": 1.0,
            "clampMax": 1.0
          },
          {
            "animationType": "visibility",
            "variable": "engine_powered",
            "clampMin": 1.0,
            "clampMax": 1.0
          },
          {
            "animationType": "inhibitor",
            "variable": "!parent_damage_totaled"
          },
          {
            "animationType": "visibility",
            "variable": "parent_damage_percent",
            "clampMin": 0.875,
            "clampMax": 1.0
          }
        ]
      },
      {
        "type": "smoke",
        "spawningOrientation": "entity",
        "renderingOrientation": "player",
        "quantity": 4,
        "duration": 60,
        "transparency": 0.75,
        "fadeTransparencyTime": 20,
        "scale": 0.8,
        "toScale": 1.6,
        "hitboxSize": 0.2,
        "color": "555555",
        "pos": [0.0,0.0,0.625],
        "spreadRandomness": [0.0,0.25,1.0],
        "initialVelocity": [0.0,0.0,1.5],
        "activeAnimations": [
          {
            "animationType": "visibility",
            "variable": "1_2_1_cycle",
            "clampMin": 1.0,
            "clampMax": 1.0
          },
          {
            "animationType": "visibility",
            "variable": "engine_powered",
            "clampMin": 1.0,
            "clampMax": 1.0,
            "reverseDelay": 100
          },
          {
            "animationType": "inhibitor",
            "variable": "!parent_damage_totaled"
          },
          {
            "animationType": "visibility",
            "variable": "parent_damage_percent",
            "clampMin": 0.75,
            "clampMax": 1.0
          }
        ]
      },
      {
        "type": "smoke",
        "spawningOrientation": "entity",
        "renderingOrientation": "player",
        "quantity": 8,
        "duration": 40,
        "transparency": 0.75,
        "fadeTransparencyTime": 20,
        "scale": 1.2,
        "toScale": 2.4,
        "hitboxSize": 0.2,
        "color": "888888",
        "pos": [0.0,0.0,0.625],
        "spreadRandomness": [0.0,1.0,6.0],
        "initialVelocity": [0.0,0.0,0.75],
        "activeAnimations": [
          {
            "animationType": "visibility",
            "variable": "engine_powered",
            "reverseDelay": 100
          },
          {
            "animationType": "inhibitor",
            "variable": "!parent_damage_totaled"
          },
          {
            "animationType": "visibility",
            "variable": "parent_damage_percent",
            "clampMin": 0.75,
            "clampMax": 1.0
          }
        ]
      },
      {
        "type": "generic",
        "spawningOrientation": "entity",
        "renderingOrientation": "player",
        "quantity": 8,
        "duration": 10,
        "transparency": 0.375,
        "fadeTransparencyTime": 5,
        "scale": 0.025,
        "toScale": 0.05,
        "hitboxSize": 0.1,
        "texture": "ivv:textures/particles/pattern7.png",
        "color": "EDAC28",
        "pos": [0.0,0.25,0.375],
        "spreadRandomness": [0.25,0.5,0.25],
        "initialVelocity": [0.0,0.625,0.125],
        "movementVelocity": [0.0,-0.01,0.0],
        "terminalVelocity": [2048.0,2048.0,2048.0],
        "activeAnimations": [
          {
            "animationType": "visibility",
            "variable": "engine_jumper_cable",
            "clampMin": 1.0,
            "clampMax": 1.0
          }
        ]
      },
      {
        "type": "smoke",
        "spawnEveryTick": true,
        "spawningOrientation": "entity",
        "renderingOrientation": "player",
        "quantity": 2,
        "duration": 60,
        "transparency": 0.25,
        "fadeTransparencyTime": 20,
        "scale": 0.75,
        "toScale": 1.5,
        "hitboxSize": 0.2,
        "color": "F0F0F0",
        "pos": [0.0,0.25,0.375],
        "spreadRandomness": [0.25,0.25,0.25],
        "initialVelocity": [0.0,0.625,0.0],
        "movementVelocity": [0.0,-0.00125,0.0],
        "terminalVelocity": [2048.0,2048,2048.0],
        "activeAnimations": [
          {
            "animationType": "visibility",
            "variable": "engine_temp",
            "clampMin": 105.0,
            "clampMax": 115.0
          }
        ]
      },
      {
        "type": "smoke",
        "spawnEveryTick": true,
        "spawningOrientation": "entity",
        "renderingOrientation": "player",
        "quantity": 3,
        "duration": 80,
        "transparency": 0.375,
        "fadeTransparencyTime": 20,
        "scale": 1.0,
        "toScale": 2.0,
        "hitboxSize": 0.2,
        "color": "2F2F2F",
        "pos": [0.0,0.25,0.375],
        "spreadRandomness": [0.25,0.25,0.25],
        "initialVelocity": [0.0,0.625,0.0],
        "movementVelocity": [0.0,-0.00125,0.0],
        "terminalVelocity": [2048.0,2048,2048.0],
        "activeAnimations": [
          {
            "animationType": "visibility",
            "variable": "engine_temp",
            "clampMin": 115.0,
            "clampMax": 1000.0
          }
        ]
      },
      {
        "type": "flame",
        "spawnEveryTick": true,
        "spawningOrientation": "entity",
        "renderingOrientation": "player",
        "quantity": 2,
        "duration": 20,
        "transparency": 1.0,
        "scale": 0.6,
        "toScale": 0.8,
        "hitboxSize": 0.2,
        "color": "FFFFFF",
        "pos": [0.0,0.0,0.625],
        "spreadRandomness": [0.375,0.125,0.375],
        "initialVelocity": [0.0,0.25,0.0],
        "activeAnimations": [
          {
            "animationType": "visibility",
            "variable": "2_4_2_cycle",
            "clampMin": 1.0,
            "clampMax": 1.0
          },
          {
            "animationType": "visibility",
            "variable": "engine_temp",
            "clampMin": 125.0,
            "clampMax": 1000.0
          }
        ]
      }
    ],
    "modelType": "obj"
  },
  "general": {
    "name": "Torqueline Diesel V128 Engine HD §9(Automatic)",
    "description": "102.4L512V Experimental IVLabs Motor",
    "health": 100,
    "materialLists": [
      [
        "mts:ivv.engineblockheavyduty:0:16",
        "mts:ivv.enginepiston:0:128",
        "mts:ivv.fuelfi:0:32",
        "oredict:ingotIron:64",
        "mts:ivv.gearboxmanual:0:1"
      ]
    ],
    "repairMaterialLists": [
      [
        "mts:ivv.oilcan_industrial:0:16",
        "mts:ivv.tape:0:32"
      ]
    ],
    "radarWidth": 0.0,
    "radarRange": 0.0
  }
}