{
  "generic": {
    "type": "engine_car",
    "forwardsDamageMultiplier": 1.0,
    "mass": 60
  },
  "engine": {
    "type": "normal",
    "starterPower": 30,
    "shiftSpeed": 8,
    "clutchTime": 6,
    "revResistance": 7,
    "maxRPM": 11700,
    "maxSafeRPM": 7800,
    "idleRPM": 700,
    "startRPM": 500,
    "revlimitRPM": -1,
    "revlimitBounce": 7,
    "stallRPM": 400,
    "engineWinddownRate": 100,
    "heatingCoefficient": 0.875,
    "coolingCoefficient": 1.125,
    "engineWearFactor": 0.875,
    "fuelConsumption": 0.1,
    "gearRatios": [-3.0,0.0,3.0,2.25,1.5,0.75],
    "fuelType": "gasoline",
    "superchargerFuelConsumption": 0.1,
    "superchargerEfficiency": 1.0,
    "isCrankingNotPitched": true
  },
  "definitions": [
    {
      "subName": "",
      "name": "Smallfry 'Mythos' V4",
      "extraMaterialLists": [
        []
      ]
    }
  ],
  "constantValues": {
    "engine_obdiii_present": 1.0,
    "engine_obdiii_horsepower": 47.0,
    "engine_obdiii_torque": 58.0
  },
  "variableModifiers": [
    {
      "variable": "heatingCoefficient",
      "animations": [
        {
          "animationType": "translation",
          "variable": "throttle",
          "axis": [0.5,0.0,0.0],
          "offset": 0.5
        },
        {
          "animationType": "inhibitor",
          "variable": "engine_temp",
          "clampMin": -32767.0,
          "clampMax": 105.0
        },
        {
          "animationType": "translation",
          "variable": "!cooling",
          "axis": [0.5,0.0,0.0]
        }
      ]
    },
    {
      "variable": "coolingCoefficient",
      "animations": [
        {
          "animationType": "translation",
          "variable": "throttle",
          "axis": [-0.5,0.0,0.0],
          "offset": 1.5
        },
        {
          "animationType": "inhibitor",
          "variable": "engine_temp",
          "clampMin": -32767.0,
          "clampMax": 105.0
        },
        {
          "animationType": "translation",
          "variable": "!cooling",
          "axis": [2.0,0.0,0.0]
        }
      ]
    },
    {
      "variable": "idleRPM",
      "animations": [
        {
          "animationType": "translation",
          "variable": "2_4_2_cycle",
          "axis": [0.0,60.0,0.0],
          "offset": -30.0,
          "duration": 4,
          "forwardsEasing": "easeinoutsine",
          "reverseEasing": "easeinoutsine"
        },
        {
          "animationType": "translation",
          "variable": "tick_sin",
          "axis": [0.0,30.0,0.0]
        }
      ]
    },
    {
      "variable": "idleRPM",
      "animations": [
        {
          "animationType": "translation",
          "variable": "engine_powered",
          "axis": [0.0,2000.0,0.0]
        },
        {
          "animationType": "translation",
          "variable": "engine_powered",
          "axis": [0.0,-2000.0,0.0],
          "duration": 100,
          "skipReverseMovement": true
        }
      ]
    },
    {
      "variable": "fuelConsumption",
      "animations": [
        {
          "animationType": "translation",
          "variable": "parent_vehicle_intake_fc",
          "axis": [0.0,1.0,0.0]
        },
        {
          "animationType": "translation",
          "variable": "generic_engine_upgrade_2",
          "axis": [1.0,0.0,0.0],
          "offset": 1.0
        },
        {
          "animationType": "translation",
          "variable": "throttle",
          "axis": [0.375,0.0,0.0],
          "offset": 0.625
        },
        {
          "animationType": "translation",
          "variable": "throttle",
          "axis": [0.375,0.0,0.0],
          "offset": 0.625,
          "duration": 5
        }
      ]
    },
    {
      "variable": "superchargerFuelConsumption",
      "animations": [
        {
          "animationType": "translation",
          "variable": "parent_vehicle_intake_scfc",
          "axis": [0.0,1.0,0.0]
        },
        {
          "animationType": "translation",
          "variable": "generic_engine_turbo_power_1",
          "axis": [0.0,1.0,0.0]
        },
        {
          "animationType": "translation",
          "variable": "generic_engine_upgrade_2",
          "axis": [1.0,0.0,0.0],
          "offset": 1.0
        },
        {
          "animationType": "translation",
          "variable": "throttle",
          "axis": [0.375,0.0,0.0],
          "offset": 0.625
        },
        {
          "animationType": "translation",
          "variable": "throttle",
          "axis": [0.375,0.0,0.0],
          "offset": 0.625,
          "duration": 5
        }
      ]
    },
    {
      "variable": "engine_revlimit_backfire",
      "animations": [
        {
          "animationType": "translation",
          "variable": "nopop",
          "axis": [0.0,0.0,1.0]
        },
        {
          "animationType": "inhibitor",
          "variable": "1_2_0_cycle",
          "clampMin": 1.0,
          "clampMax": 1.0
        },
        {
          "animationType": "inhibitor",
          "variable": "engine_rpm_percent_revlimit",
          "clampMin": -10.0,
          "clampMax": 0.9875
        },
        {
          "animationType": "translation",
          "variable": "!poppop",
          "axis": [0.0,0.0,1.0]
        },
        {
          "animationType": "translation",
          "variable": "engine_running",
          "axis": [1.0,0.0,0.0]
        },
        {
          "animationType": "translation",
          "variable": "generic_engine_upgrade_2",
          "axis": [4.0,0.0,0.0]
        }
      ]
    },
    {
      "variable": "revlimitRPM",
      "animations": [
        {
          "animationType": "translation",
          "variable": "generic_engine_topend_4",
          "axis": [1.0,0.0,0.0],
          "offset": 1.0
        }
      ]
    },
    {
      "variable": "maxRPM",
      "animations": [
        {
          "animationType": "translation",
          "variable": "generic_engine_topend_4",
          "axis": [1.0,0.0,0.0],
          "offset": 1.0
        }
      ]
    },
    {
      "variable": "maxSafeRPM",
      "animations": [
        {
          "animationType": "translation",
          "variable": "generic_engine_topend_4",
          "axis": [1.0,0.0,0.0],
          "offset": 1.0
        }
      ]
    },
    {
      "variable": "engine_clutching",
      "maxValue": 1.0,
      "animations": [
        {
          "animationType": "translation",
          "variable": "engine_clutch_upshift",
          "axis": [0.0,3.0,0.0],
          "offset": -1.0
        },
        {
          "animationType": "translation",
          "variable": "engine_clutch_downshift",
          "axis": [0.0,3.0,0.0],
          "offset": -1.0
        }
      ]
    },
    {
      "variable": "currentGearRatio",
      "animations": [
        {
          "animationType": "translation",
          "variable": "generic_engine_gearbox_3",
          "axis": [1.0,0.0,0.0],
          "offset": 1.0
        },
        {
          "animationType": "translation",
          "variable": "engine_clutching",
          "axis": [-1.0,0.0,0.0],
          "offset": 1.0
        },
        {
          "animationType": "inhibitor",
          "variable": "speed",
          "clampMin": 0.5,
          "clampMax": 32767.0
        },
        {
          "animationType": "translation",
          "variable": "!throttle",
          "axis": [-1.0,0.0,0.0],
          "offset": 1.0,
          "forwardsDelay": 3,
          "reverseDelay": 3
        },
        {
          "animationType": "inhibitor",
          "variable": "engine_rpm_percent_safe",
          "clampMin": 0.375,
          "clampMax": 32767.0
        },
        {
          "animationType": "translation",
          "variable": "!p_brake",
          "axis": [1.0,0.0,0.0]
        }
      ]
    }
  ],
  "rendering": {
    "lightObjects": [],
    "sounds": [
      {
        "name": "ivv:v4smallfry_starting",
        "activeAnimations": [
          {
            "animationType": "visibility",
            "variable": "engine_running",
            "clampMin": 1.0,
            "clampMax": 1.0
          }
        ],
        "minDistance": 0.0,
        "minDistanceVolume": 0.0,
        "middleDistance": 0.0,
        "middleDistanceVolume": 0.0,
        "maxDistance": 0.0,
        "maxDistanceVolume": 0.0
      },
      {
        "name": "ivv:enginestopping5",
        "activeAnimations": [
          {
            "animationType": "visibility",
            "variable": "engine_running"
          }
        ],
        "minDistance": 0.0,
        "minDistanceVolume": 0.0,
        "middleDistance": 0.0,
        "middleDistanceVolume": 0.0,
        "maxDistance": 0.0,
        "maxDistanceVolume": 0.0
      },
      {
        "name": "ivv:enginesputter2",
        "activeAnimations": [
          {
            "animationType": "visibility",
            "variable": "engine_backfired",
            "clampMin": 1.0,
            "clampMax": 1.0
          }
        ],
        "forceSound": true,
        "minDistance": 0.0,
        "minDistanceVolume": 0.0,
        "middleDistance": 0.0,
        "middleDistanceVolume": 0.0,
        "maxDistance": 0.0,
        "maxDistanceVolume": 0.0
      },
      {
        "name": "ivv:transmissionfailshift1",
        "activeAnimations": [
          {
            "animationType": "visibility",
            "variable": "engine_badshift",
            "clampMin": 1.0,
            "clampMax": 1.0
          },
          {
            "animationType": "visibility",
            "variable": "lazinessThatJavaWontLike",
            "clampMax": 0.25
          }
        ],
        "pitchAnimations": [
          {
            "animationType": "translation",
            "variable": "speed",
            "axis": [0.0,0.0125,0.0],
            "offset": 0.75,
            "clampMin": 0.875,
            "clampMax": 1.25
          }
        ],
        "forceSound": true,
        "minDistance": 0.0,
        "minDistanceVolume": 0.0,
        "middleDistance": 0.0,
        "middleDistanceVolume": 0.0,
        "maxDistance": 0.0,
        "maxDistanceVolume": 0.0
      },
      {
        "name": "ivv:transmissionfailshift2",
        "activeAnimations": [
          {
            "animationType": "visibility",
            "variable": "engine_badshift",
            "clampMin": 1.0,
            "clampMax": 1.0
          },
          {
            "animationType": "visibility",
            "variable": "lazinessThatJavaWontLike",
            "clampMin": 0.25,
            "clampMax": 0.5
          }
        ],
        "pitchAnimations": [
          {
            "animationType": "translation",
            "variable": "speed",
            "axis": [0.0,0.0125,0.0],
            "offset": 0.75,
            "clampMin": 0.875,
            "clampMax": 1.25
          }
        ],
        "forceSound": true,
        "minDistance": 0.0,
        "minDistanceVolume": 0.0,
        "middleDistance": 0.0,
        "middleDistanceVolume": 0.0,
        "maxDistance": 0.0,
        "maxDistanceVolume": 0.0
      },
      {
        "name": "ivv:transmissionfailshift3",
        "activeAnimations": [
          {
            "animationType": "visibility",
            "variable": "engine_badshift",
            "clampMin": 1.0,
            "clampMax": 1.0
          },
          {
            "animationType": "visibility",
            "variable": "lazinessThatJavaWontLike",
            "clampMin": 0.5,
            "clampMax": 0.75
          }
        ],
        "pitchAnimations": [
          {
            "animationType": "translation",
            "variable": "speed",
            "axis": [0.0,0.0125,0.0],
            "offset": 0.75,
            "clampMin": 0.875,
            "clampMax": 1.25
          }
        ],
        "forceSound": true,
        "minDistance": 0.0,
        "minDistanceVolume": 0.0,
        "middleDistance": 0.0,
        "middleDistanceVolume": 0.0,
        "maxDistance": 0.0,
        "maxDistanceVolume": 0.0
      },
      {
        "name": "ivv:transmissionfailshift4",
        "activeAnimations": [
          {
            "animationType": "visibility",
            "variable": "engine_badshift",
            "clampMin": 1.0,
            "clampMax": 1.0
          },
          {
            "animationType": "visibility",
            "variable": "lazinessThatJavaWontLike",
            "clampMin": 0.75,
            "clampMax": 1.0
          }
        ],
        "pitchAnimations": [
          {
            "animationType": "translation",
            "variable": "speed",
            "axis": [0.0,0.0125,0.0],
            "offset": 0.75,
            "clampMin": 0.875,
            "clampMax": 1.25
          }
        ],
        "forceSound": true,
        "minDistance": 0.0,
        "minDistanceVolume": 0.0,
        "middleDistance": 0.0,
        "middleDistanceVolume": 0.0,
        "maxDistance": 0.0,
        "maxDistanceVolume": 0.0
      },
      {
        "name": "ivv:transmissionmanualshift1",
        "activeAnimations": [
          {
            "animationType": "visibility",
            "variable": "engine_clutching",
            "clampMin": 1.0,
            "clampMax": 1.0
          },
          {
            "animationType": "visibility",
            "variable": "lazinessThatJavaWontLike",
            "clampMax": 0.25
          }
        ],
        "minDistance": 0.0,
        "minDistanceVolume": 0.0,
        "middleDistance": 0.0,
        "middleDistanceVolume": 0.0,
        "maxDistance": 0.0,
        "maxDistanceVolume": 0.0
      },
      {
        "name": "ivv:transmissionmanualshift2",
        "activeAnimations": [
          {
            "animationType": "visibility",
            "variable": "engine_clutching",
            "clampMin": 1.0,
            "clampMax": 1.0
          },
          {
            "animationType": "visibility",
            "variable": "lazinessThatJavaWontLike",
            "clampMin": 0.25,
            "clampMax": 0.5
          }
        ],
        "minDistance": 0.0,
        "minDistanceVolume": 0.0,
        "middleDistance": 0.0,
        "middleDistanceVolume": 0.0,
        "maxDistance": 0.0,
        "maxDistanceVolume": 0.0
      },
      {
        "name": "ivv:transmissionmanualshift3",
        "activeAnimations": [
          {
            "animationType": "visibility",
            "variable": "engine_clutching",
            "clampMin": 1.0,
            "clampMax": 1.0
          },
          {
            "animationType": "visibility",
            "variable": "lazinessThatJavaWontLike",
            "clampMin": 0.5,
            "clampMax": 0.75
          }
        ],
        "minDistance": 0.0,
        "minDistanceVolume": 0.0,
        "middleDistance": 0.0,
        "middleDistanceVolume": 0.0,
        "maxDistance": 0.0,
        "maxDistanceVolume": 0.0
      },
      {
        "name": "ivv:transmissionmanualshift4",
        "activeAnimations": [
          {
            "animationType": "visibility",
            "variable": "engine_clutching",
            "clampMin": 1.0,
            "clampMax": 1.0
          },
          {
            "animationType": "visibility",
            "variable": "lazinessThatJavaWontLike",
            "clampMin": 0.75,
            "clampMax": 1.0
          }
        ],
        "minDistance": 0.0,
        "minDistanceVolume": 0.0,
        "middleDistance": 0.0,
        "middleDistanceVolume": 0.0,
        "maxDistance": 0.0,
        "maxDistanceVolume": 0.0
      },
      {
        "name": "ivv:engineoverrev",
        "activeAnimations": [
          {
            "animationType": "visibility",
            "variable": "engine_powered",
            "clampMin": 1.0,
            "clampMax": 1.0
          }
        ],
        "volumeAnimations": [
          {
            "animationType": "translation",
            "variable": "engine_rpm_percent_safe",
            "axis": [0.0,10.0,0.0],
            "offset": -10.0
          }
        ],
        "pitchAnimations": [
          {
            "animationType": "translation",
            "variable": "engine_rpm_percent_safe",
            "axis": [0.0,4.0,0.0],
            "offset": -3.5,
            "clampMax": 4.0
          }
        ],
        "looping": true,
        "minDistance": 0.0,
        "minDistanceVolume": 0.0,
        "middleDistance": 0.0,
        "middleDistanceVolume": 0.0,
        "maxDistance": 0.0,
        "maxDistanceVolume": 0.0
      },
      {
        "name": "ivv:enginehourrattle",
        "activeAnimations": [
          {
            "animationType": "visibility",
            "variable": "engine_powered",
            "clampMin": 1.0,
            "clampMax": 1.0
          },
          {
            "animationType": "inhibitor",
            "variable": "parent_damage_percent",
            "clampMin": 0.5,
            "clampMax": 1.0
          },
          {
            "animationType": "visibility",
            "variable": "engine_hours",
            "clampMin": 500.0,
            "clampMax": 999999.0
          }
        ],
        "volumeAnimations": [
          {
            "animationType": "translation",
            "variable": "throttle",
            "axis": [0.0,-1.5,0.0],
            "offset": 1.0,
            "duration": 10
          },
          {
            "animationType": "translation",
            "variable": "engine_rpm_percent",
            "axis": [0.0,1.75,0.0],
            "offset": -1.25,
            "clampMax": 1.5
          }
        ],
        "pitchAnimations": [
          {
            "animationType": "translation",
            "variable": "throttle",
            "axis": [0.0,0.25,0.0],
            "offset": 0.75,
            "duration": 20
          }
        ],
        "looping": true,
        "minDistance": 0.0,
        "minDistanceVolume": 0.0,
        "middleDistance": 0.0,
        "middleDistanceVolume": 0.0,
        "maxDistance": 0.0,
        "maxDistanceVolume": 0.0
      },
      {
        "name": "ivv:crankmisc1start",
        "activeAnimations": [
          {
            "animationType": "visibility",
            "variable": "engine_starter",
            "clampMin": 1.0,
            "clampMax": 1.0
          }
        ],
        "minDistance": 0.0,
        "minDistanceVolume": 0.0,
        "middleDistance": 0.0,
        "middleDistanceVolume": 0.0,
        "maxDistance": 0.0,
        "maxDistanceVolume": 0.0
      },
      {
        "name": "ivv:crankmisc1",
        "activeAnimations": [
          {
            "animationType": "visibility",
            "variable": "engine_starter",
            "clampMin": 1.0,
            "clampMax": 1.0,
            "forwardsDelay": 4
          }
        ],
        "volumeAnimations": [
          {
            "animationType": "translation",
            "variable": "electric_power",
            "axis": [0.0,0.25,0.0],
            "offset": 1.0,
            "clampMin": 1.0,
            "clampMax": 1.0
          }
        ],
        "pitchAnimations": [
          {
            "animationType": "translation",
            "variable": "electric_power",
            "axis": [0.0,0.0,0.0],
            "offset": 1.0,
            "clampMin": 1.0,
            "clampMax": 1.0
          }
        ],
        "looping": true,
        "minDistance": 0.0,
        "minDistanceVolume": 0.0,
        "middleDistance": 0.0,
        "middleDistanceVolume": 0.0,
        "maxDistance": 0.0,
        "maxDistanceVolume": 0.0
      },
      {
        "name": "ivv:crankmisc1stop",
        "activeAnimations": [
          {
            "animationType": "visibility",
            "variable": "engine_starter"
          }
        ],
        "minDistance": 0.0,
        "minDistanceVolume": 0.0,
        "middleDistance": 0.0,
        "middleDistanceVolume": 0.0,
        "maxDistance": 0.0,
        "maxDistanceVolume": 0.0
      },
      {
        "name": "ivv:v4smallfryidle",
        "activeAnimations": [
          {
            "animationType": "visibility",
            "variable": "engine_powered",
            "clampMin": 1.0,
            "clampMax": 1.0
          }
        ],
        "volumeAnimations": [
          {
            "animationType": "translation",
            "variable": "throttle",
            "axis": [0.0,-0.5,0.0],
            "offset": 0.5
          },
          {
            "animationType": "translation",
            "variable": "engine_rpm_percent_safe",
            "axis": [0.0,0.25,0.0],
            "offset": 0.375
          }
        ],
        "pitchAnimations": [
          {
            "animationType": "translation",
            "variable": "engine_rpm_percent_safe",
            "axis": [0.0,2.0,0.0],
            "offset": 1.0
          }
        ],
        "looping": true,
        "minDistance": 0.0,
        "minDistanceVolume": 0.0,
        "middleDistance": 0.0,
        "middleDistanceVolume": 0.0,
        "maxDistance": 0.0,
        "maxDistanceVolume": 0.0
      },
      {
        "name": "ivv:v4smallfryload",
        "activeAnimations": [
          {
            "animationType": "visibility",
            "variable": "engine_powered",
            "clampMin": 1.0,
            "clampMax": 1.0
          }
        ],
        "volumeAnimations": [
          {
            "animationType": "translation",
            "variable": "throttle",
            "axis": [0.0,0.75,0.0],
            "offset": -0.75
          },
          {
            "animationType": "translation",
            "variable": "engine_rpm_percent_safe",
            "axis": [0.0,1.0,0.0],
            "offset": 0.5
          }
        ],
        "pitchAnimations": [
          {
            "animationType": "translation",
            "variable": "throttle",
            "axis": [0.0,0.25,0.0],
            "offset": -0.25
          },
          {
            "animationType": "translation",
            "variable": "engine_rpm_percent_safe",
            "axis": [0.0,0.875,0.0],
            "offset": 0.5
          }
        ],
        "looping": true,
        "minDistance": 0.0,
        "minDistanceVolume": 0.0,
        "middleDistance": 0.0,
        "middleDistanceVolume": 0.0,
        "maxDistance": 0.0,
        "maxDistanceVolume": 0.0
      }
    ],
    "particles": [
      {
        "type": "flame",
        "spawningOrientation": "entity",
        "renderingOrientation": "player",
        "quantity": 2,
        "duration": 20,
        "transparency": 1.0,
        "scale": 0.6,
        "toScale": 0.8,
        "hitboxSize": 0.2,
        "color": "FFFFFF",
        "pos": [0.0,0.0,0.625],
        "spreadRandomness": [0.0,0.25,0.375],
        "initialVelocity": [0.0,0.0,0.375],
        "activeAnimations": [
          {
            "animationType": "visibility",
            "variable": "2_4_2_cycle",
            "clampMin": 1.0,
            "clampMax": 1.0
          },
          {
            "animationType": "visibility",
            "variable": "engine_powered",
            "clampMin": 1.0,
            "clampMax": 1.0
          },
          {
            "animationType": "inhibitor",
            "variable": "!parent_damage_totaled"
          },
          {
            "animationType": "visibility",
            "variable": "parent_damage_percent",
            "clampMin": 0.875,
            "clampMax": 1.0
          }
        ]
      },
      {
        "type": "smoke",
        "spawningOrientation": "entity",
        "renderingOrientation": "player",
        "quantity": 4,
        "duration": 60,
        "transparency": 0.75,
        "fadeTransparencyTime": 20,
        "scale": 0.8,
        "toScale": 1.6,
        "hitboxSize": 0.2,
        "color": "555555",
        "pos": [0.0,0.0,0.625],
        "spreadRandomness": [0.0,0.25,1.0],
        "initialVelocity": [0.0,0.0,1.5],
        "activeAnimations": [
          {
            "animationType": "visibility",
            "variable": "1_2_1_cycle",
            "clampMin": 1.0,
            "clampMax": 1.0
          },
          {
            "animationType": "visibility",
            "variable": "engine_powered",
            "clampMin": 1.0,
            "clampMax": 1.0,
            "reverseDelay": 100
          },
          {
            "animationType": "inhibitor",
            "variable": "!parent_damage_totaled"
          },
          {
            "animationType": "visibility",
            "variable": "parent_damage_percent",
            "clampMin": 0.75,
            "clampMax": 1.0
          }
        ]
      },
      {
        "type": "smoke",
        "spawningOrientation": "entity",
        "renderingOrientation": "player",
        "quantity": 8,
        "duration": 40,
        "transparency": 0.75,
        "fadeTransparencyTime": 20,
        "scale": 1.2,
        "toScale": 2.4,
        "hitboxSize": 0.2,
        "color": "888888",
        "pos": [0.0,0.0,0.625],
        "spreadRandomness": [0.0,1.0,6.0],
        "initialVelocity": [0.0,0.0,0.75],
        "activeAnimations": [
          {
            "animationType": "visibility",
            "variable": "engine_powered",
            "reverseDelay": 100
          },
          {
            "animationType": "inhibitor",
            "variable": "!parent_damage_totaled"
          },
          {
            "animationType": "visibility",
            "variable": "parent_damage_percent",
            "clampMin": 0.75,
            "clampMax": 1.0
          }
        ]
      },
      {
        "type": "generic",
        "spawningOrientation": "entity",
        "renderingOrientation": "player",
        "quantity": 8,
        "duration": 10,
        "transparency": 0.375,
        "fadeTransparencyTime": 5,
        "scale": 0.025,
        "toScale": 0.05,
        "hitboxSize": 0.1,
        "texture": "ivv:textures/particles/pattern7.png",
        "color": "EDAC28",
        "pos": [0.0,0.25,0.375],
        "spreadRandomness": [0.25,0.5,0.25],
        "initialVelocity": [0.0,0.625,0.125],
        "movementVelocity": [0.0,-0.01,0.0],
        "terminalVelocity": [2048.0,2048.0,2048.0],
        "activeAnimations": [
          {
            "animationType": "visibility",
            "variable": "engine_jumper_cable",
            "clampMin": 1.0,
            "clampMax": 1.0
          }
        ]
      },
      {
        "type": "smoke",
        "spawnEveryTick": true,
        "spawningOrientation": "entity",
        "renderingOrientation": "player",
        "quantity": 2,
        "duration": 60,
        "transparency": 0.25,
        "fadeTransparencyTime": 20,
        "scale": 0.75,
        "toScale": 1.5,
        "hitboxSize": 0.2,
        "color": "F0F0F0",
        "pos": [0.0,0.25,0.375],
        "spreadRandomness": [0.25,0.25,0.25],
        "initialVelocity": [0.0,0.625,0.0],
        "movementVelocity": [0.0,-0.00125,0.0],
        "terminalVelocity": [2048.0,2048,2048.0],
        "activeAnimations": [
          {
            "animationType": "visibility",
            "variable": "engine_temp",
            "clampMin": 105.0,
            "clampMax": 115.0
          }
        ]
      },
      {
        "type": "smoke",
        "spawnEveryTick": true,
        "spawningOrientation": "entity",
        "renderingOrientation": "player",
        "quantity": 3,
        "duration": 80,
        "transparency": 0.375,
        "fadeTransparencyTime": 20,
        "scale": 1.0,
        "toScale": 2.0,
        "hitboxSize": 0.2,
        "color": "2F2F2F",
        "pos": [0.0,0.25,0.375],
        "spreadRandomness": [0.25,0.25,0.25],
        "initialVelocity": [0.0,0.625,0.0],
        "movementVelocity": [0.0,-0.00125,0.0],
        "terminalVelocity": [2048.0,2048,2048.0],
        "activeAnimations": [
          {
            "animationType": "visibility",
            "variable": "engine_temp",
            "clampMin": 115.0,
            "clampMax": 1000.0
          }
        ]
      },
      {
        "type": "flame",
        "spawnEveryTick": true,
        "spawningOrientation": "entity",
        "renderingOrientation": "player",
        "quantity": 2,
        "duration": 20,
        "transparency": 1.0,
        "scale": 0.6,
        "toScale": 0.8,
        "hitboxSize": 0.2,
        "color": "FFFFFF",
        "pos": [0.0,0.0,0.625],
        "spreadRandomness": [0.375,0.125,0.375],
        "initialVelocity": [0.0,0.25,0.0],
        "activeAnimations": [
          {
            "animationType": "visibility",
            "variable": "2_4_2_cycle",
            "clampMin": 1.0,
            "clampMax": 1.0
          },
          {
            "animationType": "visibility",
            "variable": "engine_temp",
            "clampMin": 125.0,
            "clampMax": 1000.0
          }
        ]
      }
    ],
    "modelType": "obj"
  },
  "general": {
    "name": "Smallfry V4 Engine §2(Manual)",
    "description": "0.6L8V Budget IVLabs Motor",
    "health": 100,
    "materialLists": [
      [
        "oredict:ingotIron:12",
        "mts:ivv.enginepiston:0:4",
        "mts:ivv.fuelcarb:0:1",
        "mts:ivv.gearboxmanual:0:1"
      ]
    ],
    "repairMaterialLists": [
      [
        "mts:ivv.oilcan:0:1",
        "mts:ivv.tape:0:1"
      ]
    ],
    "radarWidth": 0.0,
    "radarRange": 0.0
  }
}