{
  "generic": {
    "type": "engine_car"
  },
  "engine": {
    "isAutomatic": true,
    "starterPower": 45,
    "shiftSpeed": 20,
    "revResistance": 7,
    "maxRPM": 6750,
    "maxSafeRPM": 6250,
    "idleRPM": 750,
    "startRPM": 600,
    "revlimitRPM": 6250,
    "revlimitBounce": 4,
    "stallRPM": 400,
    "engineWinddownRate": 100,
    "heatingCoefficient": 0.8,
    "coolingCoefficient": 1.1,
    "engineWearFactor": 1.0,
    "fuelConsumption": 0.3,
    "gearRatios": [-4.0,0.0,4.0,3.0,2.0,1.0,0.75],
    "upShiftRPM": [0,0,4800,4800,4800,4800,4800],
    "downShiftRPM": [0,0,3000,3000,3000,3000,3000],
    "fuelType": "gasoline",
    "superchargerFuelConsumption": 1.0,
    "superchargerEfficiency": 1.0
  },
  "definitions": [
    {
      "subName": "",
      "modelName": "trin_engine_v6_normal",
      "name": "Trin V-6 Engine, gasoline automatic",
      "extraMaterials": []
    }
  ],
  "rendering": {
    "lightObjects": [],
    "sounds": [
      {
        "name": "iv_tpp:engine_v6_gasoline_normal_aut_starting",
        "activeAnimations": [
          {
            "animationType": "visibility",
            "variable": "engine_running",
            "clampMin": 1.0,
            "clampMax": 1.0
          }
        ]
      },
      {
        "name": "iv_tpp:engine_v6_gasoline_normal_aut_stopping",
        "activeAnimations": [
          {
            "animationType": "visibility",
            "variable": "engine_running"
          }
        ]
      },
      {
        "name": "iv_tpp:engine_v6_gasoline_normal_aut_sputter",
        "activeAnimations": [
          {
            "animationType": "visibility",
            "variable": "engine_backfired",
            "clampMin": 1.0,
            "clampMax": 1.0
          }
        ],
        "forceSound": true
      },
      {
        "name": "mts:engine_shifting_grinding",
        "activeAnimations": [
          {
            "animationType": "visibility",
            "variable": "engine_badshift",
            "clampMin": 1.0,
            "clampMax": 1.0
          }
        ],
        "forceSound": true
      },
      {
        "name": "iv_tpp:engine_v6_gasoline_normal_aut_cranking",
        "activeAnimations": [
          {
            "animationType": "visibility",
            "variable": "engine_starter",
            "clampMin": 1.0,
            "clampMax": 1.0
          }
        ],
        "pitchAnimations": [
          {
            "animationType": "translation",
            "variable": "electric_power",
            "axis": [0.0,0.1,0.0],
            "offset": 0.3,
            "clampMax": 1.0
          }
        ],
        "looping": true
      },
      {
        "name": "iv_tpp:trin_v6_running",
        "activeAnimations": [
          {
            "animationType": "visibility",
            "variable": "engine_powered",
            "clampMin": 1.0,
            "clampMax": 1.0
          }
        ],
        "pitchAnimations": [
          {
            "animationType": "translation",
            "variable": "engine_rpm_percent",
            "axis": [0.0,8,0.0],
            "offset": 0.6
          }
        ],
        "looping": true
      }
    ],
    "particles": [
      {
        "type": "smoke",
        "spawnEveryTick": true,
        "color": "000000",
        "activeAnimations": [
          {
            "animationType": "visibility",
            "variable": "engine_temp",
            "clampMin": 115.556,
            "clampMax": 999.0
          }
        ]
      },
      {
        "type": "smoke",
        "spawnEveryTick": true,
        "quantity": 1,
        "scale": 2.5,
        "color": "000000",
        "activeAnimations": [
          {
            "animationType": "visibility",
            "variable": "engine_temp",
            "clampMin": 121.111,
            "clampMax": 999.0
          }
        ]
      },
      {
        "type": "drip",
        "color": "000000",
        "activeAnimations": [
          {
            "animationType": "visibility",
            "variable": "engine_oilleak",
            "clampMin": 1.0,
            "clampMax": 1.0
          },
          {
            "animationType": "visibility",
            "variable": "cycle_10_20",
            "clampMin": 1.0,
            "clampMax": 1.0
          }
        ]
      },
      {
        "type": "drip",
        "color": "FF0000",
        "activeAnimations": [
          {
            "animationType": "visibility",
            "variable": "engine_fuelleak",
            "clampMin": 1.0,
            "clampMax": 1.0
          },
          {
            "animationType": "visibility",
            "variable": "cycle_10_20",
            "clampMin": 1.0,
            "clampMax": 1.0
          }
        ]
      }
    ]
  },
  "general": {
    "name": "Trin V-6 Engine, gasoline automatic",
    "health": 100,
    "materials": ["minecraft:dye:12:1","minecraft:piston:0:6","minecraft:iron_ingot:0:12"]
  }
}
