{
  "generic": {
    "type": "engine_car"
  },
  "engine": {
    "isAutomatic": true,
    "starterPower": 77,
    "shiftSpeed": 10,
    "revResistance": 7,
    "maxRPM": 7250,
    "maxSafeRPM": 6750,
    "idleRPM": 750,
    "startRPM": 600,
    "revlimitRPM": 6750,
    "revlimitBounce": 4,
    "stallRPM": 400,
    "engineWinddownRate": 100,
    "heatingCoefficient": 0.8,
    "coolingCoefficient": 1.1,
    "engineWearFactor": 1.0,
    "fuelConsumption": 0.2,
    "gearRatios": [-4.0,0.0,3.0,1.8,1.4,1.0,0.75],
    "upShiftRPM": [0,0,5400,5200,5000,4100,4100],
    "downShiftRPM": [0,0,3000,3000,3000,3000,3000],
    "fuelType": "gasoline",
    "superchargerFuelConsumption": 1.0,
    "superchargerEfficiency": 1.0
  },
  "definitions": [
    {
      "subName": "",
      "modelName": "trin_engine_i4_normal",
      "name": "Trin I-4 Engine, gasoline automatic",
      "extraMaterials": []
    }
  ],
  "rendering": {
    "lightObjects": [],
    "sounds": [
      {
        "name": "iv_tpp:engine_i4_gasoline_normal_aut_starting",
        "activeAnimations": [
          {
            "animationType": "visibility",
            "variable": "engine_running",
            "clampMin": 1.0,
            "clampMax": 1.0
          }
        ]
      },
      {
        "name": "iv_tpp:engine_i4_gasoline_normal_aut_stopping",
        "activeAnimations": [
          {
            "animationType": "visibility",
            "variable": "engine_running"
          }
        ]
      },
      {
        "name": "iv_tpp:engine_i4_gasoline_normal_aut_sputter",
        "activeAnimations": [
          {
            "animationType": "visibility",
            "variable": "engine_backfired",
            "clampMin": 1.0,
            "clampMax": 1.0
          }
        ],
        "forceSound": true
      },
      {
        "name": "mts:engine_shifting_grinding",
        "activeAnimations": [
          {
            "animationType": "visibility",
            "variable": "engine_badshift",
            "clampMin": 1.0,
            "clampMax": 1.0
          }
        ],
        "forceSound": true
      },
      {
        "name": "iv_tpp:engine_i4_gasoline_normal_aut_cranking",
        "activeAnimations": [
          {
            "animationType": "visibility",
            "variable": "engine_starter",
            "clampMin": 1.0,
            "clampMax": 1.0
          }
        ],
        "pitchAnimations": [
          {
            "animationType": "translation",
            "variable": "electric_power",
            "axis": [0.0,0.1,0.0],
            "offset": 0.3,
            "clampMax": 1.0
          }
        ],
        "looping": true
      },
      {
        "name": "iv_tpp:trin_i4_low",
        "activeAnimations": [
          {
            "animationType": "visibility",
            "variable": "engine_powered",
            "clampMin": 1.0,
            "clampMax": 1.0
          }
        ],
        "volumeAnimations": [
          {
            "animationType": "translation",
            "variable": "engine_rpm_percent",
            "axis": [0.0,-1.100000023841858,0.0],
            "offset": 0.5
          }
        ],
        "pitchAnimations": [
          {
            "animationType": "translation",
            "variable": "engine_rpm_percent",
            "axis": [0.0,25.299999237060547,0.0],
            "offset": 0.7
          }
        ],
        "looping": true
      },
      {
        "name": "iv_tpp:trin_i4_high",
        "activeAnimations": [
          {
            "animationType": "visibility",
            "variable": "engine_powered",
            "clampMin": 1.0,
            "clampMax": 1.0
          }
        ],
        "volumeAnimations": [
          {
            "animationType": "translation",
            "variable": "engine_rpm_percent",
            "axis": [0.0,0.800000011920929,0.0],
            "offset": 0.2
          }
        ],
        "pitchAnimations": [
          {
            "animationType": "translation",
            "variable": "engine_rpm_percent",
            "axis": [0.0,25.299999237060547,0.0],
            "offset": 0.7
          }
        ],
        "looping": true
      },
      {
        "name": "iv_tpp:trin_wind",
        "activeAnimations": [
          {
            "animationType": "visibility",
            "variable": "engine_powered",
            "clampMin": 1.0,
            "clampMax": 1.0
          }
        ],
        "volumeAnimations": [
          {
            "animationType": "translation",
            "variable": "engine_rpm_percent",
            "axis": [0.0,0.29999998211860657,0.0],
            "offset": 0.4
          }
        ],
        "pitchAnimations": [
          {
            "animationType": "translation",
            "variable": "engine_rpm_percent",
            "axis": [0.0,1.899999976158142,0.0],
            "offset": 0.1
          }
        ],
        "looping": true
      }
    ],
    "particles": [
      {
        "type": "smoke",
        "spawnEveryTick": true,
        "color": "000000",
        "activeAnimations": [
          {
            "animationType": "visibility",
            "variable": "engine_temp",
            "clampMin": 115.556,
            "clampMax": 999.0
          }
        ]
      },
      {
        "type": "smoke",
        "spawnEveryTick": true,
        "quantity": 1,
        "scale": 2.5,
        "color": "000000",
        "activeAnimations": [
          {
            "animationType": "visibility",
            "variable": "engine_temp",
            "clampMin": 121.111,
            "clampMax": 999.0
          }
        ]
      },
      {
        "type": "drip",
        "color": "000000",
        "activeAnimations": [
          {
            "animationType": "visibility",
            "variable": "engine_oilleak",
            "clampMin": 1.0,
            "clampMax": 1.0
          },
          {
            "animationType": "visibility",
            "variable": "cycle_10_20",
            "clampMin": 1.0,
            "clampMax": 1.0
          }
        ]
      },
      {
        "type": "drip",
        "color": "FF0000",
        "activeAnimations": [
          {
            "animationType": "visibility",
            "variable": "engine_fuelleak",
            "clampMin": 1.0,
            "clampMax": 1.0
          },
          {
            "animationType": "visibility",
            "variable": "cycle_10_20",
            "clampMin": 1.0,
            "clampMax": 1.0
          }
        ]
      }
    ]
  },
  "general": {
    "name": "Trin I-4 Engine, gasoline automatic",
    "health": 100,
    "materials": ["minecraft:dye:12:2","minecraft:piston:0:4","minecraft:iron_ingot:0:17"]
  }
}
