{
  "generic": {
    "type": "engine_car"
  },
  "engine": {
    "starterPower": 77,
    "shiftSpeed": 5,
    "clutchTime": 10,
    "revResistance": 5,
    "maxRPM": 7000,
    "maxSafeRPM": 6500,
    "idleRPM": 700,
    "startRPM": 600,
    "revlimitRPM": 6500,
    "revlimitBounce": 5,
    "stallRPM": 400,
    "engineWinddownRate": 100,
    "heatingCoefficient": 0.8,
    "coolingCoefficient": 1.1,
    "engineWearFactor": 1.0,
    "fuelConsumption": 0.3,
    "gearRatios": [-4.0,0.0,3.5,2.4,1.7,1.0,0.78],
    "upShiftRPM": [0,0,5000,5100,4800,4100,4900],
    "downShiftRPM": [0,0,3000,3000,3000,3000,2900],
    "fuelType": "gasoline",
    "superchargerFuelConsumption": 1.0,
    "superchargerEfficiency": 1.0
  },
  "definitions": [
    {
      "subName": "",
      "modelName": "trin_engine_i5_normal",
      "name": "Trin I-5 Engine, gasoline manual",
      "extraMaterials": []
    }
  ],
  "rendering": {
    "lightObjects": [],
    "sounds": [
      {
        "name": "iv_tpp:engine_i5_gasoline_normal_man_starting",
        "activeAnimations": [
          {
            "animationType": "visibility",
            "variable": "engine_running",
            "clampMin": 1.0,
            "clampMax": 1.0
          }
        ]
      },
      {
        "name": "iv_tpp:engine_i5_gasoline_normal_man_stopping",
        "activeAnimations": [
          {
            "animationType": "visibility",
            "variable": "engine_running"
          }
        ]
      },
      {
        "name": "iv_tpp:engine_i5_gasoline_normal_man_sputter",
        "activeAnimations": [
          {
            "animationType": "visibility",
            "variable": "engine_backfired",
            "clampMin": 1.0,
            "clampMax": 1.0
          }
        ],
        "forceSound": true
      },
      {
        "name": "mts:engine_shifting_grinding",
        "activeAnimations": [
          {
            "animationType": "visibility",
            "variable": "engine_badshift",
            "clampMin": 1.0,
            "clampMax": 1.0
          }
        ],
        "forceSound": true
      },
      {
        "name": "iv_tpp:engine_i5_gasoline_normal_man_cranking",
        "activeAnimations": [
          {
            "animationType": "visibility",
            "variable": "engine_starter",
            "clampMin": 1.0,
            "clampMax": 1.0
          }
        ],
        "pitchAnimations": [
          {
            "animationType": "translation",
            "variable": "electric_power",
            "axis": [0.0,0.1,0.0],
            "offset": 0.3,
            "clampMax": 1.0
          }
        ],
        "looping": true
      },
      {
        "name": "iv_tpp:trin_i5_low",
        "activeAnimations": [
          {
            "animationType": "visibility",
            "variable": "engine_powered",
            "clampMin": 1.0,
            "clampMax": 1.0
          }
        ],
        "volumeAnimations": [
          {
            "animationType": "translation",
            "variable": "engine_rpm_percent",
            "axis": [0.0,-3.0,0.0],
            "offset": 1.0
          }
        ],
        "pitchAnimations": [
          {
            "animationType": "translation",
            "variable": "engine_rpm_percent",
            "axis": [0.0,11.399999618530273,0.0],
            "offset": 0.6
          }
        ],
        "looping": true
      },
      {
        "name": "iv_tpp:trin_i5_high",
        "activeAnimations": [
          {
            "animationType": "visibility",
            "variable": "engine_powered",
            "clampMin": 1.0,
            "clampMax": 1.0
          }
        ],
        "volumeAnimations": [
          {
            "animationType": "translation",
            "variable": "engine_rpm_percent",
            "axis": [0.0,2.0,0.0],
            "offset": 0.5
          }
        ],
        "pitchAnimations": [
          {
            "animationType": "translation",
            "variable": "engine_rpm_percent",
            "axis": [0.0,1.71999990940094,0.0],
            "offset": 0.2
          }
        ],
        "looping": true
      },
      {
        "name": "iv_tpp:trin_wind",
        "activeAnimations": [
          {
            "animationType": "visibility",
            "variable": "engine_powered",
            "clampMin": 1.0,
            "clampMax": 1.0
          }
        ],
        "volumeAnimations": [
          {
            "animationType": "translation",
            "variable": "engine_rpm_percent",
            "axis": [0.0,0.10000000149011612,0.0]
          }
        ],
        "pitchAnimations": [
          {
            "animationType": "translation",
            "variable": "engine_rpm_percent",
            "axis": [0.0,0.5,0.0],
            "offset": 1.5
          }
        ],
        "looping": true
      }
    ],
    "particles": [
      {
        "type": "smoke",
        "spawnEveryTick": true,
        "color": "000000",
        "activeAnimations": [
          {
            "animationType": "visibility",
            "variable": "engine_temp",
            "clampMin": 115.556,
            "clampMax": 999.0
          }
        ]
      },
      {
        "type": "smoke",
        "spawnEveryTick": true,
        "quantity": 1,
        "scale": 2.5,
        "color": "000000",
        "activeAnimations": [
          {
            "animationType": "visibility",
            "variable": "engine_temp",
            "clampMin": 121.111,
            "clampMax": 999.0
          }
        ]
      },
      {
        "type": "drip",
        "color": "000000",
        "activeAnimations": [
          {
            "animationType": "visibility",
            "variable": "engine_oilleak",
            "clampMin": 1.0,
            "clampMax": 1.0
          },
          {
            "animationType": "visibility",
            "variable": "cycle_10_20",
            "clampMin": 1.0,
            "clampMax": 1.0
          }
        ]
      },
      {
        "type": "drip",
        "color": "FF0000",
        "activeAnimations": [
          {
            "animationType": "visibility",
            "variable": "engine_fuelleak",
            "clampMin": 1.0,
            "clampMax": 1.0
          },
          {
            "animationType": "visibility",
            "variable": "cycle_10_20",
            "clampMin": 1.0,
            "clampMax": 1.0
          }
        ]
      }
    ]
  },
  "general": {
    "name": "Trin I-5 Engine, gasoline manual",
    "health": 100,
    "materials": ["minecraft:dye:12:2","minecraft:piston:0:4","minecraft:iron_ingot:0:17"]
  }
}
