{
  "generic": {
    "type": "engine_car"
  },
  "engine": {
    "isAutomatic": true,
    "starterPower": 77,
    "shiftSpeed": 10,
    "revResistance": 5,
    "maxRPM": 10000,
    "maxSafeRPM": 9500,
    "idleRPM": 1100,
    "startRPM": 600,
    "revlimitRPM": 9500,
    "revlimitBounce": 4,
    "stallRPM": 400,
    "engineWinddownRate": 100,
    "heatingCoefficient": 0.8,
    "coolingCoefficient": 1.1,
    "engineWearFactor": 1.0,
    "fuelConsumption": 0.15,
    "gearRatios": [-4.0,0.0,4.2,3.0,2.2,1.4,1.0,0.75],
    "upShiftRPM": [0,0,6500,7000,6800,6600,6400,6200],
    "downShiftRPM": [0,0,4500,4500,4500,4500,4500,3100],
    "fuelType": "gasoline",
    "superchargerFuelConsumption": 1.5,
    "superchargerEfficiency": 1.5
  },
  "definitions": [
    {
      "subName": "",
      "modelName": "trin_engine_i3_turbo",
      "name": "Trin Turbo Charged I-3 Engine, gasoline automatic",
      "extraMaterials": []
    }
  ],
  "rendering": {
    "lightObjects": [],
    "sounds": [
      {
        "name": "iv_tpp:engine_i3_gasoline_turbo_aut_starting",
        "activeAnimations": [
          {
            "animationType": "visibility",
            "variable": "engine_running",
            "clampMin": 1.0,
            "clampMax": 1.0
          }
        ]
      },
      {
        "name": "iv_tpp:engine_i3_gasoline_turbo_aut_stopping",
        "activeAnimations": [
          {
            "animationType": "visibility",
            "variable": "engine_running"
          }
        ]
      },
      {
        "name": "iv_tpp:engine_i3_gasoline_turbo_aut_sputter",
        "activeAnimations": [
          {
            "animationType": "visibility",
            "variable": "engine_backfired",
            "clampMin": 1.0,
            "clampMax": 1.0
          }
        ],
        "forceSound": true
      },
      {
        "name": "mts:engine_shifting_grinding",
        "activeAnimations": [
          {
            "animationType": "visibility",
            "variable": "engine_badshift",
            "clampMin": 1.0,
            "clampMax": 1.0
          }
        ],
        "forceSound": true
      },
      {
        "name": "iv_tpp:trin_i3_cranking",
        "activeAnimations": [
          {
            "animationType": "visibility",
            "variable": "engine_starter",
            "clampMin": 1.0,
            "clampMax": 1.0
          }
        ],
        "pitchAnimations": [
          {
            "animationType": "translation",
            "variable": "engine_rpm_percent",
            "axis": [0.0,2.75,0.0],
            "offset": -0.25
          },
          {
            "animationType": "translation",
            "variable": "electric_power",
            "axis": [0.0,0.1,0.0],
            "offset": 0.3,
            "clampMax": 1.0
          }
        ],
        "looping": true
      },
      {
        "name": "iv_tpp:trin_i3_low",
        "activeAnimations": [
          {
            "animationType": "visibility",
            "variable": "engine_powered",
            "clampMin": 1.0,
            "clampMax": 1.0
          }
        ],
        "volumeAnimations": [
          {
            "animationType": "translation",
            "variable": "engine_rpm_percent",
            "axis": [0.0,-1.100000023841858,0.0],
            "offset": 0.5
          }
        ],
        "pitchAnimations": [
          {
            "animationType": "translation",
            "variable": "engine_rpm_percent",
            "axis": [0.0,21.299999237060547,0.0],
            "offset": 0.7
          }
        ],
        "looping": true
      },
      {
        "name": "iv_tpp:trin_i3_high",
        "activeAnimations": [
          {
            "animationType": "visibility",
            "variable": "engine_powered",
            "clampMin": 1.0,
            "clampMax": 1.0
          }
        ],
        "volumeAnimations": [
          {
            "animationType": "translation",
            "variable": "engine_rpm_percent",
            "axis": [0.0,0.800000011920929,0.0],
            "offset": 0.2
          }
        ],
        "pitchAnimations": [
          {
            "animationType": "translation",
            "variable": "engine_rpm_percent",
            "axis": [0.0,21.299999237060547,0.0],
            "offset": 0.7
          }
        ],
        "looping": true
      },
      {
        "name": "iv_tpp:trin_wind",
        "activeAnimations": [
          {
            "animationType": "visibility",
            "variable": "engine_powered",
            "clampMin": 1.0,
            "clampMax": 1.0
          }
        ],
        "volumeAnimations": [
          {
            "animationType": "translation",
            "variable": "engine_rpm_percent",
            "axis": [0.0,0.10000000149011612,0.0]
          }
        ],
        "pitchAnimations": [
          {
            "animationType": "translation",
            "variable": "engine_rpm_percent",
            "axis": [0.0,0.5,0.0],
            "offset": 1.5
          }
        ],
        "looping": true
      }
    ],
    "particles": [
      {
        "type": "smoke",
        "spawnEveryTick": true,
        "color": "000000",
        "activeAnimations": [
          {
            "animationType": "visibility",
            "variable": "engine_temp",
            "clampMin": 115.556,
            "clampMax": 999.0
          }
        ]
      },
      {
        "type": "smoke",
        "spawnEveryTick": true,
        "quantity": 1,
        "scale": 2.5,
        "color": "000000",
        "activeAnimations": [
          {
            "animationType": "visibility",
            "variable": "engine_temp",
            "clampMin": 121.111,
            "clampMax": 999.0
          }
        ]
      },
      {
        "type": "drip",
        "color": "000000",
        "activeAnimations": [
          {
            "animationType": "visibility",
            "variable": "engine_oilleak",
            "clampMin": 1.0,
            "clampMax": 1.0
          },
          {
            "animationType": "visibility",
            "variable": "cycle_10_20",
            "clampMin": 1.0,
            "clampMax": 1.0
          }
        ]
      },
      {
        "type": "drip",
        "color": "FF0000",
        "activeAnimations": [
          {
            "animationType": "visibility",
            "variable": "engine_fuelleak",
            "clampMin": 1.0,
            "clampMax": 1.0
          },
          {
            "animationType": "visibility",
            "variable": "cycle_10_20",
            "clampMin": 1.0,
            "clampMax": 1.0
          }
        ]
      }
    ]
  },
  "general": {
    "name": "Trin Turbo Charged I-3 Engine, gasoline automatic",
    "health": 100,
    "materials": ["minecraft:dye:12:2","minecraft:piston:0:4","minecraft:iron_ingot:0:17"]
  }
}
