{
  "generic": {
    "type": "engine_boat"
  },
  "engine": {
    "isAutomatic": true,
    "starterPower": 45,
    "shiftSpeed": 20,
    "revResistance": 5,
    "maxRPM": 5500,
    "maxSafeRPM": 5250,
    "idleRPM": 600,
    "startRPM": 400,
    "revlimitRPM": -1,
    "stallRPM": 500,
    "engineWinddownRate": 100,
    "heatingCoefficient": 0.75,
    "coolingCoefficient": 1.6,
    "engineWearFactor": 0.9,
    "fuelConsumption": 1.0,
    "gearRatios": [-1.25,0.0,0.75],
    "fuelType": "gasoline",
    "superchargerFuelConsumption": 1.0,
    "superchargerEfficiency": 1.0
  },
  "parts": [
    {
      "pos": [0.0,-1.125,-0.53125],
      "maxValue": 12.0,
      "types": ["propeller"]
    }
  ],
  "definitions": [
    {
      "subName": "_carbonfiber",
      "name": "Trin Outboard Small Boat Engine (Carbon Fiber)",
      "extraMaterials": ["iv_tpp:carbon_fiber_pile:0:2"]
    },
    {
      "subName": "_electricblue",
      "name": "Trin Outboard Small Boat Engine (Electric Blue)",
      "extraMaterials": ["minecraft:dye:12:2","minecraft:dye:6:1"]
    },
    {
      "subName": "_firered",
      "name": "Trin Outboard Small Boat Engine (Fire Red)",
      "extraMaterials": ["minecraft:dye:1:3"]
    },
    {
      "subName": "_pureblack",
      "name": "Trin Outboard Small Boat Engine (Pure Black)",
      "extraMaterials": ["minecraft:dye:0:3"]
    },
    {
      "subName": "_silver",
      "name": "Trin Outboard Small Boat Engine (Silver)",
      "extraMaterials": ["minecraft:dye:8:3"]
    },
    {
      "subName": "_white",
      "name": "Trin Outboard Small Boat Engine (White)",
      "extraMaterials": ["minecraft:dye:15:2","minecraft:dye:8:1"]
    }
  ],
  "rendering": {
    "lightObjects": [],
    "sounds": [
      {
        "name": "iv_tpp:trin_boat_engine_starting",
        "activeAnimations": [
          {
            "animationType": "visibility",
            "variable": "engine_running",
            "clampMin": 1.0,
            "clampMax": 1.0
          }
        ]
      },
      {
        "name": "iv_tpp:trin_boat_engine_stopping",
        "activeAnimations": [
          {
            "animationType": "visibility",
            "variable": "engine_running"
          }
        ]
      },
      {
        "name": "iv_tpp:trin_boat_engine_sputter",
        "activeAnimations": [
          {
            "animationType": "visibility",
            "variable": "engine_backfired",
            "clampMin": 1.0,
            "clampMax": 1.0
          }
        ],
        "forceSound": true
      },
      {
        "name": "mts:engine_shifting_grinding",
        "activeAnimations": [
          {
            "animationType": "visibility",
            "variable": "engine_badshift",
            "clampMin": 1.0,
            "clampMax": 1.0
          }
        ],
        "forceSound": true
      },
      {
        "name": "iv_tpp:trin_boat_engine_cranking",
        "activeAnimations": [
          {
            "animationType": "visibility",
            "variable": "engine_starter",
            "clampMin": 1.0,
            "clampMax": 1.0
          }
        ],
        "pitchAnimations": [
          {
            "animationType": "translation",
            "variable": "electric_power",
            "axis": [0.0,0.1,0.0],
            "offset": 0.3,
            "clampMax": 1.0
          }
        ],
        "looping": true
      },
      {
        "name": "iv_tpp:trin_boat_engine_running",
        "activeAnimations": [
          {
            "animationType": "visibility",
            "variable": "engine_powered",
            "clampMin": 1.0,
            "clampMax": 1.0
          }
        ],
        "volumeAnimations": [
          {
            "animationType": "translation",
            "variable": "throttle",
            "axis": [0.0,1,0.0],
            "offset": -1
          },
          {
            "animationType": "translation",
            "variable": "engine_rpm_percent",
            "axis": [0.0,1,0.0],
            "offset": 2
          }
        ],
        "pitchAnimations": [
          {
            "animationType": "translation",
            "variable": "throttle",
            "axis": [0.0,0.25,0.0],
            "offset": -0.25
          },
          {
            "animationType": "translation",
            "variable": "engine_rpm_percent",
            "axis": [0.0,5,0.0],
            "offset": 0.8
          }
        ],
        "looping": true
      }
    ],
    "particles": [
      {
        "type": "smoke",
        "spawnEveryTick": true,
        "color": "000000",
        "activeAnimations": [
          {
            "animationType": "visibility",
            "variable": "engine_temp",
            "clampMin": 115.556,
            "clampMax": 999.0
          }
        ]
      },
      {
        "type": "smoke",
        "spawnEveryTick": true,
        "quantity": 1,
        "scale": 2.5,
        "color": "000000",
        "activeAnimations": [
          {
            "animationType": "visibility",
            "variable": "engine_temp",
            "clampMin": 121.111,
            "clampMax": 999.0
          }
        ]
      },
      {
        "type": "drip",
        "color": "000000",
        "activeAnimations": [
          {
            "animationType": "visibility",
            "variable": "engine_oilleak",
            "clampMin": 1.0,
            "clampMax": 1.0
          },
          {
            "animationType": "visibility",
            "variable": "cycle_10_20",
            "clampMin": 1.0,
            "clampMax": 1.0
          }
        ]
      },
      {
        "type": "drip",
        "color": "FF0000",
        "activeAnimations": [
          {
            "animationType": "visibility",
            "variable": "engine_fuelleak",
            "clampMin": 1.0,
            "clampMax": 1.0
          },
          {
            "animationType": "visibility",
            "variable": "cycle_10_20",
            "clampMin": 1.0,
            "clampMax": 1.0
          }
        ]
      }
    ]
  },
  "general": {
    "materials": ["minecraft:iron_ingot:0:10"]
  }
}
