{
  "generic": {
    "type": "propeller"
  },
  "propeller": {
    "pitch": 40,
    "diameter": 24
  },
  "definitions": [
    {
      "subName": "_carbonfiber",
      "modelName": "trin_boat_engine_propeller_medium",
      "name": "Trin Medium Boat Engine Propeller (Carbon Fiber)",
      "extraMaterials": ["iv_tpp:carbon_fiber_pile:0:1"]
    },
    {
      "subName": "_iron",
      "modelName": "trin_boat_engine_propeller_medium",
      "name": "Trin Medium Boat Engine Propeller (Default)",
      "extraMaterials": ["minecraft:iron_ingot:0:8"]
    }
  ],
  "rendering": {
    "lightObjects": []
  },
  "general": {
    "health": 750,
    "materials": []
  }
}