{
  "generic": {
    "type": "engine_car"
  },
  "engine": {
    "isAutomatic": true,
    "starterPower": 45,
    "shiftSpeed": 20,
    "revResistance": 7,
    "maxRPM": 17000,
    "maxSafeRPM": 15454,
    "idleRPM": 2000,
    "startRPM": 2400,
    "revlimitRPM": 14681,
    "revlimitBounce": 8,
    "stallRPM": 1300,
    "engineWinddownRate": 100,
    "heatingCoefficient": 1.0,
    "coolingCoefficient": 1.0,
    "engineWearFactor": 1.0,
    "fuelConsumption": 1.0,
    "gearRatios": [-4.0,0.0,3.5,2.5,2.0,1.5,1.25,1.0,0.75],
    "fuelType": "gasoline",
    "superchargerFuelConsumption": 1.0,
    "superchargerEfficiency": 1.0
  },
  "definitions": [
    {
      "subName": "",
      "name": "Trin TXS V12 Engine",
      "extraMaterials": []
    }
  ],
  "rendering": {
    "lightObjects": [],
    "sounds": [
      {
        "name": "iv_tpp:trin_txs_v12_starting",
        "activeAnimations": [
          {
            "animationType": "visibility",
            "variable": "engine_running",
            "clampMin": 1.0,
            "clampMax": 1.0
          }
        ]
      },
      {
        "name": "iv_tpp:trin_txs_v12_stopping",
        "activeAnimations": [
          {
            "animationType": "visibility",
            "variable": "engine_running"
          }
        ]
      },
      {
        "name": "iv_tpp:trin_txs_v12_sputter",
        "activeAnimations": [
          {
            "animationType": "visibility",
            "variable": "engine_backfired",
            "clampMin": 1.0,
            "clampMax": 1.0
          }
        ],
        "forceSound": true
      },
      {
        "name": "mts:engine_shifting_grinding",
        "activeAnimations": [
          {
            "animationType": "visibility",
            "variable": "engine_badshift",
            "clampMin": 1.0,
            "clampMax": 1.0
          }
        ],
        "forceSound": true
      },
      {
        "name": "iv_tpp:trin_txs_v12_cranking",
        "activeAnimations": [
          {
            "animationType": "visibility",
            "variable": "engine_starter",
            "clampMin": 1.0,
            "clampMax": 1.0
          }
        ],
        "pitchAnimations": [
          {
            "animationType": "translation",
            "variable": "electric_power",
            "axis": [0.0,0.1,0.0],
            "offset": 0.3,
            "clampMax": 1.0
          }
        ],
        "looping": true
      },
      {
        "name": "iv_tpp:trin_txs_v12_running",
        "activeAnimations": [
          {
            "animationType": "visibility",
            "variable": "engine_powered",
            "clampMin": 1.0,
            "clampMax": 1.0
          }
        ],
        "pitchAnimations": [
          {
            "animationType": "translation",
            "variable": "engine_rpm",
            "axis": [0.0,7.0E-5,0.0],
            "offset": 0.35
          }
        ],
        "looping": true
      }
    ],
    "particles": [
      {
        "type": "smoke",
        "spawnEveryTick": true,
        "color": "000000",
        "activeAnimations": [
          {
            "animationType": "visibility",
            "variable": "engine_temp",
            "clampMin": 115.556,
            "clampMax": 999.0
          }
        ]
      },
      {
        "type": "smoke",
        "spawnEveryTick": true,
        "quantity": 1,
        "scale": 2.5,
        "color": "000000",
        "activeAnimations": [
          {
            "animationType": "visibility",
            "variable": "engine_temp",
            "clampMin": 121.111,
            "clampMax": 999.0
          }
        ]
      },
      {
        "type": "drip",
        "color": "000000",
        "activeAnimations": [
          {
            "animationType": "visibility",
            "variable": "engine_oilleak",
            "clampMin": 1.0,
            "clampMax": 1.0
          },
          {
            "animationType": "visibility",
            "variable": "cycle_10_20",
            "clampMin": 1.0,
            "clampMax": 1.0
          }
        ]
      },
      {
        "type": "drip",
        "color": "FF0000",
        "activeAnimations": [
          {
            "animationType": "visibility",
            "variable": "engine_fuelleak",
            "clampMin": 1.0,
            "clampMax": 1.0
          },
          {
            "animationType": "visibility",
            "variable": "cycle_10_20",
            "clampMin": 1.0,
            "clampMax": 1.0
          }
        ]
      }
    ]
  },
  "general": {
    "name": "Trin TXS V12 Engine",
    "health": 100,
    "materials": ["minecraft:dye:12:2","minecraft:piston:0:12","minecraft:iron_ingot:0:24"]
  }
}
