{
  "generic": {
    "type": "engine_car"
  },
  "engine": {
    "isAutomatic": true,
    "starterPower": 45,
    "shiftSpeed": 20,
    "revResistance": 10,
    "maxRPM": 7000,
    "maxSafeRPM": 4750,
    "idleRPM": 500,
    "fuelConsumption": 0.5,
    "gearRatios": [-4.0,0.0,3.5,2.5,1.5,1.0,0.6],
    "fuelType": "gasoline"
  },
  "definitions": [
    {
      "subName": "",
      "modelName": "trin_engine_v8_normal",
      "name": "Trin V-8 Engine, gasoline automatic",
      "extraMaterials": []
    }
  ],
  "rendering": {
    "sounds": [
      {
        "name": "iv_tpp:engine_v8_gasoline_normal_aut_starting",
        "activeAnimations": [
          {
            "animationType": "visibility",
            "variable": "engine_running",
            "clampMin": 1.0,
            "clampMax": 1.0
          }
        ]
      },
      {
        "name": "iv_tpp:engine_v8_gasoline_normal_aut_stopping",
        "activeAnimations": [
          {
            "animationType": "visibility",
            "variable": "engine_running"
          }
        ]
      },
      {
        "name": "iv_tpp:engine_v8_gasoline_normal_aut_sputter",
        "activeAnimations": [
          {
            "animationType": "visibility",
            "variable": "engine_backfired",
            "clampMin": 1.0,
            "clampMax": 1.0
          }
        ],
        "forceSound": true
      },
      {
        "name": "mts:engine_shifting_grinding",
        "activeAnimations": [
          {
            "animationType": "visibility",
            "variable": "engine_badshift",
            "clampMin": 1.0,
            "clampMax": 1.0
          }
        ],
        "forceSound": true
      },
      {
        "name": "iv_tpp:engine_v8_gasoline_normal_aut_cranking",
        "activeAnimations": [
          {
            "animationType": "visibility",
            "variable": "engine_starter",
            "clampMin": 1.0,
            "clampMax": 1.0
          }
        ],
        "pitchAnimations": [
          {
            "animationType": "translation",
            "variable": "electric_power",
            "axis": [0.0,0.1,0.0],
            "offset": 0.3,
            "clampMax": 1.0
          }
        ],
        "looping": true
      },
      {
        "name": "iv_tpp:trin_v8_man_running",
        "activeAnimations": [
          {
            "animationType": "visibility",
            "variable": "engine_powered",
            "clampMin": 1.0,
            "clampMax": 1.0
          }
        ],
        "volumeAnimations": [
          {
            "animationType": "translation",
            "variable": "engine_rpm_percent",
            "axis": [0.0,0.5,0.0],
            "offset": 1.0
          }
        ],
        "pitchAnimations": [
          {
            "animationType": "translation",
            "variable": "engine_rpm_percent",
            "axis": [0.0,8.199999809265137,0.0],
            "offset": 0.8
          }
        ],
        "looping": true
      }
    ],
    "particles": [
      {
        "type": "smoke",
        "activeAnimations": [
          {
            "animationType": "visibility",
            "variable": "engine_temp",
            "clampMin": 115.556,
            "clampMax": 999.0
          }
        ],
        "spawnEveryTick": true,
        "color": "#000000"
      },
      {
        "type": "smoke",
        "activeAnimations": [
          {
            "animationType": "visibility",
            "variable": "engine_temp",
            "clampMin": 121.111,
            "clampMax": 999.0
          }
        ],
        "spawnEveryTick": true,
        "color": "#000000",
        "scale": 2.5,
        "quantity": 1
      },
      {
        "type": "drip",
        "activeAnimations": [
          {
            "animationType": "visibility",
            "variable": "engine_oilleak",
            "clampMin": 1.0,
            "clampMax": 1.0
          },
          {
            "animationType": "visibility",
            "variable": "cycle_10_20",
            "clampMin": 1.0,
            "clampMax": 1.0
          }
        ],
        "color": "#000000"
      },
      {
        "type": "drip",
        "activeAnimations": [
          {
            "animationType": "visibility",
            "variable": "engine_fuelleak",
            "clampMin": 1.0,
            "clampMax": 1.0
          },
          {
            "animationType": "visibility",
            "variable": "cycle_10_20",
            "clampMin": 1.0,
            "clampMax": 1.0
          }
        ],
        "color": "#FF0000"
      }
    ]
  },
  "prefixFolders": "f engines/",
  "packID": "iv_tpp",
  "systemName": "engine_v8_gasoline_normal_aut",
  "classification": "part",
  "general": {
    "name": "Trin V-8 Engine, gasoline automatic",
    "materials": ["minecraft:dye:12:1","minecraft:piston:0:8","minecraft:iron_ingot:0:16"]
  }
}
