{
  "motorized": {
    "isRearWheelDrive": true,
    "emptyMass": 10000,
    "fuelCapacity": 28000,
    "axleRatio": 3.25,
    "dragCoefficient": 1.0,
    "brakingFactor": 1.8,
    "downForce": 0.225,
    "overSteer": -4,
    "maxTiltAngle": -3
  },
  "parts": [
    {
      "pos": [1.5,0.0,0.0],
      "minValue": 0.8,
      "maxValue": 1.1,
      "types": ["ground_wheel"]
    },
    {
      "pos": [-1.5,0.0,0.0],
      "minValue": 0.8,
      "maxValue": 1.1,
      "types": ["ground_wheel"]
    },
    {
      "pos": [1.1875,0.0,0.0],
      "minValue": 0.8,
      "maxValue": 1.1,
      "types": ["ground_wheel"]
    },
    {
      "pos": [-1.1875,0.0,0.0],
      "minValue": 0.8,
      "maxValue": 1.1,
      "types": ["ground_wheel"]
    },
    {
      "pos": [1.5,0.0,7.375],
      "turnsWithSteer": true,
      "minValue": 0.8,
      "maxValue": 1.1,
      "types": ["ground_wheel"],
      "animations": [
        {
          "animationType": "rotation",
          "variable": "rudder",
          "centerPoint": [0.0,0.0,0.0],
          "axis": [0.0,-1.0,0.0]
        }
      ]
    },
    {
      "pos": [-1.5,0.0,7.375],
      "turnsWithSteer": true,
      "minValue": 0.8,
      "maxValue": 1.1,
      "types": ["ground_wheel"],
      "animations": [
        {
          "animationType": "rotation",
          "variable": "rudder",
          "centerPoint": [0.0,0.0,0.0],
          "axis": [0.0,-1.0,0.0]
        }
      ]
    },
    {
      "pos": [0.9375,0.625,8.5625],
      "rot": [0.0,0.0,0.0],
      "dismountPos": [1.9375,0.625,8.5625],
      "isController": true,
      "types": ["seat"],
      "linkedDoors": ["door_f"]
    },
    {
      "pos": [0.5625,0.6875,7.8125],
      "rot": [0.0,180.0,0.0],
      "types": ["seat_bus"],
      "linkedDoors": ["door_s"]
    },
    {
      "pos": [1.125,0.6875,6.625],
      "rot": [0.0,180.0,0.0],
      "types": ["seat_bus"],
      "linkedDoors": ["door_s"]
    },
    {
      "pos": [-1.125,0.6875,6.625],
      "rot": [0.0,180.0,0.0],
      "types": ["seat_bus"],
      "linkedDoors": ["door_s"]
    },
    {
      "pos": [0.375,0.6875,6.625],
      "rot": [0.0,180.0,0.0],
      "types": ["seat_bus"],
      "linkedDoors": ["door_s"]
    },
    {
      "pos": [1.125,0.6875,4.625],
      "rot": [0.0,0.0,0.0],
      "types": ["seat_bus"],
      "linkedDoors": ["door_s"]
    },
    {
      "pos": [-1.125,0.6875,4.625],
      "rot": [0.0,0.0,0.0],
      "types": ["seat_bus"],
      "linkedDoors": ["door_s"]
    },
    {
      "pos": [0.375,0.6875,4.625],
      "rot": [0.0,0.0,0.0],
      "types": ["seat_bus"],
      "linkedDoors": ["door_s"]
    },
    {
      "pos": [1.375,0.6875,4.0625],
      "rot": [0.0,-90.0,0.0],
      "types": ["seat_bus"],
      "linkedDoors": ["door_s"]
    },
    {
      "pos": [1.375,0.6875,3.3125],
      "rot": [0.0,-90.0,0.0],
      "types": ["seat_bus"],
      "linkedDoors": ["door_s"]
    },
    {
      "pos": [1.125,0.6875,2.75],
      "rot": [0.0,180.0,0.0],
      "types": ["seat_bus"],
      "linkedDoors": ["door_s"]
    },
    {
      "pos": [-1.125,0.6875,2.75],
      "rot": [0.0,180.0,0.0],
      "types": ["seat_bus"],
      "linkedDoors": ["door_s"]
    },
    {
      "pos": [0.375,0.6875,2.75],
      "rot": [0.0,180.0,0.0],
      "types": ["seat_bus"],
      "linkedDoors": ["door_s"]
    },
    {
      "pos": [1.125,0.6875,0.75],
      "rot": [0.0,0.0,0.0],
      "types": ["seat_bus"],
      "linkedDoors": ["door_s"]
    },
    {
      "pos": [-1.125,0.6875,0.75],
      "rot": [0.0,0.0,0.0],
      "types": ["seat_bus"],
      "linkedDoors": ["door_s"]
    },
    {
      "pos": [0.375,0.6875,0.75],
      "rot": [0.0,0.0,0.0],
      "types": ["seat_bus"],
      "linkedDoors": ["door_s"]
    },
    {
      "pos": [0.5625,0.6875,0.375],
      "rot": [0.0,180.0,0.0],
      "types": ["seat_bus"],
      "linkedDoors": ["door_s"]
    },
    {
      "pos": [1.125,0.6875,-2.0625],
      "rot": [0.0,0.0,0.0],
      "types": ["seat_bus"],
      "linkedDoors": ["door_s"]
    },
    {
      "pos": [0.375,0.6875,-2.0625],
      "rot": [0.0,0.0,0.0],
      "types": ["seat_bus"],
      "linkedDoors": ["door_s"]
    },
    {
      "pos": [0.5,0.125,-2.8125],
      "rot": [0.0,-90.0,0.0],
      "minValue": 0.59,
      "maxValue": 0.91,
      "types": ["engine_car"],
      "linkedDoors": ["door_hood"]
    },
    {
      "pos": [0.0,2.625,9.625],
      "maxValue": 3.0,
      "types": ["generic_lightbar"]
    },
    {
      "pos": [0.0,2.625,-3.1875],
      "maxValue": 3.0,
      "types": ["generic_lightbar"]
    },
    {
      "pos": [0.0,2.625,9.39063],
      "maxValue": 3.0,
      "types": ["generic_roofdevice"]
    },
    {
      "pos": [-0.8125,0.5625,-3.50625],
      "rot": [0.0,0.0,0.0],
      "maxValue": 1.0,
      "types": ["generic_bumpersticker"]
    },
    {
      "pos": [0.0,0.5625,-3.50625],
      "rot": [0.0,0.0,0.0],
      "maxValue": 1.0,
      "types": ["generic_bumpersticker"]
    },
    {
      "pos": [0.8125,0.5625,-3.50625],
      "rot": [0.0,0.0,0.0],
      "maxValue": 1.0,
      "types": ["generic_bumpersticker"]
    },
    {
      "pos": [1.375,2.625,9.5625],
      "rot": [0.0,0.0,0.0],
      "maxValue": 1.0,
      "types": ["generic_flag_small"]
    },
    {
      "pos": [-1.375,2.625,9.5625],
      "rot": [0.0,0.0,0.0],
      "maxValue": 1.0,
      "types": ["generic_flag_small"]
    },
    {
      "pos": [1.375,2.625,-2.8125],
      "rot": [0.0,0.0,0.0],
      "maxValue": 1.0,
      "types": ["generic_flag_small"]
    },
    {
      "pos": [-1.375,2.625,-2.8125],
      "rot": [0.0,0.0,0.0],
      "maxValue": 1.0,
      "types": ["generic_flag_small"]
    },
    {
      "pos": [0.0,2.375,9.8125],
      "rot": [0.0,0.0,0.0],
      "maxValue": 1.0,
      "types": ["generic_sign_busdestination"]
    },
    {
      "pos": [1.625,2.375,7.375],
      "rot": [0.0,90.0,0.0],
      "maxValue": 1.0,
      "types": ["generic_sign_busdestination"]
    },
    {
      "pos": [-1.625,2.375,7.375],
      "rot": [0.0,-90.0,0.0],
      "inverseMirroring": true,
      "maxValue": 1.0,
      "types": ["generic_sign_busdestination"]
    },
    {
      "pos": [1.625,2.375,0.01],
      "rot": [0.0,90.0,0.0],
      "maxValue": 1.0,
      "types": ["generic_sign_busdestination"]
    },
    {
      "pos": [-1.625,2.375,0.01],
      "rot": [0.0,-90.0,0.0],
      "inverseMirroring": true,
      "maxValue": 1.0,
      "types": ["generic_sign_busdestination"]
    },
    {
      "pos": [0.0,1.75,-3.4375],
      "rot": [0.0,0.0,0.0],
      "maxValue": 1.0,
      "types": ["generic_sign_busdestination"]
    },
    {
      "pos": [0.0,2.34375,9.70313],
      "rot": [0.0,0.0,0.0],
      "maxValue": 1.0,
      "types": ["generic_sign_busdestination"]
    },
    {
      "pos": [0.0,1.46875,-2.3125],
      "rot": [-23.0,0.0,0.0],
      "maxValue": 1.0,
      "types": ["generic_sign_busdestination"]
    },
    {
      "pos": [0.0,-0.03125,9.90688],
      "rot": [0.0,0.0,0.0],
      "maxValue": 3.0,
      "defaultPart": "iv_tpp:plate_gramados",
      "types": ["generic_licenseplate_us","generic_licenseplate_euro"]
    },
    {
      "pos": [0.0,0.28125,-3.53188],
      "rot": [0.0,180.0,0.0],
      "maxValue": 3.0,
      "defaultPart": "iv_tpp:plate_gramados",
      "types": ["generic_licenseplate_us","generic_licenseplate_euro"]
    }
  ],
  "collision": [
    {
      "pos": [1.5,1.0,0.0],
      "width": 0.125,
      "height": 0.125
    },
    {
      "pos": [-1.5,1.0,0.0],
      "width": 0.125,
      "height": 0.125
    },
    {
      "pos": [1.5,1.0,7.375],
      "width": 0.125,
      "height": 0.125
    },
    {
      "pos": [-1.5,1.0,7.375],
      "width": 0.125,
      "height": 0.125
    },
    {
      "pos": [0.0,2.5625,-1.0],
      "width": 3.0,
      "height": 0.125
    },
    {
      "pos": [0.0,2.5625,2.0],
      "width": 3.0,
      "height": 0.125
    },
    {
      "pos": [0.0,2.5625,5.0],
      "width": 3.0,
      "height": 0.125
    },
    {
      "pos": [0.0,2.5625,8.0],
      "width": 3.0,
      "height": 0.125
    }
  ],
  "doors": [
    {
      "name": "door_f",
      "closedPos": [-1.59375,0.90625,8.8125],
      "openPos": [-1.71875,0.90625,7.375],
      "width": 0.3125,
      "height": 0.125,
      "closeOnMovement": true
    },
    {
      "name": "door_s",
      "closedPos": [0.46875,0.96875,9.25],
      "openPos": [0.46875,0.96875,9.25],
      "width": 0.3125,
      "height": 0.125,
      "closeOnMovement": true
    },
    {
      "name": "door_hood",
      "closedPos": [0.0,1.25,-3.375],
      "openPos": [0.0,1.6875,-3.75],
      "width": 1.0,
      "height": 0.5
    }
  ],
  "connectionGroups": [
    {
      "groupName": "HOOKUP",
      "hookup": true,
      "connections": [
        {
          "type": "tow_bumper_heavy",
          "pos": [0.0,-0.3125,8.0],
          "distance": 0.0
        },
        {
          "type": "tow_wheel_heavy",
          "pos": [0.0,-0.5,7.375],
          "distance": 0.0
        }
      ]
    }
  ],
  "instruments": [
    {
      "pos": [1.125,0.875,9.29625],
      "rot": [0.0,0.0,0.0],
      "scale": 0.015625,
      "hudX": 80,
      "hudY": 36,
      "hudScale": 0.25
    },
    {
      "pos": [1.125,1.03125,9.29625],
      "rot": [0.0,0.0,0.0],
      "scale": 0.015625,
      "hudX": 160,
      "hudY": 36,
      "hudScale": 0.5
    },
    {
      "pos": [0.75,1.03125,9.29625],
      "rot": [0.0,0.0,0.0],
      "scale": 0.015625,
      "hudX": 240,
      "hudY": 36,
      "hudScale": 0.5
    },
    {
      "pos": [0.75,0.875,9.29625],
      "rot": [0.0,0.0,0.0],
      "scale": 0.015625,
      "hudX": 320,
      "hudY": 36,
      "hudScale": 0.25
    }
  ],
  "definitions": [
    {
      "subName": "_pureblack_g",
      "name": "Trin Transortus TQ2 - pure black paint, gray interior",
      "extraMaterials": ["mts:iv_tpp.paint_bucket_pureblack:0:1","minecraft:wool:7:2","minecraft:wool:8:3"]
    },
    {
      "subName": "_tungsten_g",
      "name": "Trin Transortus TQ2 - tungsten paint, gray interior",
      "extraMaterials": ["mts:iv_tpp.paint_bucket_tungsten:0:1","minecraft:wool:7:2","minecraft:wool:8:3"]
    },
    {
      "subName": "_firered_g",
      "name": "Trin Transortus TQ2 - fire red paint, gray interior",
      "extraMaterials": ["mts:iv_tpp.paint_bucket_firered:0:1","minecraft:wool:7:2","minecraft:wool:8:3"]
    }
  ],
  "rendering": {
    "textObjects": [],
    "animatedObjects": [
      {
        "objectName": "$steer",
        "animations": [
          {
            "animationType": "rotation",
            "variable": "rudder",
            "centerPoint": [0.9375,0.96875,9.25],
            "axis": [0.0,0.0,1.0]
          }
        ]
      },
      {
        "objectName": "$gas",
        "animations": [
          {
            "animationType": "rotation",
            "variable": "throttle",
            "centerPoint": [0.0,0.59375,9.48438],
            "axis": [-30.0,0.0,0.0]
          }
        ]
      },
      {
        "objectName": "$brake",
        "animations": [
          {
            "animationType": "rotation",
            "variable": "brake",
            "centerPoint": [0.0,0.59375,9.48438],
            "axis": [-30.0,0.0,0.0]
          }
        ]
      },
      {
        "objectName": "$p_brake",
        "animations": [
          {
            "animationType": "rotation",
            "variable": "p_brake",
            "centerPoint": [0.0,0.5,9.0625],
            "axis": [-30.0,0.0,0.0]
          }
        ]
      },
      {
        "objectName": "$shift",
        "animations": [
          {
            "animationType": "rotation",
            "variable": "engine_gearshift_1",
            "centerPoint": [0.0,0.5,8.71875],
            "axis": [1.0,0.0,0.0]
          }
        ]
      },
      {
        "objectName": "$%door_frontR",
        "animations": [
          {
            "animationType": "translation",
            "variable": "door_f",
            "axis": [-0.09375,0.0,-1.4375],
            "duration": 30,
            "forwardsStartSound": "iv_tpp:busdooropen",
            "reverseStartSound": "iv_tpp:busdoorclose"
          }
        ]
      },
      {
        "objectName": "$%door_frontL",
        "applyAfter": "$%door_frontR",
        "animations": []
      },
      {
        "objectName": "$%door_frontLD_window",
        "applyAfter": "$%door_frontR",
        "animations": []
      },
      {
        "objectName": "$%door_frontLU_window",
        "applyAfter": "$%door_frontR",
        "animations": []
      },
      {
        "objectName": "$%door_frontRU_window",
        "applyAfter": "$%door_frontR",
        "animations": []
      },
      {
        "objectName": "$%door_frontRD_window",
        "applyAfter": "$%door_frontR",
        "animations": []
      },
      {
        "objectName": "%door_side_R",
        "animations": [
          {
            "animationType": "translation",
            "variable": "door_s",
            "axis": [-0.09375,0.0,0.71875],
            "duration": 30,
            "forwardsStartSound": "iv_tpp:busdooropen",
            "reverseStartSound": "iv_tpp:busdoorclose"
          }
        ]
      },
      {
        "objectName": "%doorF_side_R_window_U",
        "applyAfter": "%door_side_R",
        "animations": []
      },
      {
        "objectName": "%doorF_side_R_window_D",
        "applyAfter": "%door_side_R",
        "animations": []
      },
      {
        "objectName": "%doorR_side_R_window_U",
        "applyAfter": "%door_side_R",
        "animations": []
      },
      {
        "objectName": "%doorR_side_R_window_D",
        "applyAfter": "%door_side_R",
        "animations": []
      },
      {
        "objectName": "%door_side_L",
        "animations": [
          {
            "animationType": "translation",
            "variable": "door_s",
            "axis": [-0.09375,0.0,-0.71875],
            "duration": 30,
            "forwardsStartSound": "iv_tpp:busdooropen",
            "reverseStartSound": "iv_tpp:busdoorclose"
          }
        ]
      },
      {
        "objectName": "%doorF_side_L_window_U",
        "applyAfter": "%door_side_L",
        "animations": []
      },
      {
        "objectName": "%doorF_side_L_window_D",
        "applyAfter": "%door_side_L",
        "animations": []
      },
      {
        "objectName": "%doorR_side_L_window_U",
        "applyAfter": "%door_side_L",
        "animations": []
      },
      {
        "objectName": "%doorR_side_L_window_D",
        "applyAfter": "%door_side_L",
        "animations": []
      },
      {
        "objectName": "$hood",
        "animations": [
          {
            "animationType": "rotation",
            "variable": "door_hood",
            "centerPoint": [0.0,1.5,-3.4375],
            "axis": [120.0,0.0,0.0],
            "duration": 20,
            "forwardsStartSound": "iv_tpp:hoodopen",
            "reverseStartSound": "iv_tpp:hoodclose"
          }
        ]
      }
    ],
    "customVariables": ["door_s","door_f"],
    "sounds": [
      {
        "name": "iv_tcp_v3:horn_1",
        "activeAnimations": [
          {
            "animationType": "visibility",
            "variable": "horn",
            "clampMin": 1.0,
            "clampMax": 1.0
          }
        ],
        "looping": true
      },
      {
        "name": "mts:air_brake_activating",
        "activeAnimations": [
          {
            "animationType": "visibility",
            "variable": "p_brake",
            "clampMin": 1.0,
            "clampMax": 1.0
          }
        ]
      },
      {
        "name": "mts:backup_beeper",
        "activeAnimations": [
          {
            "animationType": "visibility",
            "variable": "engine_gear_1",
            "clampMin": -10.0,
            "clampMax": -1.0
          }
        ],
        "looping": true
      }
    ],
    "particles": [
      {
        "type": "smoke",
        "activeAnimations": [
          {
            "animationType": "visibility",
            "variable": "engine_piston_1_1_cam_1",
            "clampMin": 1.0,
            "clampMax": 1.0
          }
        ],
        "color": "#D9D9D9",
        "transparency": 0.25,
        "toTransparency": 0.25,
        "scale": 1.0,
        "pos": [1.4375,-0.0625,-3.375],
        "initialVelocity": [0.0,0.0,-1.0]
      },
      {
        "type": "smoke",
        "activeAnimations": [
          {
            "animationType": "visibility",
            "variable": "engine_backfired_1",
            "clampMin": 1.0,
            "clampMax": 1.0
          }
        ],
        "color": "#000000",
        "scale": 2.5,
        "pos": [1.4375,-0.0625,-3.375],
        "initialVelocity": [0.0,0.0,-1.0],
        "quantity": 5
      }
    ]
  },
  "prefixFolders": "d - utility/",
  "packID": "iv_tcp_v3",
  "systemName": "trin_transortus_tq2",
  "classification": "vehicle",
  "general": {
    "description": "Utility City Bus\nOpen passenger doors by clicking intertainment screen\n\nRecommended parts:\nLarge Sized Wheels\nHeavy Duty V8 Engine\nModel 1 Seat (Driver), Bus seats (Passengers)",
    "materials": ["minecraft:iron_ingot:0:14","minecraft:iron_block:0:13","minecraft:glowstone_dust:0:16","minecraft:glass_pane:0:34","mts:iv_tpp.metal_pile_4:0:3","mts:iv_tpp.metal_pile_1:0:6","mts:iv_tpp.chassis_cbs_t3d:0:1","minecraft:daylight_detector:0:5"]
  }
}
