{
  "motorized": {
    "isFrontWheelDrive": true,
    "isRearWheelDrive": true,
    "hasAutopilot": true,
    "emptyMass": 4500,
    "fuelCapacity": 28000,
    "axleRatio": 3.5,
    "dragCoefficient": 0.75,
    "brakingFactor": 1.4,
    "downForce": 0.2,
    "overSteer": -1,
    "maxTiltAngle": -2.5
  },
  "parts": [
    {
      "pos": [1.375,0.0,-1.25],
      "minValue": 0.9,
      "maxValue": 1.1,
      "types": ["ground_wheel"]
    },
    {
      "pos": [-1.375,0.0,-1.25],
      "minValue": 0.9,
      "maxValue": 1.1,
      "types": ["ground_wheel"]
    },
    {
      "pos": [1.0625,0.0,-1.25],
      "minValue": 0.9,
      "maxValue": 1.1,
      "types": ["ground_wheel"]
    },
    {
      "pos": [-1.0625,0.0,-1.25],
      "minValue": 0.9,
      "maxValue": 1.1,
      "types": ["ground_wheel"]
    },
    {
      "pos": [1.375,0.0,0.0],
      "minValue": 0.9,
      "maxValue": 1.1,
      "types": ["ground_wheel"]
    },
    {
      "pos": [-1.375,0.0,0.0],
      "minValue": 0.9,
      "maxValue": 1.1,
      "types": ["ground_wheel"]
    },
    {
      "pos": [1.0625,0.0,0.0],
      "minValue": 0.9,
      "maxValue": 1.1,
      "types": ["ground_wheel"]
    },
    {
      "pos": [-1.0625,0.0,0.0],
      "minValue": 0.9,
      "maxValue": 1.1,
      "types": ["ground_wheel"]
    },
    {
      "pos": [1.375,0.0,6.125],
      "turnsWithSteer": true,
      "minValue": 0.9,
      "maxValue": 1.1,
      "types": ["ground_wheel"],
      "animations": [
        {
          "animationType": "rotation",
          "variable": "rudder",
          "centerPoint": [0.0,0.0,0.0],
          "axis": [0.0,-1.0,0.0]
        }
      ]
    },
    {
      "pos": [-1.375,0.0,6.125],
      "turnsWithSteer": true,
      "minValue": 0.9,
      "maxValue": 1.1,
      "types": ["ground_wheel"],
      "animations": [
        {
          "animationType": "rotation",
          "variable": "rudder",
          "centerPoint": [0.0,0.0,0.0],
          "axis": [0.0,-1.0,0.0]
        }
      ]
    },
    {
      "pos": [0.625,0.625,4.28125],
      "rot": [0.0,0.0,0.0],
      "dismountPos": [1.625,0.625,4.28125],
      "isController": true,
      "types": ["seat"],
      "linkedDoors": ["door_fl"]
    },
    {
      "pos": [-0.625,0.625,4.28125],
      "rot": [0.0,0.0,0.0],
      "dismountPos": [-1.625,0.625,4.28125],
      "types": ["seat"],
      "additionalParts": [
        {
          "pos": [-0.625,0.63,4.28125],
          "rot": [0.0,90.0,0.0],
          "maxValue": 2.0,
          "types": ["interactable_luggage"]
        }
      ],
      "linkedDoors": ["door_fr"]
    },
    {
      "pos": [0.0,0.25,5.4375],
      "rot": [0.0,0.0,0.0],
      "minValue": 0.6,
      "maxValue": 0.9,
      "types": ["engine_car"],
      "linkedDoors": ["door_hood"]
    },
    {
      "pos": [0.0,0.5,7.15625],
      "maxValue": 3.0,
      "defaultPart": "iv_tpp:plate_gramados",
      "types": ["generic_licenseplate_us","generic_licenseplate_euro"]
    },
    {
      "pos": [0.375,0.1875,-2.28125],
      "rot": [0.0,180.0,0.0],
      "maxValue": 3.0,
      "defaultPart": "iv_tpp:plate_gramados",
      "types": ["generic_licenseplate_us","generic_licenseplate_euro"]
    },
    {
      "pos": [0.0,2.125,4.6875],
      "maxValue": 3.0,
      "types": ["generic_lightbar","generic_roofdevice"]
    },
    {
      "pos": [0.0,2.125,3.875],
      "maxValue": 3.0,
      "types": ["generic_lightbar","generic_roofdevice"]
    },
    {
      "pos": [0.0,0.15625,7.0625],
      "maxValue": 2.0,
      "types": ["generic_bullbar"]
    },
    {
      "pos": [0.625,0.5,7.13125],
      "rot": [0.0,180.0,0.0],
      "maxValue": 1.0,
      "types": ["generic_bumpersticker"]
    },
    {
      "pos": [-0.625,0.5,7.13125],
      "rot": [0.0,180.0,0.0],
      "maxValue": 1.0,
      "types": ["generic_bumpersticker"]
    },
    {
      "pos": [-0.375,0.1875,-2.25625],
      "rot": [0.0,0.0,0.0],
      "maxValue": 1.0,
      "types": ["generic_bumpersticker"]
    },
    {
      "pos": [0.875,2.07813,3.9375],
      "maxValue": 3.0,
      "types": ["generic_gyrophare"]
    },
    {
      "pos": [-0.875,2.07813,3.9375],
      "maxValue": 3.0,
      "types": ["generic_gyrophare"]
    },
    {
      "pos": [1.25,1.1875,6.625],
      "maxValue": 3.0,
      "types": ["generic_flag_small"]
    },
    {
      "pos": [-1.25,1.1875,6.625],
      "maxValue": 3.0,
      "types": ["generic_flag_small"]
    },
    {
      "pos": [1.0,2.0625,4.75],
      "maxValue": 3.0,
      "types": ["generic_flag_small"]
    },
    {
      "pos": [-1.0,2.0625,4.75],
      "maxValue": 3.0,
      "types": ["generic_flag_small"]
    },
    {
      "pos": [0.8125,1.0625,7.03125],
      "maxValue": 3.0,
      "types": ["generic_ledlight"]
    },
    {
      "pos": [-0.8125,1.0625,7.03125],
      "maxValue": 3.0,
      "types": ["generic_ledlight"]
    },
    {
      "pos": [0.0,0.5625,3.625],
      "maxValue": 3.5,
      "types": ["generic_truckbed"]
    }
  ],
  "collision": [
    {
      "pos": [0.0,1.1875,6.125],
      "width": 2.0,
      "height": 0.125
    },
    {
      "pos": [0.0,2.0625,4.4375],
      "width": 2.0,
      "height": 0.125
    },
    {
      "pos": [1.375,0.625,6.125],
      "width": 0.125,
      "height": 0.125
    },
    {
      "pos": [-1.375,0.625,6.125],
      "width": 0.125,
      "height": 0.125
    },
    {
      "pos": [1.375,0.625,-1.25],
      "width": 0.125,
      "height": 0.125
    },
    {
      "pos": [-1.375,0.625,-1.25],
      "width": 0.125,
      "height": 0.125
    },
    {
      "pos": [0.0,0.5,2.6875],
      "width": 2.0,
      "height": 0.125,
      "isInterior": true
    },
    {
      "pos": [0.0,0.5,0.6875],
      "width": 2.0,
      "height": 0.125,
      "isInterior": true
    },
    {
      "pos": [0.0,0.5,-1.3125],
      "width": 2.0,
      "height": 0.125,
      "isInterior": true
    }
  ],
  "doors": [
    {
      "name": "door_fl",
      "closedPos": [1.34375,0.9375,4.125],
      "openPos": [2.28125,0.9375,4.59375],
      "width": 0.3125,
      "height": 0.125,
      "closeOnMovement": true,
      "activateOnSeated": true
    },
    {
      "name": "door_fr",
      "closedPos": [-1.34375,0.9375,4.125],
      "openPos": [-2.28125,0.9375,4.59375],
      "width": 0.3125,
      "height": 0.125,
      "closeOnMovement": true,
      "activateOnSeated": true
    },
    {
      "name": "door_fl",
      "closedPos": [1.34375,0.96875,5.0],
      "openPos": [1.5,0.96875,5.0],
      "width": 0.3125,
      "height": 0.125,
      "closeOnMovement": true,
      "activateOnSeated": true
    },
    {
      "name": "door_fr",
      "closedPos": [-1.34375,0.96875,5.0],
      "openPos": [-1.5,0.96875,5.0],
      "width": 0.3125,
      "height": 0.125,
      "closeOnMovement": true,
      "activateOnSeated": true
    },
    {
      "name": "door_hood",
      "closedPos": [0.0,1.25,6.4375],
      "openPos": [0.0,2.1875,6.1875],
      "width": 1.0,
      "height": 0.5
    }
  ],
  "connectionGroups": [
    {
      "groupName": "HOOKUP",
      "hookup": true,
      "connections": [
        {
          "type": "tow_bumper_heavy",
          "pos": [0.0,0.0625,7.0],
          "distance": 0.0
        },
        {
          "type": "tow_bumper_heavy",
          "pos": [0.0,0.0625,-2.125],
          "distance": 0.0
        },
        {
          "type": "tow_wheel_heavy",
          "pos": [0.0,-0.5,6.125],
          "distance": 0.0
        }
      ]
    },
    {
      "groupName": "TRAILER",
      "canIntiateConnections": true,
      "connections": [
        {
          "type": "trailer_ring",
          "pos": [0.0,0.15625,-2.3125],
          "distance": 0.0
        }
      ]
    }
  ],
  "instruments": [
    {
      "pos": [0.78125,1.23438,5.0468],
      "rot": [0.0,0.0,0.0],
      "scale": 0.015625,
      "hudX": 80,
      "hudY": 36,
      "hudScale": 0.25
    },
    {
      "pos": [0.46875,1.23438,5.0468],
      "rot": [0.0,0.0,0.0],
      "scale": 0.015625,
      "hudX": 160,
      "hudY": 36,
      "hudScale": 0.5
    },
    {
      "pos": [0.78125,1.07813,5.0468],
      "rot": [0.0,0.0,0.0],
      "scale": 0.015625,
      "hudX": 240,
      "hudY": 36,
      "hudScale": 0.5
    },
    {
      "pos": [0.46875,1.07813,5.0468],
      "rot": [0.0,0.0,0.0],
      "scale": 0.015625,
      "hudX": 320,
      "hudY": 36,
      "hudScale": 0.25
    }
  ],
  "definitions": [
    {
      "subName": "_bloodred_g",
      "name": "Trin Utility Capro Triple Axle TQ2 trim - Blood Red paint, Gray interior",
      "extraMaterials": ["mts:iv_tpp.paint_bucket_bloodred:0:1","minecraft:wool:7:2","minecraft:wool:8:3"]
    },
    {
      "subName": "_electricblue_g",
      "name": "Trin Utility Capro Triple Axle TQ2 trim - Electric Blue paint, Gray interior",
      "extraMaterials": ["mts:iv_tpp.paint_bucket_electricblue:0:1","minecraft:wool:7:2","minecraft:wool:8:3"]
    },
    {
      "subName": "_jetblack_g",
      "name": "Trin Utility Capro Triple Axle TQ2 trim - Jet Black paint, Gray interior",
      "extraMaterials": ["mts:iv_tpp.paint_bucket_jetblack:0:1","minecraft:wool:7:2","minecraft:wool:8:3"]
    }
  ],
  "rendering": {
    "textObjects": [],
    "animatedObjects": [
      {
        "objectName": "steer",
        "animations": [
          {
            "animationType": "rotation",
            "variable": "rudder",
            "centerPoint": [0.625,1.21875,5.0],
            "axis": [0.0,0.0,1.0]
          }
        ]
      },
      {
        "objectName": "gas",
        "animations": [
          {
            "animationType": "rotation",
            "variable": "throttle",
            "centerPoint": [0.0,0.59375,5.375],
            "axis": [-25.0,0.0,0.0]
          }
        ]
      },
      {
        "objectName": "brake",
        "animations": [
          {
            "animationType": "rotation",
            "variable": "brake",
            "centerPoint": [0.0,0.59375,5.375],
            "axis": [-25.0,0.0,0.0]
          }
        ]
      },
      {
        "objectName": "clutch",
        "animations": [
          {
            "animationType": "visibility",
            "variable": "engine_isautomatic_1"
          },
          {
            "animationType": "rotation",
            "variable": "engine_clutch_upshift_1",
            "centerPoint": [0.0,0.59375,5.3125],
            "axis": [-25.0,0.0,0.0]
          },
          {
            "animationType": "rotation",
            "variable": "engine_clutch_downshift_1",
            "centerPoint": [0.0,0.59375,5.3125],
            "axis": [-25.0,0.0,0.0]
          }
        ]
      },
      {
        "objectName": "p_brake",
        "animations": [
          {
            "animationType": "rotation",
            "variable": "p_brake",
            "centerPoint": [0.0,0.3125,4.4375],
            "axis": [-30.0,0.0,0.0]
          }
        ]
      },
      {
        "objectName": "shift",
        "animations": [
          {
            "animationType": "rotation",
            "variable": "engine_gearshift_1",
            "centerPoint": [0.0,0.3125,4.71875],
            "axis": [1.0,0.0,0.0]
          }
        ]
      },
      {
        "objectName": "door_FR",
        "animations": [
          {
            "animationType": "rotation",
            "variable": "door_fr",
            "centerPoint": [-1.40625,0.0,5.1875],
            "axis": [0.0,60.0,0.0],
            "duration": 20,
            "forwardsStartSound": "iv_tpp:dooropen",
            "reverseEndSound": "iv_tpp:doorclose"
          }
        ]
      },
      {
        "objectName": "doorwindow_FR",
        "applyAfter": "door_FR",
        "animations": []
      },
      {
        "objectName": "door_FL",
        "animations": [
          {
            "animationType": "rotation",
            "variable": "door_fl",
            "centerPoint": [1.40625,0.0,5.1875],
            "axis": [0.0,-60.0,0.0],
            "duration": 20,
            "forwardsStartSound": "iv_tpp:dooropen",
            "reverseEndSound": "iv_tpp:doorclose"
          }
        ]
      },
      {
        "objectName": "doorwindow_FL",
        "applyAfter": "door_FL",
        "animations": []
      },
      {
        "objectName": "hood",
        "animations": [
          {
            "animationType": "rotation",
            "variable": "door_hood",
            "centerPoint": [0.0,1.3125,5.625],
            "axis": [-60.0,0.0,0.0],
            "duration": 20,
            "forwardsStartSound": "iv_tpp:hoodopen",
            "reverseStartSound": "iv_tpp:hoodclose"
          }
        ]
      },
      {
        "objectName": "wheel_hold_L",
        "animations": [
          {
            "animationType": "rotation",
            "variable": "rudder",
            "centerPoint": [1.25,0.0,6.125],
            "axis": [0.0,-1.0,0.0]
          }
        ]
      },
      {
        "objectName": "wheel_hold_R",
        "animations": [
          {
            "animationType": "rotation",
            "variable": "rudder",
            "centerPoint": [-1.25,0.0,6.125],
            "axis": [0.0,-1.0,0.0]
          }
        ]
      }
    ],
    "customVariables": [],
    "sounds": [
      {
        "name": "iv_tcp_v3:big_fat_horn_of_doom",
        "activeAnimations": [
          {
            "animationType": "visibility",
            "variable": "horn",
            "clampMin": 1.0,
            "clampMax": 1.0
          }
        ],
        "looping": true
      },
      {
        "name": "mts:air_brake_activating",
        "activeAnimations": [
          {
            "animationType": "visibility",
            "variable": "p_brake",
            "clampMin": 1.0,
            "clampMax": 1.0
          }
        ]
      },
      {
        "name": "mts:backup_beeper",
        "activeAnimations": [
          {
            "animationType": "visibility",
            "variable": "engine_gear_1",
            "clampMin": -10.0,
            "clampMax": -1.0
          }
        ],
        "looping": true
      }
    ],
    "particles": [
      {
        "type": "smoke",
        "activeAnimations": [
          {
            "animationType": "visibility",
            "variable": "engine_piston_1_2_cam_1",
            "clampMin": 1.0,
            "clampMax": 1.0
          }
        ],
        "color": "#D9D9D9",
        "transparency": 0.25,
        "toTransparency": 0.25,
        "scale": 1.0,
        "pos": [1.375,0.0625,1.0],
        "initialVelocity": [1.0,0.0,0.0]
      },
      {
        "type": "smoke",
        "activeAnimations": [
          {
            "animationType": "visibility",
            "variable": "engine_backfired_1",
            "clampMin": 1.0,
            "clampMax": 1.0
          }
        ],
        "color": "#000000",
        "scale": 2.5,
        "pos": [1.375,0.0625,1.0],
        "initialVelocity": [1.0,0.0,0.0],
        "quantity": 5
      },
      {
        "type": "smoke",
        "activeAnimations": [
          {
            "animationType": "visibility",
            "variable": "engine_piston_2_2_cam_1",
            "clampMin": 1.0,
            "clampMax": 1.0
          }
        ],
        "color": "#D9D9D9",
        "transparency": 0.25,
        "toTransparency": 0.25,
        "scale": 1.0,
        "pos": [-1.375,0.0625,1.0],
        "initialVelocity": [-1.0,0.0,0.0]
      },
      {
        "type": "smoke",
        "activeAnimations": [
          {
            "animationType": "visibility",
            "variable": "engine_backfired_1",
            "clampMin": 1.0,
            "clampMax": 1.0
          }
        ],
        "color": "#000000",
        "scale": 2.5,
        "pos": [-1.375,0.0625,1.0],
        "initialVelocity": [-1.0,0.0,0.0],
        "quantity": 5
      }
    ]
  },
  "prefixFolders": "d - utility/",
  "packID": "iv_tcp_v3",
  "systemName": "trin_capro3axle_tq2",
  "classification": "vehicle",
  "general": {
    "description": "Utility Modular Truck Platform\n\nRecommended parts:\nLarge Sized Wheels\nHeavy Duty V8 Engine\nModel 2 Seats",
    "materials": ["minecraft:iron_ingot:0:16","minecraft:iron_block:0:11","minecraft:glowstone_dust:0:16","minecraft:glass_pane:0:4","mts:iv_tpp.metal_pile_2:0:2","mts:iv_tpp.metal_pile_1:0:2","mts:iv_tpp.chassis_hd10mod_t16_hv8:0:1"]
  }
}
