{
  "motorized": {
    "isFrontWheelDrive": true,
    "isRearWheelDrive": true,
    "hasAutopilot": true,
    "emptyMass": 23500,
    "fuelCapacity": 30000,
    "axleRatio": 3.5,
    "dragCoefficient": 0.75,
    "brakingFactor": 1.8,
    "downForce": 0.25,
    "overSteer": 0,
    "maxTiltAngle": -1.8
  },
  "parts": [
    {
      "pos": [1.375,0.0,-3.0],
      "minValue": 1.0,
      "maxValue": 1.25,
      "types": ["ground_wheel"]
    },
    {
      "pos": [-1.375,0.0,-3.0],
      "minValue": 1.0,
      "maxValue": 1.25,
      "types": ["ground_wheel"]
    },
    {
      "pos": [0.9375,0.0,-3.0],
      "minValue": 1.0,
      "maxValue": 1.25,
      "types": ["ground_wheel"]
    },
    {
      "pos": [-0.9375,0.0,-3.0],
      "minValue": 1.0,
      "maxValue": 1.25,
      "types": ["ground_wheel"]
    },
    {
      "pos": [1.375,0.0,-1.5],
      "minValue": 1.0,
      "maxValue": 1.25,
      "types": ["ground_wheel"]
    },
    {
      "pos": [-1.375,0.0,-1.5],
      "minValue": 1.0,
      "maxValue": 1.25,
      "types": ["ground_wheel"]
    },
    {
      "pos": [1.375,0.0,0.0],
      "minValue": 1.0,
      "maxValue": 1.25,
      "types": ["ground_wheel"]
    },
    {
      "pos": [-1.375,0.0,0.0],
      "minValue": 1.0,
      "maxValue": 1.25,
      "types": ["ground_wheel"]
    },
    {
      "pos": [1.375,0.0,7.0625],
      "turnsWithSteer": true,
      "minValue": 1.0,
      "maxValue": 1.25,
      "types": ["ground_wheel"],
      "animations": [
        {
          "animationType": "rotation",
          "variable": "rudder",
          "centerPoint": [0.0,0.0,0.0],
          "axis": [0.0,-1.0,0.0]
        }
      ]
    },
    {
      "pos": [-1.375,0.0,7.0625],
      "turnsWithSteer": true,
      "minValue": 1.0,
      "maxValue": 1.25,
      "types": ["ground_wheel"],
      "animations": [
        {
          "animationType": "rotation",
          "variable": "rudder",
          "centerPoint": [0.0,0.0,0.0],
          "axis": [0.0,-1.0,0.0]
        }
      ]
    },
    {
      "pos": [0.625,1.0,4.875],
      "rot": [0.0,0.0,0.0],
      "dismountPos": [1.625,1.0,4.875],
      "isController": true,
      "types": ["seat"],
      "linkedDoors": ["door_fl"]
    },
    {
      "pos": [-0.625,1.0,4.875],
      "rot": [0.0,0.0,0.0],
      "dismountPos": [-1.625,1.0,4.875],
      "types": ["seat"],
      "additionalParts": [
        {
          "pos": [-0.625,1.01,4.875],
          "rot": [0.0,90.0,0.0],
          "maxValue": 2.0,
          "types": ["interactable_luggage"]
        }
      ],
      "linkedDoors": ["door_fr"]
    },
    {
      "pos": [0.0,0.375,6.0625],
      "rot": [0.0,0.0,0.0],
      "minValue": 0.6,
      "maxValue": 0.95,
      "types": ["engine_car"],
      "linkedDoors": ["door_hood"]
    },
    {
      "pos": [0.0,3.1875,4.09375],
      "maxValue": 3.0,
      "types": ["generic_lightbar"]
    },
    {
      "pos": [0.0,3.0,4.875],
      "maxValue": 3.0,
      "types": ["generic_lightbar"]
    },
    {
      "pos": [0.0,3.01,4.875],
      "maxValue": 3.0,
      "types": ["generic_roofdevice"]
    },
    {
      "pos": [-1.09375,0.625,-4.06875],
      "rot": [0.0,0.0,0.0],
      "maxValue": 1.0,
      "types": ["generic_bumpersticker"]
    },
    {
      "pos": [1.09375,0.625,-4.06875],
      "rot": [0.0,0.0,0.0],
      "maxValue": 1.0,
      "types": ["generic_bumpersticker"]
    },
    {
      "pos": [0.875,0.125,8.25625],
      "rot": [0.0,180.0,0.0],
      "maxValue": 1.0,
      "types": ["generic_bumpersticker"]
    },
    {
      "pos": [-0.875,0.125,8.25625],
      "rot": [0.0,180.0,0.0],
      "maxValue": 1.0,
      "types": ["generic_bumpersticker"]
    },
    {
      "pos": [0.5625,-0.1875,8.25625],
      "rot": [0.0,180.0,0.0],
      "maxValue": 1.0,
      "types": ["generic_bumpersticker"]
    },
    {
      "pos": [-0.5625,-0.1875,8.25625],
      "rot": [0.0,180.0,0.0],
      "maxValue": 1.0,
      "types": ["generic_bumpersticker"]
    },
    {
      "pos": [0.0,-0.1875,8.25625],
      "rot": [0.0,180.0,0.0],
      "maxValue": 1.0,
      "types": ["generic_bumpersticker"]
    },
    {
      "pos": [-1.125,1.375,1.84375],
      "rot": [0.0,0.0,0.0],
      "maxValue": 3.0,
      "types": ["interactable_crate"]
    },
    {
      "pos": [1.125,1.375,1.84375],
      "rot": [0.0,0.0,0.0],
      "maxValue": 3.0,
      "types": ["interactable_crate"]
    },
    {
      "pos": [-1.125,1.375,3.26563],
      "rot": [0.0,0.0,0.0],
      "maxValue": 3.0,
      "types": ["interactable_crate"]
    },
    {
      "pos": [1.125,1.375,3.26563],
      "rot": [0.0,0.0,0.0],
      "maxValue": 3.0,
      "types": ["interactable_crate"]
    },
    {
      "pos": [-1.09375,1.8125,-3.25],
      "maxValue": 3.0,
      "types": ["generic_gyrophare"]
    },
    {
      "pos": [1.09375,1.8125,-3.25],
      "maxValue": 3.0,
      "types": ["generic_gyrophare"]
    },
    {
      "pos": [-1.09375,2.0625,-0.25],
      "maxValue": 3.0,
      "types": ["generic_gyrophare"]
    },
    {
      "pos": [1.09375,2.0625,-0.25],
      "maxValue": 3.0,
      "types": ["generic_gyrophare"]
    },
    {
      "pos": [-1.09375,2.3125,1.0],
      "maxValue": 3.0,
      "types": ["generic_gyrophare"]
    },
    {
      "pos": [1.09375,2.3125,1.0],
      "maxValue": 3.0,
      "types": ["generic_gyrophare"]
    },
    {
      "pos": [-1.21875,2.6875,3.8125],
      "maxValue": 3.0,
      "types": ["generic_gyrophare"]
    },
    {
      "pos": [1.21875,2.6875,3.8125],
      "maxValue": 3.0,
      "types": ["generic_gyrophare"]
    },
    {
      "pos": [-1.0625,3.1875,4.09375],
      "maxValue": 3.0,
      "types": ["generic_gyrophare"]
    },
    {
      "pos": [1.0625,3.1875,4.09375],
      "maxValue": 3.0,
      "types": ["generic_gyrophare"]
    },
    {
      "pos": [-0.9375,3.0,4.875],
      "maxValue": 3.0,
      "types": ["generic_gyrophare"]
    },
    {
      "pos": [0.9375,3.0,4.875],
      "maxValue": 3.0,
      "types": ["generic_gyrophare"]
    },
    {
      "pos": [0.0,0.15625,8.29],
      "rot": [0.0,0.0,0.0],
      "maxValue": 3.0,
      "defaultPart": "iv_tpp:plate_gramados",
      "types": ["generic_licenseplate_us","generic_licenseplate_euro"]
    },
    {
      "pos": [0.0,0.1875,-4.08],
      "rot": [0.0,180.0,0.0],
      "maxValue": 3.0,
      "defaultPart": "iv_tpp:plate_gramados",
      "types": ["generic_licenseplate_us","generic_licenseplate_euro"]
    }
  ],
  "collision": [
    {
      "pos": [0.0,1.5,6.8125],
      "width": 2.0,
      "height": 0.125
    },
    {
      "pos": [0.0,3.0,4.375],
      "width": 3.0,
      "height": 0.125
    },
    {
      "pos": [0.0,1.5,2.625],
      "width": 2.0,
      "height": 0.125
    },
    {
      "pos": [0.0,0.8125,0.375],
      "width": 2.0,
      "height": 0.125
    },
    {
      "pos": [0.0,0.8125,-2.625],
      "width": 2.0,
      "height": 0.125
    }
  ],
  "doors": [
    {
      "name": "door_fl",
      "closedPos": [1.28125,0.875,4.65625],
      "openPos": [2.21875,0.875,5.1875],
      "width": 0.3125,
      "height": 0.125,
      "closeOnMovement": true,
      "activateOnSeated": true
    },
    {
      "name": "door_fl",
      "closedPos": [1.28125,1.4375,5.40625],
      "openPos": [1.53125,1.4375,5.5625],
      "width": 0.3125,
      "height": 0.125,
      "closeOnMovement": true,
      "activateOnSeated": true
    },
    {
      "name": "door_fr",
      "closedPos": [-1.28125,0.875,4.65625],
      "openPos": [-2.21875,0.875,5.1875],
      "width": 0.3125,
      "height": 0.125,
      "closeOnMovement": true,
      "activateOnSeated": true
    },
    {
      "name": "door_fr",
      "closedPos": [-1.28125,1.4375,5.40625],
      "openPos": [-1.53125,1.4375,5.5625],
      "width": 0.3125,
      "height": 0.125,
      "closeOnMovement": true,
      "activateOnSeated": true
    },
    {
      "name": "door_hood",
      "closedPos": [0.0,1.5625,7.5],
      "openPos": [0.0,2.75,7.0625],
      "width": 1.0,
      "height": 0.5
    }
  ],
  "connectionGroups": [
    {
      "groupName": "HOOKUP",
      "hookup": true,
      "connections": [
        {
          "type": "tow_bumper_heavy",
          "pos": [0.0,-0.3125,8.1875],
          "distance": 0.0
        },
        {
          "type": "tow_wheel_heavy",
          "pos": [0.0,-0.625,7.0625],
          "distance": 0.0
        }
      ]
    },
    {
      "groupName": "TRAILER",
      "canIntiateConnections": true,
      "connections": [
        {
          "type": "tow_bumper_heavy",
          "pos": [0.0,0.625,-5.9375],
          "distance": 0.0
        }
      ]
    }
  ],
  "instruments": [
    {
      "pos": [0.78125,1.34375,5.67125],
      "rot": [0.0,0.0,0.0],
      "scale": 0.015625,
      "hudX": 80,
      "hudY": 36,
      "hudScale": 0.25
    },
    {
      "pos": [0.78125,1.5,5.67125],
      "rot": [0.0,0.0,0.0],
      "scale": 0.015625,
      "hudX": 160,
      "hudY": 36,
      "hudScale": 0.5
    },
    {
      "pos": [0.46875,1.5,5.67125],
      "rot": [0.0,0.0,0.0],
      "scale": 0.015625,
      "hudX": 240,
      "hudY": 36,
      "hudScale": 0.5
    },
    {
      "pos": [0.46875,1.34375,5.67125],
      "rot": [0.0,0.0,0.0],
      "scale": 0.015625,
      "hudX": 320,
      "hudY": 36,
      "hudScale": 0.25
    }
  ],
  "definitions": [
    {
      "subName": "_purewhite_g",
      "name": "Trin Utility Tormador TQ1 - pure white paint, gray interior",
      "extraMaterials": ["mts:iv_tpp.paint_bucket_purewhite:0:1","minecraft:wool:7:2","minecraft:wool:8:3"]
    },
    {
      "subName": "_bloodred_g",
      "name": "Trin Utility Tormador TQ1 - blood red paint, gray interior",
      "extraMaterials": ["mts:iv_tpp.paint_bucket_bloodred:0:1","minecraft:wool:7:2","minecraft:wool:8:3"]
    },
    {
      "subName": "_plum_g",
      "name": "Trin Utility Tormador TQ1 - plum paint, gray interior",
      "extraMaterials": ["mts:iv_tpp.paint_bucket_plum:0:1","minecraft:wool:7:2","minecraft:wool:8:3"]
    }
  ],
  "rendering": {
    "textObjects": [],
    "animatedObjects": [
      {
        "objectName": "$steer",
        "animations": [
          {
            "animationType": "rotation",
            "variable": "rudder",
            "centerPoint": [0.625,1.46875,5.625],
            "axis": [0.0,0.0,1.0]
          }
        ]
      },
      {
        "objectName": "$gas",
        "animations": [
          {
            "animationType": "rotation",
            "variable": "throttle",
            "centerPoint": [0.0,1.03125,5.85938],
            "axis": [-20.0,0.0,0.0]
          }
        ]
      },
      {
        "objectName": "$brake",
        "animations": [
          {
            "animationType": "rotation",
            "variable": "brake",
            "centerPoint": [0.0,1.03125,5.85938],
            "axis": [-20.0,0.0,0.0]
          }
        ]
      },
      {
        "objectName": "$p_brake",
        "animations": [
          {
            "animationType": "rotation",
            "variable": "p_brake",
            "centerPoint": [0.0,0.875,4.84375],
            "axis": [-30.0,0.0,0.0]
          }
        ]
      },
      {
        "objectName": "$shift",
        "animations": [
          {
            "animationType": "rotation",
            "variable": "engine_gearshift_1",
            "centerPoint": [0.125,0.8125,5.40625],
            "axis": [1.0,0.0,0.0]
          }
        ]
      },
      {
        "objectName": "$doorR",
        "animations": [
          {
            "animationType": "rotation",
            "variable": "door_fr",
            "centerPoint": [-1.3125,0.0,5.75],
            "axis": [0.0,60.0,0.0],
            "duration": 20,
            "forwardsStartSound": "iv_tpp:dooropen",
            "reverseEndSound": "iv_tpp:doorclose"
          }
        ]
      },
      {
        "objectName": "$doorwindowR",
        "applyAfter": "$doorR",
        "animations": []
      },
      {
        "objectName": "$doorL",
        "animations": [
          {
            "animationType": "rotation",
            "variable": "door_fl",
            "centerPoint": [1.3125,0.0,5.75],
            "axis": [0.0,-60.0,0.0],
            "duration": 20,
            "forwardsStartSound": "iv_tpp:dooropen",
            "reverseEndSound": "iv_tpp:doorclose"
          }
        ]
      },
      {
        "objectName": "$doorwindowL",
        "applyAfter": "$doorL",
        "animations": []
      },
      {
        "objectName": "$hood",
        "animations": [
          {
            "animationType": "rotation",
            "variable": "door_hood",
            "centerPoint": [0.0,1.65625,6.1875],
            "axis": [-60.0,0.0,0.0],
            "duration": 20,
            "forwardsStartSound": "iv_tpp:hoodopen",
            "reverseStartSound": "iv_tpp:hoodclose"
          }
        ]
      },
      {
        "objectName": "$tow_t",
        "animations": [
          {
            "animationType": "rotation",
            "variable": "trailer",
            "centerPoint": [0.0,0.5625,-4.0625],
            "axis": [-90.0,0.0,0.0],
            "duration": 160,
            "forwardsStartSound": "iv_tpp:hydraulic_sound",
            "reverseStartSound": "iv_tpp:hydraulic_sound"
          }
        ]
      }
    ],
    "customVariables": [],
    "sounds": [
      {
        "name": "iv_tcp:big_fat_horn_of_doom",
        "activeAnimations": [
          {
            "animationType": "visibility",
            "variable": "horn",
            "clampMin": 1.0,
            "clampMax": 1.0
          }
        ],
        "looping": true
      },
      {
        "name": "mts:air_brake_activating",
        "activeAnimations": [
          {
            "animationType": "visibility",
            "variable": "p_brake",
            "clampMin": 1.0,
            "clampMax": 1.0
          }
        ]
      },
      {
        "name": "mts:backup_beeper",
        "activeAnimations": [
          {
            "animationType": "visibility",
            "variable": "engine_gear_1",
            "clampMin": -10.0,
            "clampMax": -1.0
          }
        ],
        "looping": true
      }
    ],
    "particles": [
      {
        "type": "smoke",
        "activeAnimations": [
          {
            "animationType": "visibility",
            "variable": "engine_piston_1_2_cam_1",
            "clampMin": 1.0,
            "clampMax": 1.0
          }
        ],
        "color": "#D9D9D9",
        "transparency": 0.25,
        "toTransparency": 0.25,
        "scale": 1.0,
        "pos": [1.4375,3.3125,4.125],
        "initialVelocity": [0.0,0.0,-1.0]
      },
      {
        "type": "smoke",
        "activeAnimations": [
          {
            "animationType": "visibility",
            "variable": "engine_backfired_1",
            "clampMin": 1.0,
            "clampMax": 1.0
          }
        ],
        "color": "#000000",
        "scale": 2.5,
        "pos": [1.4375,3.3125,4.125],
        "initialVelocity": [0.0,0.0,-1.0],
        "quantity": 5
      },
      {
        "type": "smoke",
        "activeAnimations": [
          {
            "animationType": "visibility",
            "variable": "engine_piston_2_2_cam_1",
            "clampMin": 1.0,
            "clampMax": 1.0
          }
        ],
        "color": "#D9D9D9",
        "transparency": 0.25,
        "toTransparency": 0.25,
        "scale": 1.0,
        "pos": [-1.4375,3.3125,4.125],
        "initialVelocity": [0.0,0.0,-1.0]
      },
      {
        "type": "smoke",
        "activeAnimations": [
          {
            "animationType": "visibility",
            "variable": "engine_backfired_1",
            "clampMin": 1.0,
            "clampMax": 1.0
          }
        ],
        "color": "#000000",
        "scale": 2.5,
        "pos": [-1.4375,3.3125,4.125],
        "initialVelocity": [0.0,0.0,-1.0],
        "quantity": 5
      }
    ]
  },
  "prefixFolders": "d - utility/",
  "packID": "iv_tcp_v3",
  "systemName": "trin_tormador_tq1",
  "classification": "vehicle",
  "general": {
    "description": "Utility Class C Super Heavy Duty Tow Truck\n\nRecommended parts:\nGiant Sized Wheels\nHeavy Duty V8 Engine\nModel 2 Seats",
    "materials": ["minecraft:iron_ingot:0:16","minecraft:iron_block:0:12","minecraft:iron_nugget:0:12","minecraft:glowstone_dust:0:18","minecraft:wool:7:4","minecraft:glass_pane:0:6"]
  }
}
