{
  "generic": {
    "type": "engine_car"
  },
  "engine": {
    "starterPower": 45,
    "shiftSpeed": 20,
    "revResistance": 7,
    "maxRPM": 20000,
    "maxSafeRPM": 18181,
    "idleRPM": 2000,
    "startRPM": 2400,
    "revlimitRPM": 17271,
    "revlimitBounce": 14,
    "stallRPM": 1300,
    "engineWinddownRate": 10,
    "heatingCoefficient": 0.8,
    "coolingCoefficient": 1.25,
    "engineWearFactor": 1.0,
    "fuelConsumption": 3.5,
    "gearRatios": [-4.0,0.0,2.5,2.0,1.5,1.25],
    "fuelType": "avgas",
    "superchargerFuelConsumption": 1,
    "superchargerEfficiency": 1.0
  },
  "definitions": [
    {
      "subName": "",
      "name": "Trin Biturbine Ultimate Engine",
      "extraMaterials": []
    }
  ],
  "rendering": {
    "animatedObjects": [
      {
        "objectName": "$fan1",
        "animations": [
          {
            "animationType": "rotation",
            "variable": "engine",
            "centerPoint": [0.5,0.4375,2.3125],
            "axis": [0.0,0.0,1.0]
          }
        ]
      },
      {
        "objectName": "$fan2",
        "animations": [
          {
            "animationType": "rotation",
            "variable": "engine",
            "centerPoint": [-0.5,0.4375,2.3125],
            "axis": [0.0,0.0,1.0]
          }
        ]
      }
    ],
    "lightObjects": [],
    "sounds": [
      {
        "name": "iv_tpp:trin_biturbine_engine_starting",
        "activeAnimations": [
          {
            "animationType": "visibility",
            "variable": "engine_running",
            "clampMin": 1.0,
            "clampMax": 1.0
          }
        ]
      },
      {
        "name": "iv_tpp:trin_biturbine_engine_stopping",
        "activeAnimations": [
          {
            "animationType": "visibility",
            "variable": "engine_running"
          }
        ]
      },
      {
        "name": "iv_tpp:trin_biturbine_engine_sputter",
        "activeAnimations": [
          {
            "animationType": "visibility",
            "variable": "engine_backfired",
            "clampMin": 1.0,
            "clampMax": 1.0
          }
        ],
        "forceSound": true
      },
      {
        "name": "mts:engine_shifting_grinding",
        "activeAnimations": [
          {
            "animationType": "visibility",
            "variable": "engine_badshift",
            "clampMin": 1.0,
            "clampMax": 1.0
          }
        ],
        "forceSound": true
      },
      {
        "name": "iv_tpp:trin_biturbine_engine_cranking",
        "activeAnimations": [
          {
            "animationType": "visibility",
            "variable": "engine_starter",
            "clampMin": 1.0,
            "clampMax": 1.0
          }
        ],
        "pitchAnimations": [
          {
            "animationType": "translation",
            "variable": "electric_power",
            "axis": [0.0,0.1,0.0],
            "offset": 0.3,
            "clampMax": 1.0
          }
        ],
        "looping": true
      },
      {
        "name": "iv_tpp:trin_biturbine_engine_running",
        "activeAnimations": [
          {
            "animationType": "visibility",
            "variable": "engine_powered",
            "clampMin": 1.0,
            "clampMax": 1.0
          }
        ],
        "pitchAnimations": [
          {
            "animationType": "translation",
            "variable": "engine_rpm",
            "axis": [0.0,7.0E-5,0.0],
            "offset": 0.35
          }
        ],
        "looping": true
      }
    ],
    "particles": [
      {
        "type": "smoke",
        "spawnEveryTick": true,
        "color": "000000",
        "activeAnimations": [
          {
            "animationType": "visibility",
            "variable": "engine_temp",
            "clampMin": 115.556,
            "clampMax": 999.0
          }
        ]
      },
      {
        "type": "smoke",
        "spawnEveryTick": true,
        "quantity": 1,
        "scale": 2.5,
        "color": "000000",
        "activeAnimations": [
          {
            "animationType": "visibility",
            "variable": "engine_temp",
            "clampMin": 121.111,
            "clampMax": 999.0
          }
        ]
      },
      {
        "type": "drip",
        "color": "000000",
        "activeAnimations": [
          {
            "animationType": "visibility",
            "variable": "engine_oilleak",
            "clampMin": 1.0,
            "clampMax": 1.0
          },
          {
            "animationType": "visibility",
            "variable": "cycle_10_20",
            "clampMin": 1.0,
            "clampMax": 1.0
          }
        ]
      },
      {
        "type": "drip",
        "color": "FF0000",
        "activeAnimations": [
          {
            "animationType": "visibility",
            "variable": "engine_fuelleak",
            "clampMin": 1.0,
            "clampMax": 1.0
          },
          {
            "animationType": "visibility",
            "variable": "cycle_10_20",
            "clampMin": 1.0,
            "clampMax": 1.0
          }
        ]
      }
    ]
  },
  "general": {
    "name": "Trin Biturbine Ultimate Engine",
    "materials": ["minecraft:iron_block:0:24","minecraft:nether_star:0:1"]
  }
}
