{
  "generic": {
    "type": "engine_bike_invisible",
    "forwardsDamageMultiplier": 1.0,
    "width": 0.25,
    "height": 0.25,
    "mass": 3
  },
  "engine": {
    "type": "normal",
    "disableAutomaticStarter": true,
    "shiftSpeed": 20,
    "revResistance": 4,
    "maxRPM": 300,
    "maxSafeRPM": 1200,
    "revlimitRPM": -1,
    "revlimitBounce": 12,
    "engineWinddownRate": 50,
    "heatingCoefficient": 0.0025,
    "coolingCoefficient": 0.25,
    "engineWearFactor": 0.0025,
    "fuelConsumption": 0.25,
    "gearRatios": [-1.0,0.0,1.0],
    "fuelType": "electric",
    "superchargerFuelConsumption": -0.25,
    "superchargerEfficiency": -1.0,
    "isCrankingNotPitched": true
  },
  "definitions": [
    {
      "subName": "",
      "name": "Bicycle Chain",
      "extraMaterialLists": [
        []
      ]
    }
  ],
  "variableModifiers": [
    {
      "variable": "revlimitRPM",
      "setValue": 100.0,
      "animations": [
        {
          "animationType": "visibility",
          "variable": "engine_reversed",
          "clampMin": 1.0,
          "clampMax": 1.0
        }
      ]
    }
  ],
  "rendering": {
    "animatedObjects": [],
    "lightObjects": [],
    "sounds": [
      {
        "name": "ivv:bicyclechain",
        "activeAnimations": [
          {
            "animationType": "visibility",
            "variable": "engine_powered",
            "clampMin": 1.0,
            "clampMax": 1.0
          },
          {
            "animationType": "visibility",
            "variable": "engine_reversed"
          }
        ],
        "volumeAnimations": [
          {
            "animationType": "translation",
            "variable": "throttle",
            "axis": [0.0,0.25,0.0],
            "offset": -0.25,
            "duration": 5
          },
          {
            "animationType": "translation",
            "variable": "engine_rpm_percent",
            "axis": [0.0,1.0,0.0]
          }
        ],
        "pitchAnimations": [
          {
            "animationType": "translation",
            "variable": "throttle",
            "axis": [0.0,0.0,0.0],
            "duration": 5
          },
          {
            "animationType": "translation",
            "variable": "engine_rpm_percent",
            "axis": [0.0,1.0,0.0]
          }
        ],
        "looping": true,
        "minDistance": 0.0,
        "minDistanceVolume": 0.0,
        "middleDistance": 0.0,
        "middleDistanceVolume": 0.0,
        "maxDistance": 0.0,
        "maxDistanceVolume": 0.0
      },
      {
        "name": "ivv:bicyclechainfreewheel",
        "activeAnimations": [
          {
            "animationType": "visibility",
            "variable": "engine_powered",
            "clampMin": 1.0,
            "clampMax": 1.0
          },
          {
            "animationType": "inhibitor",
            "variable": "engine_gear",
            "clampMin": -1.0
          },
          {
            "animationType": "visibility",
            "variable": "throttle",
            "clampMax": 0.0625,
            "forwardsDelay": 5
          }
        ],
        "volumeAnimations": [
          {
            "animationType": "inhibitor",
            "variable": "engine_gear",
            "clampMin": -1.0
          },
          {
            "animationType": "translation",
            "variable": "throttle",
            "axis": [0.0,-0.5,0.0],
            "duration": 5
          },
          {
            "animationType": "activator",
            "variable": "p_brake",
            "clampMin": -3.0,
            "clampMax": 3.0
          },
          {
            "animationType": "translation",
            "variable": "speed",
            "axis": [0.0,0.1,0.0],
            "offset": -0.125
          }
        ],
        "pitchAnimations": [
          {
            "animationType": "translation",
            "variable": "throttle",
            "axis": [0.0,0.0,0.0],
            "duration": 5
          },
          {
            "animationType": "translation",
            "variable": "speed",
            "axis": [0.0,0.1,0.0]
          }
        ],
        "looping": true,
        "minDistance": 0.0,
        "minDistanceVolume": 0.0,
        "middleDistance": 0.0,
        "middleDistanceVolume": 0.0,
        "maxDistance": 0.0,
        "maxDistanceVolume": 0.0
      }
    ],
    "particles": [],
    "modelType": "none"
  },
  "general": {
    "name": "Bruh",
    "description": "Leg so hot, hot hot leg",
    "health": 100,
    "materialLists": [
      [
        "oredict:nuggetIron:3"
      ]
    ],
    "repairMaterialLists": [
      [
        "oredict:nuggetIron:1"
      ]
    ],
    "radarWidth": 0.0,
    "radarRange": 0.0
  }
}