{
  "motorized": {
    "isFrontWheelDrive": true,
    "isRearWheelDrive": true,
    "hasAutopilot": true,
    "hasRunningLights": true,
    "hasHeadlights": true,
    "hasTurnSignals": true,
    "emptyMass": 3490,
    "fuelCapacity": 50000,
    "emptyMass": 3490,
    "fuelCapacity": 50000,
    "downForce": 0.7,
    "overSteer": 4,
    "underSteer": 2.25,
    "overSteerAccel": 3.25,
    "overSteerDecel": -1,
    "axleRatio": 3.88,
    "brakingFactor": 1.8,
    "maxTiltAngle": -3.0,
    "dragCoefficient": 0.6
  },
  "parts": [
    {
      "pos": [1.375,0.0,-1.5],
      "minValue": 0.99,
      "maxValue": 1.26,
      "types": ["ground_wheel"]
    },
    {
      "pos": [-1.375,0.0,-1.5],
      "minValue": 0.99,
      "maxValue": 1.26,
      "types": ["ground_wheel"]
    },
    {
      "pos": [1.375,0.0,0.0],
      "minValue": 0.99,
      "maxValue": 1.26,
      "types": ["ground_wheel"]
    },
    {
      "pos": [-1.375,0.0,0.0],
      "minValue": 0.99,
      "maxValue": 1.26,
      "types": ["ground_wheel"]
    },
    {
      "pos": [0.9375,0.0,-1.5],
      "minValue": 0.99,
      "maxValue": 1.26,
      "types": ["ground_wheel"]
    },
    {
      "pos": [-0.9375,0.0,-1.5],
      "minValue": 0.99,
      "maxValue": 1.26,
      "types": ["ground_wheel"]
    },
    {
      "pos": [0.9375,0.0,0.0],
      "minValue": 0.99,
      "maxValue": 1.26,
      "types": ["ground_wheel"]
    },
    {
      "pos": [-0.9375,0.0,0.0],
      "minValue": 0.99,
      "maxValue": 1.26,
      "types": ["ground_wheel"]
    },
    {
      "pos": [1.25,0.0,5.625],
      "turnsWithSteer": true,
      "minValue": 0.99,
      "maxValue": 1.26,
      "types": ["ground_wheel"],
      "animations": [
        {
          "animationType": "rotation",
          "variable": "rudder",
          "centerPoint": [0.0,0.0,0.0],
          "axis": [0.0,-1.0,0.0]
        }
      ]
    },
    {
      "pos": [-1.25,0.0,5.625],
      "turnsWithSteer": true,
      "minValue": 0.99,
      "maxValue": 1.26,
      "types": ["ground_wheel"],
      "animations": [
        {
          "animationType": "rotation",
          "variable": "rudder",
          "centerPoint": [0.0,0.0,0.0],
          "axis": [0.0,-1.0,0.0]
        }
      ]
    },
    {
      "pos": [0.6875,1.1,3.625],
      "rot": [0.0,0.0,0.0],
      "dismountPos": [1.6875,1.0,3.625],
      "isController": true,
      "types": ["seat"],
      "linkedVariables": ["door_fl"]
    },
    {
      "pos": [-0.6875,1.1,3.625],
      "rot": [0.0,0.0,0.0],
      "dismountPos": [-1.6875,1.0,3.625],
      "types": ["seat"],
      "additionalParts": [
        {
          "pos": [-0.6875,1.2,3.625],
          "rot": [0.0,90.0,0.0],
          "maxValue": 2.0,
          "types": ["interactable_luggage"]
        }
      ],
      "linkedVariables": ["door_fr"]
    },
    {
      "pos": [0.6875,1.1,2.4375],
      "rot": [0.0,0.0,0.0],
      "dismountPos": [1.6875,1.0,2.4375],
      "types": ["seat"],
      "additionalParts": [
        {
          "pos": [0.6875,1.2,2.4375],
          "rot": [0.0,90.0,0.0],
          "maxValue": 2.0,
          "types": ["interactable_luggage"]
        }
      ],
      "linkedVariables": ["door_rl"]
    },
    {
      "pos": [-0.6875,1.1,2.4375],
      "rot": [0.0,0.0,0.0],
      "dismountPos": [-1.6875,1.0,2.4375],
      "types": ["seat"],
      "additionalParts": [
        {
          "pos": [-0.6875,1.2,2.4375],
          "rot": [0.0,90.0,0.0],
          "maxValue": 2.0,
          "types": ["interactable_luggage"]
        }
      ],
      "linkedVariables": ["door_rr"]
    },
    {
      "pos": [0.6875,1.1,1.25],
      "rot": [0.0,0.0,0.0],
      "dismountPos": [1.6875,1.0,1.25],
      "types": ["seat"],
      "additionalParts": [
        {
          "pos": [0.6875,1.2,1.25],
          "rot": [0.0,90.0,0.0],
          "maxValue": 2.0,
          "types": ["interactable_luggage"]
        }
      ],
      "linkedVariables": ["door_rl"]
    },
    {
      "pos": [-0.6875,1.1,1.25],
      "rot": [0.0,0.0,0.0],
      "dismountPos": [-1.6875,1.0,1.25],
      "types": ["seat"],
      "additionalParts": [
        {
          "pos": [-0.6875,1.2,1.25],
          "rot": [0.0,90.0,0.0],
          "maxValue": 2.0,
          "types": ["interactable_luggage"]
        }
      ],
      "linkedVariables": ["door_rr"]
    },
    {
      "pos": [0.0,0.5625,4.625],
      "rot": [0.0,0.0,0.0],
      "maxValue": 3.51,
      "types": ["engine_car"],
      "linkedVariables": ["door_hood"]
    },
    {
      "pos": [0.0,0.625,7.07813],
      "maxValue": 3.0,
      "defaultPart": "iv_tpp:plate_gramados",
      "types": ["generic_licenseplate_us","generic_licenseplate_euro"]
    },
    {
      "pos": [0.0,0.53125,-3.45313],
      "rot": [0.0,180.0,0.0],
      "maxValue": 3.0,
      "defaultPart": "iv_tpp:plate_gramados",
      "types": ["generic_licenseplate_us","generic_licenseplate_euro"]
    },
    {
      "pos": [1.0,1.4375,0.0625],
      "rot": [0.0,-90.0,0.0],
      "types": ["seat_invisible"]
    },
    {
      "pos": [-1.0,1.4375,0.0625],
      "rot": [0.0,90.0,0.0],
      "types": ["seat_invisible"]
    },
    {
      "pos": [1.0,1.4375,-0.8125],
      "rot": [0.0,-90.0,0.0],
      "types": ["seat_invisible"]
    },
    {
      "pos": [-1.0,1.4375,-0.8125],
      "rot": [0.0,90.0,0.0],
      "types": ["seat_invisible"]
    },
    {
      "pos": [1.0,1.4375,-1.6875],
      "rot": [0.0,-90.0,0.0],
      "types": ["seat_invisible"]
    },
    {
      "pos": [-1.0,1.4375,-1.6875],
      "rot": [0.0,90.0,0.0],
      "types": ["seat_invisible"]
    },
    {
      "pos": [0.0,2.6875,4.21875],
      "maxValue": 3.0,
      "types": ["generic_lightbar","generic_roofdevice"]
    },
    {
      "pos": [0.0,2.6875,2.84375],
      "maxValue": 3.0,
      "types": ["generic_lightbar","generic_roofdevice"]
    },
    {
      "pos": [0.0,2.6875,1.03125],
      "maxValue": 3.0,
      "types": ["generic_lightbar","generic_roofdevice"]
    },
    {
      "pos": [0.0,2.75,0.4375],
      "maxValue": 3.0,
      "types": ["generic_lightbar","generic_roofdevice"]
    },
    {
      "pos": [0.0,0.625,7.0625],
      "maxValue": 2.0,
      "types": ["generic_bullbar"]
    },
    {
      "pos": [-0.875,1.0625,7.13125],
      "rot": [0.0,180.0,0.0],
      "maxValue": 1.0,
      "types": ["generic_bumpersticker"]
    },
    {
      "pos": [0.875,1.0625,7.13125],
      "rot": [0.0,180.0,0.0],
      "maxValue": 1.0,
      "types": ["generic_bumpersticker"]
    },
    {
      "pos": [0.0,1.0625,7.13125],
      "rot": [0.0,180.0,0.0],
      "maxValue": 1.0,
      "types": ["generic_bumpersticker"]
    },
    {
      "pos": [1.125,0.53125,-3.41875],
      "rot": [0.0,-7.0,0.0],
      "maxValue": 1.0,
      "types": ["generic_bumpersticker"]
    },
    {
      "pos": [-1.125,0.53125,-3.41875],
      "rot": [0.0,7.0,0.0],
      "maxValue": 1.0,
      "types": ["generic_bumpersticker"]
    },
    {
      "pos": [1.28125,1.6875,6.6875],
      "maxValue": 3.0,
      "types": ["generic_flag_small"]
    },
    {
      "pos": [-1.28125,1.6875,6.6875],
      "maxValue": 3.0,
      "types": ["generic_flag_small"]
    },
    {
      "pos": [1.03125,2.6875,4.125],
      "maxValue": 3.0,
      "types": ["generic_flag_small"]
    },
    {
      "pos": [-1.03125,2.6875,4.125],
      "maxValue": 3.0,
      "types": ["generic_flag_small"]
    },
    {
      "pos": [1.03125,2.6875,1.125],
      "maxValue": 3.0,
      "types": ["generic_flag_small"]
    },
    {
      "pos": [-1.03125,2.6875,1.125],
      "maxValue": 3.0,
      "types": ["generic_flag_small"]
    }
  ],
  "collisionGroups": [
    {
      "isInterior": true,
      "collisions": [
        {
          "pos": [1.3125,1.59375,4.15625],
          "width": 0.3125,
          "height": 0.125,
          "variableName": "door_fl",
          "variableType": "toggle",
          "variableValue": 0.0
        }
      ],
      "animations": [
        {
          "animationType": "translation",
          "variable": "door_fl",
          "axis": [0.4375,0.0,0.25]
        }
      ]
    },
    {
      "isInterior": true,
      "collisions": [
        {
          "pos": [-1.3125,1.59375,4.15625],
          "width": 0.3125,
          "height": 0.125,
          "variableName": "door_fr",
          "variableType": "toggle",
          "variableValue": 0.0
        }
      ],
      "animations": [
        {
          "animationType": "translation",
          "variable": "door_fr",
          "axis": [-0.4375,0.0,0.25]
        }
      ]
    },
    {
      "isInterior": true,
      "collisions": [
        {
          "pos": [1.3125,1.53125,3.25],
          "width": 0.3125,
          "height": 0.125,
          "variableName": "door_fl",
          "variableType": "toggle",
          "variableValue": 0.0
        }
      ],
      "animations": [
        {
          "animationType": "translation",
          "variable": "door_fl",
          "axis": [1.25,0.0,0.6875]
        }
      ]
    },
    {
      "isInterior": true,
      "collisions": [
        {
          "pos": [-1.3125,1.53125,3.25],
          "width": 0.3125,
          "height": 0.125,
          "variableName": "door_fr",
          "variableType": "toggle",
          "variableValue": 0.0
        }
      ],
      "animations": [
        {
          "animationType": "translation",
          "variable": "door_fr",
          "axis": [-1.25,0.0,0.6875]
        }
      ]
    },
    {
      "isInterior": true,
      "collisions": [
        {
          "pos": [1.3125,1.53125,1.6875],
          "width": 0.3125,
          "height": 0.125,
          "variableName": "door_rl",
          "variableType": "toggle",
          "variableValue": 0.0
        }
      ],
      "animations": [
        {
          "animationType": "translation",
          "variable": "door_rl",
          "axis": [1.125,0.0,0.5625]
        }
      ]
    },
    {
      "isInterior": true,
      "collisions": [
        {
          "pos": [1.3125,1.59375,2.59375],
          "width": 0.3125,
          "height": 0.125,
          "variableName": "door_rl",
          "variableType": "toggle",
          "variableValue": 0.0
        }
      ],
      "animations": [
        {
          "animationType": "translation",
          "variable": "door_rl",
          "axis": [0.3125,0.0,0.125]
        }
      ]
    },
    {
      "isInterior": true,
      "collisions": [
        {
          "pos": [-1.3125,1.53125,1.6875],
          "width": 0.3125,
          "height": 0.125,
          "variableName": "door_rr",
          "variableType": "toggle",
          "variableValue": 0.0
        }
      ],
      "animations": [
        {
          "animationType": "translation",
          "variable": "door_rr",
          "axis": [-1.125,0.0,0.5625]
        }
      ]
    },
    {
      "isInterior": true,
      "collisions": [
        {
          "pos": [-1.3125,1.59375,2.59375],
          "width": 0.3125,
          "height": 0.125,
          "variableName": "door_rr",
          "variableType": "toggle",
          "variableValue": 0.0
        }
      ],
      "animations": [
        {
          "animationType": "translation",
          "variable": "door_rr",
          "axis": [-0.3125,0.0,0.125]
        }
      ]
    },
    {
      "isInterior": true,
      "collisions": [
        {
          "pos": [0.0,1.75,6.25],
          "width": 1.0,
          "height": 0.5,
          "variableName": "door_hood",
          "variableType": "toggle",
          "variableValue": 0.0
        }
      ],
      "animations": [
        {
          "animationType": "translation",
          "variable": "door_hood",
          "axis": [0.0,1.0625,-0.5625]
        }
      ]
    },
    {
      "isInterior": true,
      "collisions": [
        {
          "pos": [0.0,1.53125,-3.25],
          "width": 0.3125,
          "height": 0.125,
          "variableName": "door_boot",
          "variableType": "toggle",
          "variableValue": 0.0
        }
      ],
      "animations": [
        {
          "animationType": "translation",
          "variable": "door_boot",
          "axis": [0.0,-0.6875,-0.8125]
        }
      ]
    },
    {
      "collisions": [
        {
          "pos": [0.0,1.625,6.0],
          "width": 2.0,
          "height": 0.125,
          "variableValue": 0.0
        },
        {
          "pos": [0.0,2.6875,3.3125],
          "width": 2.0,
          "height": 0.125,
          "variableValue": 0.0
        },
        {
          "pos": [0.0,2.6875,1.3125],
          "width": 2.0,
          "height": 0.125,
          "variableValue": 0.0
        },
        {
          "pos": [0.0,1.0625,-0.25],
          "width": 2.0,
          "height": 0.125,
          "variableValue": 0.0
        },
        {
          "pos": [0.0,1.0625,-2.25],
          "width": 2.0,
          "height": 0.125,
          "variableValue": 0.0
        },
        {
          "pos": [0.9375,0.7,-1.5],
          "width": 0.125,
          "height": 0.125,
          "variableValue": 0.0
        },
        {
          "pos": [-0.9375,0.7,-1.5],
          "width": 0.125,
          "height": 0.125,
          "variableValue": 0.0
        },
        {
          "pos": [0.9375,0.7,0.0],
          "width": 0.125,
          "height": 0.125,
          "variableValue": 0.0
        },
        {
          "pos": [-0.9375,0.7,0.0],
          "width": 0.125,
          "height": 0.125,
          "variableValue": 0.0
        },
        {
          "pos": [1.25,0.7,5.625],
          "width": 0.125,
          "height": 0.125,
          "variableValue": 0.0
        },
        {
          "pos": [-1.25,0.7,5.625],
          "width": 0.125,
          "height": 0.125,
          "variableValue": 0.0
        }
      ]
    }
  ],
  "connectionGroups": [
    {
      "groupName": "HOOKUP",
      "hookup": true,
      "connections": [
        {
          "type": "tow_bumper_heavy",
          "pos": [0.0,0.5,6.5625],
          "distance": 0.0
        },
        {
          "type": "tow_bumper_heavy",
          "pos": [0.0,0.5,-3.125],
          "distance": 0.0
        },
        {
          "type": "tow_wheel_heavy",
          "pos": [0.0,-0.625,5.625],
          "distance": 0.0
        }
      ]
    },
    {
      "groupName": "TRAILER",
      "canIntiateConnections": true,
      "connections": [
        {
          "type": "trailer_standard",
          "pos": [0.0,0.5,-3.125],
          "distance": 0.0
        }
      ]
    }
  ],
  "instruments": [
    {
      "pos": [0.90625,1.6125,4.29625],
      "rot": [0.0,0.0,0.0],
      "scale": 0.015625,
      "hudX": 80,
      "hudY": 36,
      "hudScale": 0.25
    },
    {
      "pos": [0.8125,1.75,4.29625],
      "rot": [0.0,0.0,0.0],
      "scale": 0.015625,
      "hudX": 160,
      "hudY": 36,
      "hudScale": 0.5
    },
    {
      "pos": [0.5625,1.75,4.29625],
      "rot": [0.0,0.0,0.0],
      "scale": 0.015625,
      "hudX": 240,
      "hudY": 36,
      "hudScale": 0.5
    },
    {
      "pos": [0.46875,1.6125,4.29625],
      "rot": [0.0,0.0,0.0],
      "scale": 0.015625,
      "hudX": 320,
      "hudY": 36,
      "hudScale": 0.25
    }
  ],
  "definitions": [
    {
      "subName": "_redandblack_g",
      "name": "Trin Gobig TXS Pickup 6x6 - Red & Black Paint, Gray Interior",
      "extraMaterials": ["mts:iv_tpp.paint_double_bucket_redandblack:0:1","minecraft:wool:7:2","minecraft:wool:8:3"]
    },
    {
      "subName": "_redandblack_w",
      "name": "Trin Gobig TXS Pickup 6x6 - Red & Black Paint, White Interior",
      "extraMaterials": ["mts:iv_tpp.paint_double_bucket_redandblack:0:1","minecraft:wool:8:2","minecraft:wool:0:3"]
    },
    {
      "subName": "_redandblack_r",
      "name": "Trin Gobig TXS Pickup 6x6 - Red & Black Paint, Red Interior",
      "extraMaterials": ["mts:iv_tpp.paint_double_bucket_redandblack:0:1","minecraft:wool:7:2","minecraft:wool:14:3"]
    },
    {
      "subName": "_redandblack_t",
      "name": "Trin Gobig TXS Pickup 6x6 - Red & Black Paint, Tan Interior",
      "extraMaterials": ["mts:iv_tpp.paint_double_bucket_redandblack:0:1","minecraft:wool:4:2","minecraft:wool:0:3"]
    },
    {
      "subName": "_steelblueandteal_g",
      "name": "Trin Gobig TXS Pickup 6x6 - Steel Blue & Teal Paint, Gray Interior",
      "extraMaterials": ["mts:iv_tpp.paint_double_bucket_steelblueandteal:0:1","minecraft:wool:7:2","minecraft:wool:8:3"]
    },
    {
      "subName": "_steelblueandteal_w",
      "name": "Trin Gobig TXS Pickup 6x6 - Steel Blue & Teal Paint, White Interior",
      "extraMaterials": ["mts:iv_tpp.paint_double_bucket_steelblueandteal:0:1","minecraft:wool:8:2","minecraft:wool:0:3"]
    },
    {
      "subName": "_steelblueandteal_r",
      "name": "Trin Gobig TXS Pickup 6x6 - Steel Blue & Teal Paint, Red Interior",
      "extraMaterials": ["mts:iv_tpp.paint_double_bucket_steelblueandteal:0:1","minecraft:wool:7:2","minecraft:wool:14:3"]
    },
    {
      "subName": "_steelblueandteal_t",
      "name": "Trin Gobig TXS Pickup 6x6 - Steel Blue & Teal Paint, Tan Interior",
      "extraMaterials": ["mts:iv_tpp.paint_double_bucket_steelblueandteal:0:1","minecraft:wool:4:2","minecraft:wool:0:3"]
    },
    {
      "subName": "_bubblegum_g",
      "name": "Trin Gobig TXS Pickup 6x6 - Bubblegum Paint, Gray Interior",
      "extraMaterials": ["mts:iv_tpp.paint_double_bucket_bubblegum:0:1","minecraft:wool:7:2","minecraft:wool:8:3"]
    },
    {
      "subName": "_bubblegum_w",
      "name": "Trin Gobig TXS Pickup 6x6 - Bubblegum Paint, White Interior",
      "extraMaterials": ["mts:iv_tpp.paint_double_bucket_bubblegum:0:1","minecraft:wool:8:2","minecraft:wool:0:3"]
    },
    {
      "subName": "_bubblegum_r",
      "name": "Trin Gobig TXS Pickup 6x6 - Bubblegum Paint, Red Interior",
      "extraMaterials": ["mts:iv_tpp.paint_double_bucket_bubblegum:0:1","minecraft:wool:7:2","minecraft:wool:14:3"]
    },
    {
      "subName": "_bubblegum_t",
      "name": "Trin Gobig TXS Pickup 6x6 - Bubblegum Paint, Tan Interior",
      "extraMaterials": ["mts:iv_tpp.paint_double_bucket_bubblegum:0:1","minecraft:wool:4:2","minecraft:wool:0:3"]
    },
    {
      "subName": "_pureblack_g",
      "name": "Trin Gobig TXS Pickup 6x6 - Pure Black Paint, Gray Interior",
      "extraMaterials": ["mts:iv_tpp.paint_bucket_pureblack:0:1","minecraft:wool:7:2","minecraft:wool:8:3"]
    },
    {
      "subName": "_pureblack_w",
      "name": "Trin Gobig TXS Pickup 6x6 - Pure Black Paint, White Interior",
      "extraMaterials": ["mts:iv_tpp.paint_bucket_pureblack:0:1","minecraft:wool:8:2","minecraft:wool:0:3"]
    },
    {
      "subName": "_pureblack_r",
      "name": "Trin Gobig TXS Pickup 6x6 - Pure Black Paint, Red Interior",
      "extraMaterials": ["mts:iv_tpp.paint_bucket_pureblack:0:1","minecraft:wool:7:2","minecraft:wool:14:3"]
    },
    {
      "subName": "_pureblack_t",
      "name": "Trin Gobig TXS Pickup 6x6 - Pure Black Paint, Tan Interior",
      "extraMaterials": ["mts:iv_tpp.paint_bucket_pureblack:0:1","minecraft:wool:4:2","minecraft:wool:0:3"]
    },
    {
      "subName": "_softgreen_g",
      "name": "Trin Gobig TXS Pickup 6x6 - Soft Green Paint, Gray Interior",
      "extraMaterials": ["mts:iv_tpp.paint_bucket_softgreen:0:1","minecraft:wool:7:2","minecraft:wool:8:3"]
    },
    {
      "subName": "_softgreen_w",
      "name": "Trin Gobig TXS Pickup 6x6 - Soft Green Paint, White Interior",
      "extraMaterials": ["mts:iv_tpp.paint_bucket_softgreen:0:1","minecraft:wool:8:2","minecraft:wool:0:3"]
    },
    {
      "subName": "_softgreen_r",
      "name": "Trin Gobig TXS Pickup 6x6 - Soft Green Paint, Red Interior",
      "extraMaterials": ["mts:iv_tpp.paint_bucket_softgreen:0:1","minecraft:wool:7:2","minecraft:wool:14:3"]
    },
    {
      "subName": "_softgreen_t",
      "name": "Trin Gobig TXS Pickup 6x6 - Soft Green Paint, Tan Interior",
      "extraMaterials": ["mts:iv_tpp.paint_bucket_softgreen:0:1","minecraft:wool:4:2","minecraft:wool:0:3"]
    },
    {
      "subName": "_irongray_g",
      "name": "Trin Gobig TXS Pickup 6x6 - Iron Gray Paint, Gray Interior",
      "extraMaterials": ["mts:iv_tpp.paint_bucket_irongray:0:1","minecraft:wool:7:2","minecraft:wool:8:3"]
    },
    {
      "subName": "_irongray_w",
      "name": "Trin Gobig TXS Pickup 6x6 - Iron Gray Paint, White Interior",
      "extraMaterials": ["mts:iv_tpp.paint_bucket_irongray:0:1","minecraft:wool:8:2","minecraft:wool:0:3"]
    },
    {
      "subName": "_irongray_r",
      "name": "Trin Gobig TXS Pickup 6x6 - Iron Gray Paint, Red Interior",
      "extraMaterials": ["mts:iv_tpp.paint_bucket_irongray:0:1","minecraft:wool:7:2","minecraft:wool:14:3"]
    },
    {
      "subName": "_irongray_t",
      "name": "Trin Gobig TXS Pickup 6x6 - Iron Gray Paint, Tan Interior",
      "extraMaterials": ["mts:iv_tpp.paint_bucket_irongray:0:1","minecraft:wool:4:2","minecraft:wool:0:3"]
    },
    {
      "subName": "_purewhite_g",
      "name": "Trin Gobig TXS Pickup 6x6 - Pure White Paint, Gray Interior",
      "extraMaterials": ["mts:iv_tpp.paint_bucket_purewhite:0:1","minecraft:wool:7:2","minecraft:wool:8:3"]
    },
    {
      "subName": "_purewhite_w",
      "name": "Trin Gobig TXS Pickup 6x6 - Pure White Paint, White Interior",
      "extraMaterials": ["mts:iv_tpp.paint_bucket_purewhite:0:1","minecraft:wool:8:2","minecraft:wool:0:3"]
    },
    {
      "subName": "_purewhite_r",
      "name": "Trin Gobig TXS Pickup 6x6 - Pure White Paint, Red Interior",
      "extraMaterials": ["mts:iv_tpp.paint_bucket_purewhite:0:1","minecraft:wool:7:2","minecraft:wool:14:3"]
    },
    {
      "subName": "_purewhite_t",
      "name": "Trin Gobig TXS Pickup 6x6 - Pure White Paint, Tan Interior",
      "extraMaterials": ["mts:iv_tpp.paint_bucket_purewhite:0:1","minecraft:wool:4:2","minecraft:wool:0:3"]
    },
    {
      "subName": "_sunshineyellow_g",
      "name": "Trin Gobig TXS Pickup 6x6 - Sunshine Yellow Paint, Gray Interior",
      "extraMaterials": ["mts:iv_tpp.paint_bucket_sunshineyellow:0:1","minecraft:wool:7:2","minecraft:wool:8:3"]
    },
    {
      "subName": "_sunshineyellow_w",
      "name": "Trin Gobig TXS Pickup 6x6 - Sunshine Yellow Paint, White Interior",
      "extraMaterials": ["mts:iv_tpp.paint_bucket_sunshineyellow:0:1","minecraft:wool:8:2","minecraft:wool:0:3"]
    },
    {
      "subName": "_sunshineyellow_r",
      "name": "Trin Gobig TXS Pickup 6x6 - Sunshine Yellow Paint, Red Interior",
      "extraMaterials": ["mts:iv_tpp.paint_bucket_sunshineyellow:0:1","minecraft:wool:7:2","minecraft:wool:14:3"]
    },
    {
      "subName": "_sunshineyellow_t",
      "name": "Trin Gobig TXS Pickup 6x6 - Sunshine Yellow Paint, Tan Interior",
      "extraMaterials": ["mts:iv_tpp.paint_bucket_sunshineyellow:0:1","minecraft:wool:4:2","minecraft:wool:0:3"]
    },
    {
      "subName": "_bloodred_g",
      "name": "Trin Gobig TXS Pickup 6x6 - Blood Red Paint, Gray Interior",
      "extraMaterials": ["mts:iv_tpp.paint_bucket_bloodred:0:1","minecraft:wool:7:2","minecraft:wool:8:3"]
    },
    {
      "subName": "_bloodred_w",
      "name": "Trin Gobig TXS Pickup 6x6 - Blood Red Paint, White Interior",
      "extraMaterials": ["mts:iv_tpp.paint_bucket_bloodred:0:1","minecraft:wool:8:2","minecraft:wool:0:3"]
    },
    {
      "subName": "_bloodred_r",
      "name": "Trin Gobig TXS Pickup 6x6 - Blood Red Paint, Red Interior",
      "extraMaterials": ["mts:iv_tpp.paint_bucket_bloodred:0:1","minecraft:wool:7:2","minecraft:wool:14:3"]
    },
    {
      "subName": "_bloodred_t",
      "name": "Trin Gobig TXS Pickup 6x6 - Blood Red Paint, Tan Interior",
      "extraMaterials": ["mts:iv_tpp.paint_bucket_bloodred:0:1","minecraft:wool:4:2","minecraft:wool:0:3"]
    },
    {
      "subName": "_harlequin_g",
      "name": "Trin Gobig TXS Pickup 6x6 - Harlequin Livery, Gray Interior",
      "extraMaterials": ["mts:iv_tpp.paint_bucket_vibrantred:0:1","mts:iv_tpp.paint_bucket_oceanblue:0:1","mts:iv_tpp.paint_bucket_sunshineyellow:0:1","mts:iv_tpp.paint_bucket_turquoise:0:1","minecraft:wool:7:2","minecraft:wool:8:3"]
    }
  ],
  "rendering": {
    "textObjects": [],
    "animatedObjects": [
      {
        "objectName": "steer",
        "animations": [
          {
            "animationType": "rotation",
            "variable": "rudder",
            "centerPoint": [0.6875,1.59375,4.1875],
            "axis": [0.0,0.0,1.0]
          }
        ]
      },
      {
        "objectName": "gas",
        "animations": [
          {
            "animationType": "rotation",
            "variable": "throttle",
            "centerPoint": [0.0,0.96875,4.5625],
            "axis": [-20.0,0.0,0.0]
          }
        ]
      },
      {
        "objectName": "brake",
        "animations": [
          {
            "animationType": "rotation",
            "variable": "brake",
            "centerPoint": [0.0,0.96875,4.5625],
            "axis": [-20.0,0.0,0.0]
          }
        ]
      },
      {
        "objectName": "clutch",
        "animations": [
          {
            "animationType": "visibility",
            "variable": "engine_isautomatic_1"
          },
          {
            "animationType": "rotation",
            "variable": "clutch",
            "centerPoint": [0.0,0.96875,4.8125],
            "axis": [-20.0,0.0,0.0]
          }
        ]
      },
      {
        "objectName": "p_brake",
        "animations": [
          {
            "animationType": "rotation",
            "variable": "p_brake",
            "centerPoint": [0.0,0.75,3.59375],
            "axis": [-30.0,0.0,0.0]
          }
        ]
      },
      {
        "objectName": "shifter",
        "animations": [
          {
            "animationType": "rotation",
            "variable": "engine_gearshift_1",
            "centerPoint": [0.0,0.79688,4.09375],
            "axis": [1.0,0.0,0.0]
          }
        ]
      },
      {
        "objectName": "door_FR",
        "animations": [
          {
            "animationType": "rotation",
            "variable": "door_fr",
            "centerPoint": [-1.375,0.0,4.6875],
            "axis": [0.0,60.0,0.0],
            "duration": 20,
            "forwardsStartSound": "iv_tpp:dooropen",
            "reverseEndSound": "iv_tpp:doorclose"
          }
        ]
      },
      {
        "objectName": "doorwindow_FR",
        "applyAfter": "door_FR",
        "animations": []
      },
      {
        "objectName": "door_FL",
        "animations": [
          {
            "animationType": "rotation",
            "variable": "door_fl",
            "centerPoint": [1.375,0.0,4.6875],
            "axis": [0.0,-60.0,0.0],
            "duration": 20,
            "forwardsStartSound": "iv_tpp:dooropen",
            "reverseEndSound": "iv_tpp:doorclose"
          }
        ]
      },
      {
        "objectName": "doorwindow_FL",
        "applyAfter": "door_FL",
        "animations": []
      },
      {
        "objectName": "door_RR",
        "animations": [
          {
            "animationType": "rotation",
            "variable": "door_rr",
            "centerPoint": [-1.375,0.0,2.9375],
            "axis": [0.0,60.0,0.0],
            "duration": 20,
            "forwardsStartSound": "iv_tpp:dooropen",
            "reverseEndSound": "iv_tpp:doorclose"
          }
        ]
      },
      {
        "objectName": "doorwindow_RR",
        "applyAfter": "door_RR",
        "animations": []
      },
      {
        "objectName": "door_RL",
        "animations": [
          {
            "animationType": "rotation",
            "variable": "door_rl",
            "centerPoint": [1.375,0.0,2.9375],
            "axis": [0.0,-60.0,0.0],
            "duration": 20,
            "forwardsStartSound": "iv_tpp:dooropen",
            "reverseEndSound": "iv_tpp:doorclose"
          }
        ]
      },
      {
        "objectName": "doorwindow_RL",
        "applyAfter": "door_RL",
        "animations": []
      },
      {
        "objectName": "hood",
        "animations": [
          {
            "animationType": "rotation",
            "variable": "door_hood",
            "centerPoint": [0.0,1.75,5.125],
            "axis": [-60.0,0.0,0.0],
            "duration": 20,
            "forwardsStartSound": "iv_tpp:hoodopen",
            "reverseStartSound": "iv_tpp:hoodclose"
          }
        ]
      },
      {
        "objectName": "tailgate",
        "animations": [
          {
            "animationType": "rotation",
            "variable": "door_boot",
            "centerPoint": [0.0,0.75,-3.3125],
            "axis": [-90.0,0.0,0.0],
            "duration": 20,
            "forwardsStartSound": "iv_tpp:bootopen",
            "reverseEndSound": "iv_tpp:bootclose"
          }
        ]
      }
    ],
    "lightObjects": [
      {
        "objectName": "&RightTurnLight_ff6600_FFC00_111",
        "emissive": true,
        "covered": true,
        "isElectric": true,
        "color": "FF6600",
        "brightnessAnimations": [
          {
            "animationType": "visibility",
            "variable": "right_turn_signal",
            "clampMin": 1.0,
            "clampMax": 1.0
          },
          {
            "animationType": "visibility",
            "variable": "10_10_0_cycle",
            "clampMin": 1.0,
            "clampMax": 1.0
          }
        ],
        "blendableComponents": [
          {
            "pos": [-1.2500004768371582,1.3749990463256836,6.90625],
            "axis": [-0.5533999800682068,-0.06920000165700912,0.8300999999046326],
            "flareHeight": 0.75,
            "flareWidth": 0.75
          },
          {
            "pos": [-1.3125004768371582,1.3749990463256836,6.8125],
            "axis": [-0.963100016117096,-0.12039999663829803,0.24079999327659607],
            "flareHeight": 0.75,
            "flareWidth": 0.75
          },
          {
            "pos": [-1.390625,1.0,-3.0],
            "axis": [-1.0,0.0,0.0],
            "flareHeight": 0.5625,
            "flareWidth": 0.5625
          },
          {
            "pos": [-1.359375,1.40625,-3.125],
            "axis": [-1.0,0.0,0.0],
            "flareHeight": 0.5625,
            "flareWidth": 0.5625
          },
          {
            "pos": [-1.3046875,1.4375004768371582,-3.2421875],
            "axis": [-0.707099974155426,0.0,-0.707099974155426],
            "flareHeight": 0.37500286,
            "flareWidth": 0.37500286
          },
          {
            "pos": [-1.15625,1.4375009536743164,-3.296875],
            "axis": [0.0,0.0,-1.0],
            "flareHeight": 0.5625,
            "flareWidth": 0.5625
          },
          {
            "pos": [-1.390625,0.9999990165233612,6.625],
            "axis": [-1.0,0.0,0.0],
            "flareHeight": 0.5625,
            "flareWidth": 0.5625
          },
          {
            "pos": [0.375,1.4999990463256836,4.296875],
            "axis": [0.0,0.0,-1.0],
            "flareHeight": 0.1875,
            "flareWidth": 0.1875
          }
        ]
      },
      {
        "objectName": "&RunningLight_FFFFA7_FFFFF_111",
        "emissive": true,
        "covered": true,
        "isElectric": true,
        "color": "FFFFA7",
        "brightnessAnimations": [
          {
            "animationType": "visibility",
            "variable": "running_light",
            "clampMin": 1.0,
            "clampMax": 1.0
          }
        ],
        "blendableComponents": [
          {
            "pos": [0.8437489867210388,1.3499990105628967,7.0],
            "axis": [0.0,0.0,1.0],
            "flareHeight": 0.5999998,
            "flareWidth": 0.5999998
          },
          {
            "pos": [0.9999994933605194,1.3749990463256836,6.96875],
            "axis": [0.0,0.0,1.0],
            "flareHeight": 0.75,
            "flareWidth": 0.75
          },
          {
            "pos": [-0.8437510132789612,1.3499990105628967,7.0],
            "axis": [0.0,0.0,1.0],
            "flareHeight": 0.5999998,
            "flareWidth": 0.5999998
          },
          {
            "pos": [-1.0000009834766388,1.3749990463256836,6.96875],
            "axis": [0.0,0.0,1.0],
            "flareHeight": 0.75,
            "flareWidth": 0.75
          },
          {
            "pos": [-0.15625100582838058,2.53125,3.0],
            "axis": [-0.31619998812675476,-0.9487000107765198,0.0],
            "flareHeight": 0.56250006,
            "flareWidth": 0.56250006
          },
          {
            "pos": [0.1562490016222,2.53125,3.0],
            "axis": [0.31619998812675476,-0.9487000107765198,0.0],
            "flareHeight": 0.5625,
            "flareWidth": 0.5625
          },
          {
            "pos": [-0.15625,2.53125,1.4375],
            "axis": [-0.31619998812675476,-0.9487000107765198,0.0],
            "flareHeight": 0.5625,
            "flareWidth": 0.5625
          },
          {
            "pos": [0.15625,2.53125,1.4375],
            "axis": [0.31619998812675476,-0.9487000107765198,0.0],
            "flareHeight": 0.5625,
            "flareWidth": 0.5625
          },
          {
            "pos": [0.59375,1.5624990463256836,4.296875],
            "axis": [0.0,0.0,-1.0],
            "flareHeight": 0.1875,
            "flareWidth": 0.1875
          }
        ]
      },
      {
        "objectName": "&EmergencyLight_ff6600_00F0F_111",
        "emissive": true,
        "covered": true,
        "isElectric": true,
        "color": "FF6600",
        "brightnessAnimations": [
          {
            "animationType": "visibility",
            "variable": "EMERLTS",
            "clampMin": 1.0,
            "clampMax": 1.0
          },
          {
            "animationType": "visibility",
            "variable": "0_4_16_cycle",
            "clampMin": 1.0,
            "clampMax": 1.0
          }
        ],
        "blendableComponents": [
          {
            "pos": [0.78125,1.5624990463256836,4.296875],
            "axis": [0.0,0.0,-1.0],
            "flareHeight": 0.1875,
            "flareWidth": 0.1875
          }
        ]
      },
      {
        "objectName": "&BackupLight_ffffcc_FFFFF_111",
        "emissive": true,
        "covered": true,
        "isElectric": true,
        "color": "FFFFCC",
        "brightnessAnimations": [
          {
            "animationType": "visibility",
            "variable": "engine_reversed_1",
            "clampMin": 1.0,
            "clampMax": 1.0
          }
        ],
        "blendableComponents": [
          {
            "pos": [1.15625,1.2031259536743164,-3.296875],
            "axis": [0.0,0.0,-1.0],
            "flareHeight": 0.5625,
            "flareWidth": 0.5625
          },
          {
            "pos": [-1.15625,1.2031259536743164,-3.296875],
            "axis": [0.0,0.0,-1.0],
            "flareHeight": 0.5625,
            "flareWidth": 0.5625
          }
        ]
      },
      {
        "objectName": "&RunningLight_ffffcc_FFFFF_111",
        "emissive": true,
        "covered": true,
        "isElectric": true,
        "color": "FFFFCC",
        "brightnessAnimations": [
          {
            "animationType": "visibility",
            "variable": "running_light",
            "clampMin": 1.0,
            "clampMax": 1.0
          }
        ],
        "blendableComponents": [
          {
            "pos": [1.15625,0.7812489867210388,7.0],
            "axis": [0.0,0.0,1.0],
            "flareHeight": 0.375,
            "flareWidth": 0.375
          },
          {
            "pos": [-1.15625,0.7812489867210388,7.0],
            "axis": [0.0,0.0,1.0],
            "flareHeight": 0.375,
            "flareWidth": 0.375
          }
        ]
      },
      {
        "objectName": "&Headlight_FFFFA7_FFFFF_111",
        "emissive": true,
        "covered": true,
        "isElectric": true,
        "color": "FFFFA7",
        "brightnessAnimations": [
          {
            "animationType": "visibility",
            "variable": "headlight",
            "clampMin": 1.0,
            "clampMax": 1.0
          }
        ],
        "blendableComponents": [
          {
            "pos": [1.1406240463256836,1.3749990463256836,6.9375],
            "axis": [0.0,-0.0,1.0],
            "flareHeight": 0.75,
            "flareWidth": 0.75,
            "beamDiameter": 16.0,
            "beamLength": 48.0
          },
          {
            "pos": [-1.1406254768371582,1.3749990463256836,6.9375],
            "axis": [0.0,-0.0,1.0],
            "flareHeight": 0.75,
            "flareWidth": 0.75,
            "beamDiameter": 16.0,
            "beamLength": 48.0
          }
        ]
      },
      {
        "objectName": "&RunningLight_e60000_FFFFF_111",
        "emissive": true,
        "covered": true,
        "isElectric": true,
        "color": "E60000",
        "brightnessAnimations": [
          {
            "animationType": "visibility",
            "variable": "running_light",
            "clampMin": 1.0,
            "clampMax": 1.0
          }
        ],
        "blendableComponents": [
          {
            "pos": [1.3046875,1.2500004768371582,-3.2421875],
            "axis": [0.707099974155426,0.0,-0.707099974155426],
            "flareHeight": 0.75000286,
            "flareWidth": 0.75000286
          },
          {
            "pos": [1.359375,1.25,-3.125],
            "axis": [1.0,0.0,0.0],
            "flareHeight": 0.75,
            "flareWidth": 0.75
          },
          {
            "pos": [-1.3046875,1.2500004768371582,-3.2421875],
            "axis": [-0.707099974155426,0.0,-0.707099974155426],
            "flareHeight": 0.75000286,
            "flareWidth": 0.75000286
          },
          {
            "pos": [-1.359375,1.25,-3.125],
            "axis": [-1.0,0.0,0.0],
            "flareHeight": 0.75,
            "flareWidth": 0.75
          }
        ]
      },
      {
        "objectName": "&LeftTurnLight_ff6600_FFC00_111",
        "emissive": true,
        "covered": true,
        "isElectric": true,
        "color": "FF6600",
        "brightnessAnimations": [
          {
            "animationType": "visibility",
            "variable": "left_turn_signal",
            "clampMin": 1.0,
            "clampMax": 1.0
          },
          {
            "animationType": "visibility",
            "variable": "10_10_0_cycle",
            "clampMin": 1.0,
            "clampMax": 1.0
          }
        ],
        "blendableComponents": [
          {
            "pos": [1.2499995231628418,1.3749990463256836,6.90625],
            "axis": [0.5533999800682068,-0.06920000165700912,0.8300999999046326],
            "flareHeight": 0.75,
            "flareWidth": 0.75
          },
          {
            "pos": [1.3124995231628418,1.3749990463256836,6.8125],
            "axis": [0.963100016117096,-0.12039999663829803,0.24079999327659607],
            "flareHeight": 0.75,
            "flareWidth": 0.75
          },
          {
            "pos": [1.390625,0.9999990165233612,6.625],
            "axis": [1.0,0.0,0.0],
            "flareHeight": 0.5625,
            "flareWidth": 0.5625
          },
          {
            "pos": [1.390625,1.0,-3.0],
            "axis": [1.0,0.0,0.0],
            "flareHeight": 0.5625,
            "flareWidth": 0.5625
          },
          {
            "pos": [1.15625,1.4375009536743164,-3.296875],
            "axis": [0.0,0.0,-1.0],
            "flareHeight": 0.5625,
            "flareWidth": 0.5625
          },
          {
            "pos": [1.3046875,1.4375004768371582,-3.2421875],
            "axis": [0.707099974155426,0.0,-0.707099974155426],
            "flareHeight": 0.37500286,
            "flareWidth": 0.37500286
          },
          {
            "pos": [1.359375,1.40625,-3.125],
            "axis": [1.0,0.0,0.0],
            "flareHeight": 0.5625,
            "flareWidth": 0.5625
          },
          {
            "pos": [1.0,1.4999990463256836,4.296875],
            "axis": [0.0,0.0,-1.0],
            "flareHeight": 0.1875,
            "flareWidth": 0.1875
          }
        ]
      },
      {
        "objectName": "&BrakeLight_e60000_FFFFF_111",
        "emissive": true,
        "covered": true,
        "isElectric": true,
        "color": "E60000",
        "brightnessAnimations": [
          {
            "animationType": "visibility",
            "variable": "brake",
            "clampMin": 0.01,
            "clampMax": 1.0
          }
        ],
        "blendableComponents": [
          {
            "pos": [1.15625,1.3437509536743164,-3.296875],
            "axis": [-0.0,0.0,-1.0],
            "flareHeight": 0.5625,
            "flareWidth": 0.5625
          },
          {
            "pos": [-1.15625,1.3437509536743164,-3.296875],
            "axis": [-0.0,0.0,-1.0],
            "flareHeight": 0.5625,
            "flareWidth": 0.5625
          }
        ]
      }
    ],
    "customVariables": ["EMERLTS"],
    "initialVariables": ["door_rl","door_fr","door_hood","door_rr","door_fl"],
    "sounds": [
      {
        "name": "iv_tcp_v3:big_fat_horn_of_doom",
        "activeAnimations": [
          {
            "animationType": "visibility",
            "variable": "horn",
            "clampMin": 1.0,
            "clampMax": 1.0
          }
        ],
        "looping": true
      },
      {
        "name": "mts:air_brake_activating",
        "activeAnimations": [
          {
            "animationType": "visibility",
            "variable": "p_brake",
            "clampMin": 1.0,
            "clampMax": 1.0
          }
        ]
      },
      {
        "name": "mts:backup_beeper",
        "activeAnimations": [
          {
            "animationType": "visibility",
            "variable": "engine_gear_1",
            "clampMin": -10.0,
            "clampMax": -1.0
          }
        ],
        "looping": true
      }
    ],
    "particles": [
      {
        "type": "smoke",
        "transparency": 0.25,
        "toTransparency": 0.25,
        "scale": 1.0,
        "color": "D9D9D9",
        "pos": [0.78125,0.375,-3.34375],
        "initialVelocity": [0.0,0.0,-1.0],
        "activeAnimations": [
          {
            "animationType": "visibility",
            "variable": "engine_piston_1_4_cam_1",
            "clampMin": 1.0,
            "clampMax": 1.0
          }
        ]
      },
      {
        "type": "smoke",
        "quantity": 5,
        "scale": 2.5,
        "color": "000000",
        "pos": [0.78125,0.375,-3.34375],
        "initialVelocity": [0.0,0.0,-1.0],
        "activeAnimations": [
          {
            "animationType": "visibility",
            "variable": "engine_backfired_1",
            "clampMin": 1.0,
            "clampMax": 1.0
          }
        ]
      },
      {
        "type": "smoke",
        "transparency": 0.25,
        "toTransparency": 0.25,
        "scale": 1.0,
        "color": "D9D9D9",
        "pos": [-0.78125,0.375,-3.34375],
        "initialVelocity": [0.0,0.0,-1.0],
        "activeAnimations": [
          {
            "animationType": "visibility",
            "variable": "engine_piston_2_4_cam_1",
            "clampMin": 1.0,
            "clampMax": 1.0
          }
        ]
      },
      {
        "type": "smoke",
        "quantity": 5,
        "scale": 2.5,
        "color": "000000",
        "pos": [-0.78125,0.375,-3.34375],
        "initialVelocity": [0.0,0.0,-1.0],
        "activeAnimations": [
          {
            "animationType": "visibility",
            "variable": "engine_backfired_1",
            "clampMin": 1.0,
            "clampMax": 1.0
          }
        ]
      },
      {
        "type": "smoke",
        "transparency": 0.25,
        "toTransparency": 0.25,
        "scale": 1.0,
        "color": "D9D9D9",
        "pos": [0.59375,0.375,-3.34375],
        "initialVelocity": [0.0,0.0,-1.0],
        "activeAnimations": [
          {
            "animationType": "visibility",
            "variable": "engine_piston_3_4_cam_1",
            "clampMin": 1.0,
            "clampMax": 1.0
          }
        ]
      },
      {
        "type": "smoke",
        "quantity": 5,
        "scale": 2.5,
        "color": "000000",
        "pos": [0.59375,0.375,-3.34375],
        "initialVelocity": [0.0,0.0,-1.0],
        "activeAnimations": [
          {
            "animationType": "visibility",
            "variable": "engine_backfired_1",
            "clampMin": 1.0,
            "clampMax": 1.0
          }
        ]
      },
      {
        "type": "smoke",
        "transparency": 0.25,
        "toTransparency": 0.25,
        "scale": 1.0,
        "color": "D9D9D9",
        "pos": [-0.59375,0.375,-3.34375],
        "initialVelocity": [0.0,0.0,-1.0],
        "activeAnimations": [
          {
            "animationType": "visibility",
            "variable": "engine_piston_4_4_cam_1",
            "clampMin": 1.0,
            "clampMax": 1.0
          }
        ]
      },
      {
        "type": "smoke",
        "quantity": 5,
        "scale": 2.5,
        "color": "000000",
        "pos": [-0.59375,0.375,-3.34375],
        "initialVelocity": [0.0,0.0,-1.0],
        "activeAnimations": [
          {
            "animationType": "visibility",
            "variable": "engine_backfired_1",
            "clampMin": 1.0,
            "clampMax": 1.0
          }
        ]
      }
    ]
  },
  "general": {
    "description": "High End TXS 6*6 Pickup\n4 Doors, 6 Seats\n\nRecommended parts:\nGiant Sized Wheels (*10)\nHeavy V10 Engine\nModel 2 Seats",
    "materials": ["minecraft:iron_ingot:0:16","minecraft:iron_block:0:11","minecraft:glowstone_dust:0:16","minecraft:glass_pane:0:12","mts:iv_tpp.metal_pile_2:0:2","mts:iv_tpp.metal_pile_1:0:4","mts:iv_tpp.chassis_hd10_txs_l11m_t20_hv10:0:1"]
  }
}
