{
  "motorized": {
    "isFrontWheelDrive": true,
    "isRearWheelDrive": true,
    "hasOpenTop": true,
    "hasAutopilot": true,
    "emptyMass": 3290,
    "fuelCapacity": 50000,
    "downForce": 0.65,
    "overSteer": 4,
    "underSteer": 2.5,
    "overSteerAccel": 3,
    "overSteerDecel": -1,
    "axleRatio": 3.88,
    "brakingFactor": 2.0,
    "dragCoefficient": 0.6
  },
  "parts": [
    {
      "pos": [1.25,0.0,0.0],
      "minValue": 0.99,
      "maxValue": 1.26,
      "types": ["ground_wheel"]
    },
    {
      "pos": [-1.25,0.0,0.0],
      "minValue": 0.99,
      "maxValue": 1.26,
      "types": ["ground_wheel"]
    },
    {
      "pos": [1.25,0.0,4.0625],
      "turnsWithSteer": true,
      "minValue": 0.99,
      "maxValue": 1.26,
      "types": ["ground_wheel"],
      "animations": [
        {
          "animationType": "rotation",
          "variable": "rudder",
          "centerPoint": [0.0,0.0,0.0],
          "axis": [0.0,-1.0,0.0]
        }
      ]
    },
    {
      "pos": [-1.25,0.0,4.0625],
      "turnsWithSteer": true,
      "minValue": 0.99,
      "maxValue": 1.26,
      "types": ["ground_wheel"],
      "animations": [
        {
          "animationType": "rotation",
          "variable": "rudder",
          "centerPoint": [0.0,0.0,0.0],
          "axis": [0.0,-1.0,0.0]
        }
      ]
    },
    {
      "pos": [0.6875,0.75,1.9375],
      "rot": [0.0,0.0,0.0],
      "dismountPos": [1.6875,0.75,1.9375],
      "isController": true,
      "types": ["seat"],
      "linkedVariables": ["door_fl"]
    },
    {
      "pos": [-0.6875,0.75,1.9375],
      "rot": [0.0,0.0,0.0],
      "dismountPos": [-1.6875,0.75,1.9375],
      "types": ["seat"],
      "additionalParts": [
        {
          "pos": [-0.6875,0.8,1.9375],
          "rot": [0.0,90.0,0.0],
          "maxValue": 2.0,
          "types": ["interactable_luggage"]
        }
      ],
      "linkedVariables": ["door_fr"]
    },
    {
      "pos": [0.0,0.75,0.0],
      "rot": [0.0,0.0,0.0],
      "dismountPos": [2.0,0.75,0.0],
      "types": ["seat"],
      "additionalParts": [
        {
          "pos": [0.0,0.8,0.0],
          "rot": [0.0,90.0,0.0],
          "maxValue": 2.0,
          "types": ["interactable_luggage"]
        }
      ]
    },
    {
      "pos": [1.0,1.1875,0.3125],
      "rot": [0.0,-90.0,0.0],
      "types": ["seat_invisible"]
    },
    {
      "pos": [-1.0,1.1875,0.3125],
      "rot": [0.0,90.0,0.0],
      "types": ["seat_invisible"]
    },
    {
      "pos": [0.0,0.3125,3.0625],
      "rot": [0.0,0.0,0.0],
      "maxValue": 3.51,
      "types": ["engine_car"],
      "linkedVariables": ["door_hood"]
    },
    {
      "pos": [0.0,0.375,5.51563],
      "maxValue": 3.0,
      "defaultPart": "iv_tpp:plate_gramados",
      "types": ["generic_licenseplate_us","generic_licenseplate_euro"]
    },
    {
      "pos": [0.0,0.28125,-2.01563],
      "rot": [0.0,180.0,0.0],
      "maxValue": 3.0,
      "defaultPart": "iv_tpp:plate_gramados",
      "types": ["generic_licenseplate_us","generic_licenseplate_euro"]
    },
    {
      "pos": [0.0,2.375,1.09375],
      "maxValue": 3.0,
      "types": ["generic_lightbar","generic_roofdevice"]
    },
    {
      "pos": [0.0,0.375,5.5],
      "maxValue": 2.0,
      "types": ["generic_bullbar"]
    },
    {
      "pos": [-0.875,0.8125,5.56875],
      "rot": [0.0,180.0,0.0],
      "maxValue": 1.0,
      "types": ["generic_bumpersticker"]
    },
    {
      "pos": [0.875,0.8125,5.56875],
      "rot": [0.0,180.0,0.0],
      "maxValue": 1.0,
      "types": ["generic_bumpersticker"]
    },
    {
      "pos": [0.0,0.8125,5.56875],
      "rot": [0.0,180.0,0.0],
      "maxValue": 1.0,
      "types": ["generic_bumpersticker"]
    },
    {
      "pos": [1.125,0.28125,-1.98125],
      "rot": [0.0,-7.0,0.0],
      "maxValue": 1.0,
      "types": ["generic_bumpersticker"]
    },
    {
      "pos": [-1.125,0.28125,-1.98125],
      "rot": [0.0,7.0,0.0],
      "maxValue": 1.0,
      "types": ["generic_bumpersticker"]
    },
    {
      "pos": [1.28125,1.4375,5.125],
      "maxValue": 3.0,
      "types": ["generic_flag_small"]
    },
    {
      "pos": [-1.28125,1.4375,5.125],
      "maxValue": 3.0,
      "types": ["generic_flag_small"]
    }
  ],
  "collisionGroups": [
    {
      "isInterior": true,
      "collisions": [
        {
          "pos": [1.3125,1.28125,1.6875],
          "width": 0.3125,
          "height": 0.125,
          "variableName": "door_fl",
          "variableType": "toggle",
          "variableValue": 0.0
        }
      ],
      "animations": [
        {
          "animationType": "translation",
          "variable": "door_fl",
          "axis": [1.125,0.0,0.5625]
        }
      ]
    },
    {
      "isInterior": true,
      "collisions": [
        {
          "pos": [1.3125,1.34375,2.59375],
          "width": 0.3125,
          "height": 0.125,
          "variableName": "door_fl",
          "variableType": "toggle",
          "variableValue": 0.0
        }
      ],
      "animations": [
        {
          "animationType": "translation",
          "variable": "door_fl",
          "axis": [0.3125,0.0,0.125]
        }
      ]
    },
    {
      "isInterior": true,
      "collisions": [
        {
          "pos": [-1.3125,1.28125,1.6875],
          "width": 0.3125,
          "height": 0.125,
          "variableName": "door_fr",
          "variableType": "toggle",
          "variableValue": 0.0
        }
      ],
      "animations": [
        {
          "animationType": "translation",
          "variable": "door_fr",
          "axis": [-1.125,0.0,0.5625]
        }
      ]
    },
    {
      "isInterior": true,
      "collisions": [
        {
          "pos": [-1.3125,1.34375,2.59375],
          "width": 0.3125,
          "height": 0.125,
          "variableName": "door_fr",
          "variableType": "toggle",
          "variableValue": 0.0
        }
      ],
      "animations": [
        {
          "animationType": "translation",
          "variable": "door_fr",
          "axis": [-0.3125,0.0,0.125]
        }
      ]
    },
    {
      "isInterior": true,
      "collisions": [
        {
          "pos": [0.0,1.5,4.6875],
          "width": 1.0,
          "height": 0.5,
          "variableName": "door_hood",
          "variableType": "toggle",
          "variableValue": 0.0
        }
      ],
      "animations": [
        {
          "animationType": "translation",
          "variable": "door_hood",
          "axis": [0.0,1.0625,-0.5625]
        }
      ]
    },
    {
      "isInterior": true,
      "collisions": [
        {
          "pos": [0.0,1.28125,-1.8125],
          "width": 0.3125,
          "height": 0.125,
          "variableName": "door_boot",
          "variableType": "toggle",
          "variableValue": 0.0
        }
      ],
      "animations": [
        {
          "animationType": "translation",
          "variable": "door_boot",
          "axis": [0.0,-0.71875,-0.9375]
        }
      ]
    },
    {
      "collisions": [
        {
          "pos": [0.0,1.375,4.4375],
          "width": 2.0,
          "height": 0.125,
          "variableValue": 0.0
        },
        {
          "pos": [0.0,0.625,1.875],
          "width": 2.0,
          "height": 0.125,
          "variableValue": 0.0
        },
        {
          "pos": [0.0,0.75,-0.75],
          "width": 2.0,
          "height": 0.125,
          "variableValue": 0.0
        },
        {
          "pos": [1.25,0.7,0.0],
          "width": 0.125,
          "height": 0.125,
          "variableValue": 0.0
        },
        {
          "pos": [-1.25,0.7,0.0],
          "width": 0.125,
          "height": 0.125,
          "variableValue": 0.0
        },
        {
          "pos": [1.25,0.7,4.0625],
          "width": 0.125,
          "height": 0.125,
          "variableValue": 0.0
        },
        {
          "pos": [-1.25,0.7,4.0625],
          "width": 0.125,
          "height": 0.125,
          "variableValue": 0.0
        }
      ]
    }
  ],
  "connectionGroups": [
    {
      "groupName": "HOOKUP",
      "hookup": true,
      "connections": [
        {
          "type": "tow_bumper",
          "pos": [0.0,0.25,5.0],
          "distance": 0.0
        },
        {
          "type": "tow_bumper",
          "pos": [0.0,0.25,-1.6875],
          "distance": 0.0
        },
        {
          "type": "tow_wheel",
          "pos": [0.0,-0.625,4.0625],
          "distance": 0.0
        }
      ]
    },
    {
      "groupName": "TRAILER",
      "canIntiateConnections": true,
      "connections": [
        {
          "type": "trailer_standard",
          "pos": [0.0,0.25,-1.6875],
          "distance": 0.0
        }
      ]
    }
  ],
  "instruments": [
    {
      "pos": [0.90625,1.3625,2.73375],
      "rot": [0.0,0.0,0.0],
      "scale": 0.015625,
      "hudX": 80,
      "hudY": 36,
      "hudScale": 0.25
    },
    {
      "pos": [0.8125,1.5,2.73375],
      "rot": [0.0,0.0,0.0],
      "scale": 0.015625,
      "hudX": 160,
      "hudY": 36,
      "hudScale": 0.5
    },
    {
      "pos": [0.5625,1.5,2.73375],
      "rot": [0.0,0.0,0.0],
      "scale": 0.015625,
      "hudX": 240,
      "hudY": 36,
      "hudScale": 0.5
    },
    {
      "pos": [0.46875,1.3625,2.73375],
      "rot": [0.0,0.0,0.0],
      "scale": 0.015625,
      "hudX": 320,
      "hudY": 36,
      "hudScale": 0.25
    }
  ],
  "definitions": [
    {
      "subName": "_root_purewhite_g",
      "name": "Trin Gobig SUV 2 Door Cabriolet Root Trim - Pure White Paint, Gray Interior",
      "extraMaterials": ["mts:iv_tpp.paint_bucket_purewhite:0:1","minecraft:wool:7:2","minecraft:wool:8:3"]
    },
    {
      "subName": "_root_purewhite_w",
      "name": "Trin Gobig SUV 2 Door Cabriolet Root Trim - Pure White Paint, White Interior",
      "extraMaterials": ["mts:iv_tpp.paint_bucket_purewhite:0:1","minecraft:wool:8:2","minecraft:wool:0:3"]
    },
    {
      "subName": "_root_tungsten_g",
      "name": "Trin Gobig SUV 2 Door Cabriolet Root Trim - Tungsten Paint, Gray Interior",
      "extraMaterials": ["mts:iv_tpp.paint_bucket_tungsten:0:1","minecraft:wool:7:2","minecraft:wool:8:3"]
    },
    {
      "subName": "_root_tungsten_w",
      "name": "Trin Gobig SUV 2 Door Cabriolet Root Trim - Tungsten Paint, White Interior",
      "extraMaterials": ["mts:iv_tpp.paint_bucket_tungsten:0:1","minecraft:wool:8:2","minecraft:wool:0:3"]
    },
    {
      "subName": "_root_firered_g",
      "name": "Trin Gobig SUV 2 Door Cabriolet Root Trim - Fire Red Paint, Gray Interior",
      "extraMaterials": ["mts:iv_tpp.paint_bucket_firered:0:1","minecraft:wool:7:2","minecraft:wool:8:3"]
    },
    {
      "subName": "_root_firered_w",
      "name": "Trin Gobig SUV 2 Door Cabriolet Root Trim - Fire Red Paint, White Interior",
      "extraMaterials": ["mts:iv_tpp.paint_bucket_firered:0:1","minecraft:wool:8:2","minecraft:wool:0:3"]
    },
    {
      "subName": "_comfort_jetblack_g",
      "name": "Trin Gobig SUV 2 Door Cabriolet Comfort Trim - Jet Black Paint, Gray Interior",
      "extraMaterials": ["mts:iv_tpp.paint_bucket_jetblack:0:1","minecraft:wool:7:2","minecraft:wool:8:3"]
    },
    {
      "subName": "_comfort_jetblack_w",
      "name": "Trin Gobig SUV 2 Door Cabriolet Comfort Trim - Jet Black Paint, White Interior",
      "extraMaterials": ["mts:iv_tpp.paint_bucket_jetblack:0:1","minecraft:wool:8:2","minecraft:wool:0:3"]
    },
    {
      "subName": "_comfort_jetblack_r",
      "name": "Trin Gobig SUV 2 Door Cabriolet Comfort Trim - Jet Black Paint, Red Interior",
      "extraMaterials": ["mts:iv_tpp.paint_bucket_jetblack:0:1","minecraft:wool:7:2","minecraft:wool:14:3"]
    },
    {
      "subName": "_comfort_oceanblue_g",
      "name": "Trin Gobig SUV 2 Door Cabriolet Comfort Trim - Ocean Blue Paint, Gray Interior",
      "extraMaterials": ["mts:iv_tpp.paint_bucket_oceanblue:0:1","minecraft:wool:7:2","minecraft:wool:8:3"]
    },
    {
      "subName": "_comfort_oceanblue_w",
      "name": "Trin Gobig SUV 2 Door Cabriolet Comfort Trim - Ocean Blue Paint, White Interior",
      "extraMaterials": ["mts:iv_tpp.paint_bucket_oceanblue:0:1","minecraft:wool:8:2","minecraft:wool:0:3"]
    },
    {
      "subName": "_comfort_oceanblue_r",
      "name": "Trin Gobig SUV 2 Door Cabriolet Comfort Trim - Ocean Blue Paint, Red Interior",
      "extraMaterials": ["mts:iv_tpp.paint_bucket_oceanblue:0:1","minecraft:wool:7:2","minecraft:wool:14:3"]
    },
    {
      "subName": "_comfort_chocolate_g",
      "name": "Trin Gobig SUV 2 Door Cabriolet Comfort Trim - Chocolate Paint, Gray Interior",
      "extraMaterials": ["mts:iv_tpp.paint_bucket_chocolate:0:1","minecraft:wool:7:2","minecraft:wool:8:3"]
    },
    {
      "subName": "_comfort_chocolate_w",
      "name": "Trin Gobig SUV 2 Door Cabriolet Comfort Trim - Chocolate Paint, White Interior",
      "extraMaterials": ["mts:iv_tpp.paint_bucket_chocolate:0:1","minecraft:wool:8:2","minecraft:wool:0:3"]
    },
    {
      "subName": "_comfort_chocolate_r",
      "name": "Trin Gobig SUV 2 Door Cabriolet Comfort Trim - Chocolate Paint, Red Interior",
      "extraMaterials": ["mts:iv_tpp.paint_bucket_chocolate:0:1","minecraft:wool:7:2","minecraft:wool:14:3"]
    },
    {
      "subName": "_substantial_tungstenandelectricblue_g",
      "name": "Trin Gobig SUV 2 Door Cabriolet Substantial Trim - Tungsten & Electric Blue Paint, Gray Interior",
      "extraMaterials": ["mts:iv_tpp.paint_double_bucket_tungstenandelectricblue:0:1","minecraft:wool:7:2","minecraft:wool:8:3"]
    },
    {
      "subName": "_substantial_tungstenandelectricblue_w",
      "name": "Trin Gobig SUV 2 Door Cabriolet Substantial Trim - Tungsten & Electric Blue Paint, White Interior",
      "extraMaterials": ["mts:iv_tpp.paint_double_bucket_tungstenandelectricblue:0:1","minecraft:wool:8:2","minecraft:wool:0:3"]
    },
    {
      "subName": "_substantial_tungstenandelectricblue_r",
      "name": "Trin Gobig SUV 2 Door Cabriolet Substantial Trim - Tungsten & Electric Blue Paint, Red Interior",
      "extraMaterials": ["mts:iv_tpp.paint_double_bucket_tungstenandelectricblue:0:1","minecraft:wool:7:2","minecraft:wool:14:3"]
    },
    {
      "subName": "_substantial_tungstenandelectricblue_t",
      "name": "Trin Gobig SUV 2 Door Cabriolet Substantial Trim - Tungsten & Electric Blue Paint, Tan Interior",
      "extraMaterials": ["mts:iv_tpp.paint_double_bucket_tungstenandelectricblue:0:1","minecraft:wool:4:2","minecraft:wool:0:3"]
    },
    {
      "subName": "_substantial_redandblack_g",
      "name": "Trin Gobig SUV 2 Door Cabriolet Substantial Trim - Red & Black Paint, Gray Interior",
      "extraMaterials": ["mts:iv_tpp.paint_double_bucket_redandblack:0:1","minecraft:wool:7:2","minecraft:wool:8:3"]
    },
    {
      "subName": "_substantial_redandblack_w",
      "name": "Trin Gobig SUV 2 Door Cabriolet Substantial Trim - Red & Black Paint, White Interior",
      "extraMaterials": ["mts:iv_tpp.paint_double_bucket_redandblack:0:1","minecraft:wool:8:2","minecraft:wool:0:3"]
    },
    {
      "subName": "_substantial_redandblack_r",
      "name": "Trin Gobig SUV 2 Door Cabriolet Substantial Trim - Red & Black Paint, Red Interior",
      "extraMaterials": ["mts:iv_tpp.paint_double_bucket_redandblack:0:1","minecraft:wool:7:2","minecraft:wool:14:3"]
    },
    {
      "subName": "_substantial_redandblack_t",
      "name": "Trin Gobig SUV 2 Door Cabriolet Substantial Trim - Red & Black Paint, Tan Interior",
      "extraMaterials": ["mts:iv_tpp.paint_double_bucket_redandblack:0:1","minecraft:wool:4:2","minecraft:wool:0:3"]
    },
    {
      "subName": "_substantial_midnightpurple_g",
      "name": "Trin Gobig SUV 2 Door Cabriolet Substantial Trim - Midnight Purple Paint, Gray Interior",
      "extraMaterials": ["mts:iv_tpp.paint_bucket_midnightpurple:0:1","minecraft:wool:7:2","minecraft:wool:8:3"]
    },
    {
      "subName": "_substantial_midnightpurple_w",
      "name": "Trin Gobig SUV 2 Door Cabriolet Substantial Trim - Midnight Purple Paint, White Interior",
      "extraMaterials": ["mts:iv_tpp.paint_bucket_midnightpurple:0:1","minecraft:wool:8:2","minecraft:wool:0:3"]
    },
    {
      "subName": "_substantial_midnightpurple_r",
      "name": "Trin Gobig SUV 2 Door Cabriolet Substantial Trim - Midnight Purple Paint, Red Interior",
      "extraMaterials": ["mts:iv_tpp.paint_bucket_midnightpurple:0:1","minecraft:wool:7:2","minecraft:wool:14:3"]
    },
    {
      "subName": "_substantial_midnightpurple_t",
      "name": "Trin Gobig SUV 2 Door Cabriolet Substantial Trim - Midnight Purple Paint, Tan Interior",
      "extraMaterials": ["mts:iv_tpp.paint_bucket_midnightpurple:0:1","minecraft:wool:4:2","minecraft:wool:0:3"]
    }
  ],
  "rendering": {
    "textObjects": [],
    "animatedObjects": [
      {
        "objectName": "steer",
        "animations": [
          {
            "animationType": "rotation",
            "variable": "rudder",
            "centerPoint": [0.6875,1.34375,2.625],
            "axis": [0.0,0.0,1.0]
          }
        ]
      },
      {
        "objectName": "accel",
        "animations": [
          {
            "animationType": "rotation",
            "variable": "throttle",
            "centerPoint": [0.0,0.71875,3.0],
            "axis": [-20.0,0.0,0.0]
          }
        ]
      },
      {
        "objectName": "brake",
        "animations": [
          {
            "animationType": "rotation",
            "variable": "brake",
            "centerPoint": [0.0,0.71875,3.0],
            "axis": [-20.0,0.0,0.0]
          }
        ]
      },
      {
        "objectName": "clutch",
        "animations": [
          {
            "animationType": "visibility",
            "variable": "engine_isautomatic_1"
          },
          {
            "animationType": "rotation",
            "variable": "clutch",
            "centerPoint": [0.0,0.71875,3.25],
            "axis": [-20.0,0.0,0.0]
          }
        ]
      },
      {
        "objectName": "p_brake",
        "animations": [
          {
            "animationType": "rotation",
            "variable": "p_brake",
            "centerPoint": [0.0,0.5,2.03125],
            "axis": [-30.0,0.0,0.0]
          }
        ]
      },
      {
        "objectName": "shifter",
        "animations": [
          {
            "animationType": "rotation",
            "variable": "engine_gearshift_1",
            "centerPoint": [0.0,0.54688,2.53125],
            "axis": [1.0,0.0,0.0]
          }
        ]
      },
      {
        "objectName": "doorFR",
        "animations": [
          {
            "animationType": "rotation",
            "variable": "door_fr",
            "centerPoint": [-1.375,0.0,3.125],
            "axis": [0.0,60.0,0.0],
            "duration": 20,
            "forwardsStartSound": "iv_tpp:dooropen",
            "reverseEndSound": "iv_tpp:doorclose"
          }
        ]
      },
      {
        "objectName": "doorFL",
        "animations": [
          {
            "animationType": "rotation",
            "variable": "door_fl",
            "centerPoint": [1.375,0.0,3.125],
            "axis": [0.0,-60.0,0.0],
            "duration": 20,
            "forwardsStartSound": "iv_tpp:dooropen",
            "reverseEndSound": "iv_tpp:doorclose"
          }
        ]
      },
      {
        "objectName": "hood",
        "animations": [
          {
            "animationType": "rotation",
            "variable": "door_hood",
            "centerPoint": [0.0,1.5,3.5625],
            "axis": [-60.0,0.0,0.0],
            "duration": 20,
            "forwardsStartSound": "iv_tpp:hoodopen",
            "reverseStartSound": "iv_tpp:hoodclose"
          }
        ]
      },
      {
        "objectName": "tailgate",
        "animations": [
          {
            "animationType": "rotation",
            "variable": "door_boot",
            "centerPoint": [0.0,0.5,-1.875],
            "axis": [-90.0,0.0,0.0],
            "duration": 20,
            "forwardsStartSound": "iv_tpp:bootopen",
            "reverseEndSound": "iv_tpp:bootclose"
          }
        ]
      }
    ],
    "lightObjects": [],
    "customVariables": [],
    "initialVariables": ["door_fr","door_hood","door_fl"],
    "sounds": [
      {
        "name": "iv_tcp_v3:horn_1",
        "activeAnimations": [
          {
            "animationType": "visibility",
            "variable": "horn",
            "clampMin": 1.0,
            "clampMax": 1.0
          }
        ],
        "looping": true
      }
    ],
    "particles": [
      {
        "type": "smoke",
        "transparency": 0.25,
        "toTransparency": 0.25,
        "scale": 1.0,
        "color": "D9D9D9",
        "pos": [0.78125,0.125,-1.90625],
        "initialVelocity": [0.0,0.0,-1.0],
        "activeAnimations": [
          {
            "animationType": "visibility",
            "variable": "engine_piston_1_2_cam_1",
            "clampMin": 1.0,
            "clampMax": 1.0
          }
        ]
      },
      {
        "type": "smoke",
        "quantity": 5,
        "scale": 2.5,
        "color": "000000",
        "pos": [0.78125,0.125,-1.90625],
        "initialVelocity": [0.0,0.0,-1.0],
        "activeAnimations": [
          {
            "animationType": "visibility",
            "variable": "engine_backfired_1",
            "clampMin": 1.0,
            "clampMax": 1.0
          }
        ]
      },
      {
        "type": "smoke",
        "transparency": 0.25,
        "toTransparency": 0.25,
        "scale": 1.0,
        "color": "D9D9D9",
        "pos": [-0.78125,0.125,-1.90625],
        "initialVelocity": [0.0,0.0,-1.0],
        "activeAnimations": [
          {
            "animationType": "visibility",
            "variable": "engine_piston_2_2_cam_1",
            "clampMin": 1.0,
            "clampMax": 1.0
          }
        ]
      },
      {
        "type": "smoke",
        "quantity": 5,
        "scale": 2.5,
        "color": "000000",
        "pos": [-0.78125,0.125,-1.90625],
        "initialVelocity": [0.0,0.0,-1.0],
        "activeAnimations": [
          {
            "animationType": "visibility",
            "variable": "engine_backfired_1",
            "clampMin": 1.0,
            "clampMax": 1.0
          }
        ]
      }
    ]
  },
  "general": {
    "description": "High End SUV\n2 Doors, 3 Seats\n\nRecommended parts:\nGiant Sized Wheels (*4)\nHeavy V10 Engine\nModel 2 Seats",
    "materials": ["minecraft:iron_ingot:0:16","minecraft:iron_block:0:8","minecraft:glowstone_dust:0:16","minecraft:glass_pane:0:1","mts:iv_tpp.metal_pile_2:0:2","mts:iv_tpp.chassis_hd4_l7m_t20_hv10:0:1"]
  }
}
