{
  "motorized": {
    "isRearWheelDrive": true,
    "hasAutopilot": true,
    "emptyMass": 1000,
    "fuelCapacity": 20000,
    "axleRatio": 3.9,
    "dragCoefficient": 0.35,
    "brakingFactor": 1.3,
    "downForce": 0.325,
    "overSteer": 3.0,
    "maxTiltAngle": -3.75
  },
  "parts": [
    {
      "pos": [1.125,0.0,0.0],
      "minValue": 0.5,
      "maxValue": 0.9,
      "types": ["ground_wheel"]
    },
    {
      "pos": [-1.125,0.0,0.0],
      "minValue": 0.5,
      "maxValue": 0.9,
      "types": ["ground_wheel"]
    },
    {
      "pos": [1.125,0.0,3.375],
      "turnsWithSteer": true,
      "minValue": 0.5,
      "maxValue": 0.9,
      "types": ["ground_wheel"],
      "animations": [
        {
          "animationType": "rotation",
          "variable": "rudder",
          "centerPoint": [0.0,0.0,0.0],
          "axis": [0.0,-1.0,0.0]
        }
      ]
    },
    {
      "pos": [-1.125,0.0,3.375],
      "turnsWithSteer": true,
      "minValue": 0.5,
      "maxValue": 0.9,
      "types": ["ground_wheel"],
      "animations": [
        {
          "animationType": "rotation",
          "variable": "rudder",
          "centerPoint": [0.0,0.0,0.0],
          "axis": [0.0,-1.0,0.0]
        }
      ]
    },
    {
      "pos": [0.5625,0.25,1.9375],
      "rot": [0.0,0.0,0.0],
      "dismountPos": [1.5625,0.25,1.9375],
      "isController": true,
      "types": ["seat"],
      "linkedDoors": ["door_fl"]
    },
    {
      "pos": [-0.5625,0.25,1.9375],
      "rot": [0.0,0.0,0.0],
      "dismountPos": [-1.5625,0.25,1.9375],
      "types": ["seat"],
      "additionalParts": [
        {
          "pos": [-0.5625,0.3,1.9375],
          "rot": [0.0,90.0,0.0],
          "maxValue": 2.0,
          "types": ["interactable_luggage"]
        }
      ],
      "linkedDoors": ["door_fr"]
    },
    {
      "pos": [0.5625,0.25,1.0],
      "rot": [0.0,0.0,0.0],
      "dismountPos": [1.5625,0.25,1.0],
      "types": ["seat","interactable_crate"],
      "additionalParts": [
        {
          "pos": [0.5625,0.3,1.0],
          "rot": [0.0,90.0,0.0],
          "maxValue": 2.0,
          "types": ["interactable_luggage"]
        }
      ],
      "linkedDoors": ["door_fl"]
    },
    {
      "pos": [-0.5625,0.25,1.0],
      "rot": [0.0,0.0,0.0],
      "dismountPos": [-1.5625,0.25,1.0],
      "types": ["seat","interactable_crate"],
      "additionalParts": [
        {
          "pos": [-0.5625,0.3,1.0],
          "rot": [0.0,90.0,0.0],
          "maxValue": 2.0,
          "types": ["interactable_luggage"]
        }
      ],
      "linkedDoors": ["door_fr"]
    },
    {
      "pos": [0.0,0.0,3.125],
      "rot": [0.0,0.0,0.0],
      "minValue": 0.15,
      "maxValue": 0.31,
      "types": ["engine_car"],
      "linkedDoors": ["door_hood"]
    },
    {
      "pos": [0.0,1.625,2.125],
      "maxValue": 3.0,
      "types": ["generic_lightbar"]
    },
    {
      "pos": [0.0,1.59375,1.125],
      "maxValue": 3.0,
      "types": ["generic_roofdevice"]
    },
    {
      "pos": [0.0,0.0,4.125],
      "maxValue": 2.0,
      "types": ["generic_bullbar"]
    },
    {
      "pos": [-0.5,0.3125,-0.1875],
      "rot": [1.0,0.0,-2.0],
      "maxValue": 2.0,
      "types": ["interactable_luggage"],
      "linkedDoors": ["door_boot"]
    },
    {
      "pos": [0.5,0.3125,-0.1875],
      "rot": [5.0,-1.0,2.0],
      "maxValue": 2.0,
      "types": ["interactable_luggage"],
      "linkedDoors": ["door_boot"]
    },
    {
      "pos": [-0.15625,0.3125,-0.1875],
      "rot": [0.0,2.0,1.0],
      "maxValue": 2.0,
      "types": ["interactable_luggage"],
      "linkedDoors": ["door_boot"]
    },
    {
      "pos": [0.15625,0.3125,-0.1875],
      "rot": [-3.0,2.0,-1.0],
      "maxValue": 2.0,
      "types": ["interactable_luggage"],
      "linkedDoors": ["door_boot"]
    },
    {
      "pos": [-0.46875,0.15625,4.25625],
      "rot": [0.0,180.0,0.0],
      "maxValue": 1.0,
      "types": ["generic_bumpersticker"]
    },
    {
      "pos": [0.46875,0.15625,4.25625],
      "rot": [0.0,180.0,0.0],
      "maxValue": 1.0,
      "types": ["generic_bumpersticker"]
    },
    {
      "pos": [-0.5625,0.15625,-0.81875],
      "rot": [0.0,0.0,0.0],
      "maxValue": 1.0,
      "types": ["generic_bumpersticker"]
    },
    {
      "pos": [0.5625,0.15625,-0.81875],
      "rot": [0.0,0.0,0.0],
      "maxValue": 1.0,
      "types": ["generic_bumpersticker"]
    },
    {
      "pos": [0.0,0.15625,4.28188],
      "rot": [0.0,0.0,0.0],
      "maxValue": 3.0,
      "defaultPart": "iv_tpp:plate_gramados",
      "types": ["generic_licenseplate_us","generic_licenseplate_euro"]
    },
    {
      "pos": [0.0,0.15625,-0.84438],
      "rot": [0.0,180.0,0.0],
      "maxValue": 3.0,
      "defaultPart": "iv_tpp:plate_gramados",
      "types": ["generic_licenseplate_us","generic_licenseplate_euro"]
    }
  ],
  "collision": [
    {
      "pos": [0.0,0.8,3.375],
      "width": 1.5,
      "height": 0.125
    },
    {
      "pos": [0.0,1.5625,1.4375],
      "width": 1.5,
      "height": 0.125
    },
    {
      "pos": [0.0,0.875,-0.1875],
      "width": 1.0,
      "height": 0.125
    }
  ],
  "doors": [
    {
      "name": "door_fl",
      "closedPos": [1.15625,0.75,1.46875],
      "openPos": [2.28125,0.75,2.03125],
      "width": 0.3125,
      "height": 0.125,
      "closeOnMovement": true,
      "activateOnSeated": true
    },
    {
      "name": "door_fl",
      "closedPos": [1.15625,0.71875,2.46875],
      "openPos": [1.40625,0.71875,2.53125],
      "width": 0.3125,
      "height": 0.125,
      "closeOnMovement": true,
      "activateOnSeated": true
    },
    {
      "name": "door_fr",
      "closedPos": [-1.15625,0.75,1.46875],
      "openPos": [-2.28125,0.75,2.03125],
      "width": 0.3125,
      "height": 0.125,
      "closeOnMovement": true,
      "activateOnSeated": true
    },
    {
      "name": "door_fr",
      "closedPos": [-1.15625,0.71875,2.46875],
      "openPos": [-1.40625,0.71875,2.53125],
      "width": 0.3125,
      "height": 0.125,
      "closeOnMovement": true,
      "activateOnSeated": true
    },
    {
      "name": "door_hood",
      "closedPos": [0.0,0.75,3.375],
      "openPos": [0.0,1.4375,3.4375],
      "width": 1.0,
      "height": 0.25
    },
    {
      "name": "door_boot",
      "closedPos": [0.0,0.3125,-0.8125],
      "openPos": [0.0,1.53125,-0.75],
      "width": 0.3125,
      "height": 0.125,
      "closedByDefault": true,
      "activateOnSeated": true
    }
  ],
  "connectionGroups": [
    {
      "groupName": "HOOKUP",
      "hookup": true,
      "connections": [
        {
          "type": "tow_bumper",
          "pos": [0.0,0.0625,4.28125],
          "distance": 0.0
        },
        {
          "type": "tow_wheel",
          "pos": [0.0,-0.4375,3.375],
          "distance": 0.0
        }
      ]
    },
    {
      "groupName": "TRAILER",
      "canIntiateConnections": true,
      "connections": [
        {
          "type": "trailer_standard",
          "pos": [0.0,0.0625,-0.84375],
          "distance": 0.0
        }
      ]
    }
  ],
  "instruments": [
    {
      "pos": [0.75,0.8125,2.6093],
      "rot": [0.0,0.0,0.0],
      "scale": 0.015625,
      "hudX": 80,
      "hudY": 36,
      "hudScale": 0.25
    },
    {
      "pos": [0.625,0.8125,2.6093],
      "rot": [0.0,0.0,0.0],
      "scale": 0.015625,
      "hudX": 160,
      "hudY": 36,
      "hudScale": 0.5
    },
    {
      "pos": [0.5,0.8125,2.6093],
      "rot": [0.0,0.0,0.0],
      "scale": 0.015625,
      "hudX": 240,
      "hudY": 36,
      "hudScale": 0.5
    },
    {
      "pos": [0.375,0.8125,2.6093],
      "rot": [0.0,0.0,0.0],
      "scale": 0.015625,
      "hudX": 320,
      "hudY": 36,
      "hudScale": 0.25
    }
  ],
  "definitions": [
    {
      "subName": "_midnightpurple_g",
      "name": "Trin Devom comfort trim - Midnight Purple paint, Gray interior",
      "extraMaterials": ["mts:iv_tpp.paint_bucket_midnightpurple:0:1","minecraft:wool:7:2","minecraft:wool:8:3"]
    },
    {
      "subName": "_midnightpurple_w",
      "name": "Trin Devom comfort trim - Midnight Purple paint, White interior",
      "extraMaterials": ["mts:iv_tpp.paint_bucket_midnightpurple:0:1","minecraft:wool:8:2","minecraft:wool:0:3"]
    },
    {
      "subName": "_pureblack_g",
      "name": "Trin Devom comfort trim - Pure Black paint, Gray interior",
      "extraMaterials": ["mts:iv_tpp.paint_bucket_pureblack:0:1","minecraft:wool:7:2","minecraft:wool:8:3"]
    },
    {
      "subName": "_pureblack_w",
      "name": "Trin Devom comfort trim - Pure Black paint, White interior",
      "extraMaterials": ["mts:iv_tpp.paint_bucket_pureblack:0:1","minecraft:wool:8:2","minecraft:wool:0:3"]
    },
    {
      "subName": "_sage_g",
      "name": "Trin Devom comfort trim - Sage paint, Gray interior",
      "extraMaterials": ["mts:iv_tpp.paint_bucket_sage:0:1","minecraft:wool:7:2","minecraft:wool:8:3"]
    },
    {
      "subName": "_sage_w",
      "name": "Trin Devom comfort trim - Sage paint, White interior",
      "extraMaterials": ["mts:iv_tpp.paint_bucket_sage:0:1","minecraft:wool:8:2","minecraft:wool:0:3"]
    }
  ],
  "rendering": {
    "textObjects": [],
    "animatedObjects": [
      {
        "objectName": "$steer",
        "animations": [
          {
            "animationType": "rotation",
            "variable": "rudder",
            "centerPoint": [0.5625,0.71875,2.5625],
            "axis": [0.0,0.0,1.0]
          }
        ]
      },
      {
        "objectName": "$gas",
        "animations": [
          {
            "animationType": "rotation",
            "variable": "throttle",
            "centerPoint": [0.0,0.34375,3.04688],
            "axis": [-30.0,0.0,0.0]
          }
        ]
      },
      {
        "objectName": "$brake",
        "animations": [
          {
            "animationType": "rotation",
            "variable": "brake",
            "centerPoint": [0.0,0.34375,3.04688],
            "axis": [-30.0,0.0,0.0]
          }
        ]
      },
      {
        "objectName": "$p_brake",
        "animations": [
          {
            "animationType": "rotation",
            "variable": "p_brake",
            "centerPoint": [0.0,0.0,2.59375],
            "axis": [-30.0,0.0,0.0]
          }
        ]
      },
      {
        "objectName": "$shift",
        "animations": [
          {
            "animationType": "rotation",
            "variable": "engine_gearshift_1",
            "centerPoint": [0.0,0.25,2.40625],
            "axis": [1.0,0.0,0.0]
          }
        ]
      },
      {
        "objectName": "$doorFR",
        "animations": [
          {
            "animationType": "rotation",
            "variable": "door_fr",
            "centerPoint": [-1.21875,0.5625,2.75],
            "axis": [0.0,60.0,0.0],
            "duration": 20,
            "forwardsStartSound": "iv_tpp:dooropen",
            "reverseEndSound": "iv_tpp:doorclose"
          }
        ]
      },
      {
        "objectName": "$doorFL",
        "animations": [
          {
            "animationType": "rotation",
            "variable": "door_fl",
            "centerPoint": [1.21875,0.5625,2.75],
            "axis": [0.0,-60.0,0.0],
            "duration": 20,
            "forwardsStartSound": "iv_tpp:dooropen",
            "reverseEndSound": "iv_tpp:doorclose"
          }
        ]
      },
      {
        "objectName": "$doorwindowFR",
        "animations": [
          {
            "animationType": "rotation",
            "variable": "door_fr",
            "centerPoint": [-1.21875,0.5625,2.75],
            "axis": [0.0,60.0,0.0],
            "duration": 20,
            "forwardsStartSound": "iv_tpp:dooropen",
            "reverseEndSound": "iv_tpp:doorclose"
          }
        ]
      },
      {
        "objectName": "$doorwindowFL",
        "animations": [
          {
            "animationType": "rotation",
            "variable": "door_fl",
            "centerPoint": [1.21875,0.5625,2.75],
            "axis": [0.0,-60.0,0.0],
            "duration": 20,
            "forwardsStartSound": "iv_tpp:dooropen",
            "reverseEndSound": "iv_tpp:doorclose"
          }
        ]
      },
      {
        "objectName": "$hood",
        "animations": [
          {
            "animationType": "rotation",
            "variable": "door_hood",
            "centerPoint": [0.0,0.875,3.125],
            "axis": [-60.0,0.0,0.0],
            "duration": 20,
            "forwardsStartSound": "iv_tpp:hoodopen",
            "reverseStartSound": "iv_tpp:hoodclose"
          }
        ]
      },
      {
        "objectName": "$boot",
        "animations": [
          {
            "animationType": "rotation",
            "variable": "door_boot",
            "centerPoint": [0.0,0.9375,-0.1875],
            "axis": [90.0,0.0,0.0],
            "duration": 20,
            "forwardsStartSound": "iv_tpp:bootopen",
            "reverseEndSound": "iv_tpp:bootclose"
          }
        ]
      }
    ],
    "customVariables": [],
    "sounds": [
      {
        "name": "iv_tcp_v3:horn_1",
        "activeAnimations": [
          {
            "animationType": "visibility",
            "variable": "horn",
            "clampMin": 1.0,
            "clampMax": 1.0
          }
        ],
        "looping": true
      }
    ],
    "particles": [
      {
        "type": "smoke",
        "activeAnimations": [
          {
            "animationType": "visibility",
            "variable": "engine_piston_1_1_cam_1",
            "clampMin": 1.0,
            "clampMax": 1.0
          }
        ],
        "color": "#D9D9D9",
        "transparency": 0.25,
        "toTransparency": 0.25,
        "scale": 1.0,
        "pos": [-1.25,-0.15625,0.6875],
        "initialVelocity": [-1.0,0.0,0.0]
      },
      {
        "type": "smoke",
        "activeAnimations": [
          {
            "animationType": "visibility",
            "variable": "engine_backfired_1",
            "clampMin": 1.0,
            "clampMax": 1.0
          }
        ],
        "color": "#000000",
        "scale": 2.5,
        "pos": [-1.25,-0.15625,0.6875],
        "initialVelocity": [-1.0,0.0,0.0],
        "quantity": 5
      }
    ]
  },
  "prefixFolders": "b - mid end/g - coupe/",
  "packID": "iv_tcp_v3",
  "systemName": "trin_devom_comfort",
  "classification": "vehicle",
  "general": {
    "description": "Mid End Sporty Coupe\n2 doors, 4 seats\n\nRecommended parts:\nAverage Sized Wheels\nTurbo Charged i5 Engine\nModel 3 Seats",
    "materials": ["minecraft:dye:8:8","minecraft:leather:0:2","minecraft:dye:7:8","minecraft:iron_nugget:0:11","minecraft:glowstone_dust:0:11","minecraft:wool:7:3","minecraft:glass_pane:0:5","minecraft:iron_block:0:7","minecraft:iron_ingot:0:13","minecraft:string:0:5","minecraft:dye:0:4","mts:iv_tpp.chassis_cc4_t1_t14_i5:0:1"]
  }
}
