{
  "generic": {
    "type": "engine_car",
    "forwardsDamageMultiplier": 1.0,
    "mass": 120
  },
  "engine": {
    "type": "normal",
    "starterPower": 65,
    "shiftSpeed": 10,
    "clutchTime": 3,
    "revResistance": 7,
    "maxRPM": 15000,
    "maxSafeRPM": 10000,
    "idleRPM": 900,
    "startRPM": 500,
    "revlimitRPM": 9500,
    "revlimitBounce": 7,
    "stallRPM": 585,
    "engineWinddownRate": 100,
    "heatingCoefficient": 1.5,
    "coolingCoefficient": 0.75,
    "engineWearFactor": 0.75,
    "fuelConsumption": 0.5,
    "gearRatios": [-2.5,0.0,2.5,1.0,0.75,0.5],
    "fuelType": "hydrogen",
    "superchargerFuelConsumption": -0.25,
    "superchargerEfficiency": -0.25,
    "isCrankingNotPitched": true
  },
  "definitions": [
    {
      "subName": "",
      "name": "Falcon Stage 1 V6 Hydrogen Racing Engine",
      "extraMaterialLists": [
        []
      ]
    }
  ],
  "variableModifiers": [
    {
      "variable": "heatingCoefficient",
      "addValue": -0.125,
      "animations": [
        {
          "animationType": "visibility",
          "variable": "engine_temp",
          "clampMin": 70.0,
          "clampMax": 1000.0
        }
      ]
    },
    {
      "variable": "coolingCoefficient",
      "addValue": 1.0,
      "animations": [
        {
          "animationType": "visibility",
          "variable": "engine_temp",
          "clampMin": 70.0,
          "clampMax": 1000.0
        }
      ]
    },
    {
      "variable": "idleRPM",
      "animations": [
        {
          "animationType": "inhibitor",
          "variable": "!engine_gear"
        },
        {
          "animationType": "inhibitor",
          "variable": "throttle",
          "clampMin": 0.0625,
          "clampMax": 2.0
        },
        {
          "animationType": "translation",
          "variable": "5_10_0_cycle",
          "axis": [0.0,100.0,0.0],
          "forwardsEasing": "easeinoutbounce",
          "reverseEasing": "easeinoutbounce"
        }
      ]
    },
    {
      "variable": "idleRPM",
      "animations": [
        {
          "animationType": "inhibitor",
          "variable": "engine_powered",
          "clampMin": 1.0,
          "clampMax": 1.0,
          "forwardsDelay": 80
        },
        {
          "animationType": "translation",
          "variable": "engine_powered",
          "axis": [0.0,1200.0,0.0]
        },
        {
          "animationType": "translation",
          "variable": "engine_powered",
          "axis": [0.0,-1200.0,0.0],
          "duration": 80
        }
      ]
    },
    {
      "variable": "engine_clutching",
      "maxValue": 1.0,
      "animations": [
        {
          "animationType": "translation",
          "variable": "engine_clutch_upshift",
          "axis": [0.0,3.0,0.0],
          "offset": -1.0
        },
        {
          "animationType": "translation",
          "variable": "engine_clutch_downshift",
          "axis": [0.0,3.0,0.0],
          "offset": -1.0
        }
      ]
    },
    {
      "variable": "lazinessThatJavaWontLike",
      "maxValue": 1.0,
      "animations": [
        {
          "animationType": "translation",
          "variable": "random",
          "axis": [0.0,0.0,1.0]
        }
      ]
    }
  ],
  "rendering": {
    "lightObjects": [],
    "sounds": [
      {
        "name": "ivv:v6falcon_starting",
        "activeAnimations": [
          {
            "animationType": "visibility",
            "variable": "engine_running",
            "clampMin": 1.0,
            "clampMax": 1.0
          }
        ],
        "minDistance": 0.0,
        "minDistanceVolume": 0.0,
        "middleDistance": 0.0,
        "middleDistanceVolume": 0.0,
        "maxDistance": 0.0,
        "maxDistanceVolume": 0.0
      },
      {
        "name": "ivv:v6falcon_stopping",
        "activeAnimations": [
          {
            "animationType": "visibility",
            "variable": "engine_running"
          }
        ],
        "minDistance": 0.0,
        "minDistanceVolume": 0.0,
        "middleDistance": 0.0,
        "middleDistanceVolume": 0.0,
        "maxDistance": 0.0,
        "maxDistanceVolume": 0.0
      },
      {
        "name": "ivv:v6falcon_sputter",
        "activeAnimations": [
          {
            "animationType": "visibility",
            "variable": "engine_backfired",
            "clampMin": 1.0,
            "clampMax": 1.0
          }
        ],
        "forceSound": true,
        "minDistance": 0.0,
        "minDistanceVolume": 0.0,
        "middleDistance": 0.0,
        "middleDistanceVolume": 0.0,
        "maxDistance": 0.0,
        "maxDistanceVolume": 0.0
      },
      {
        "name": "ivv:transmissionfailshift1",
        "activeAnimations": [
          {
            "animationType": "visibility",
            "variable": "engine_badshift",
            "clampMin": 1.0,
            "clampMax": 1.0
          },
          {
            "animationType": "visibility",
            "variable": "lazinessThatJavaWontLike",
            "clampMax": 0.25
          }
        ],
        "pitchAnimations": [
          {
            "animationType": "translation",
            "variable": "speed",
            "axis": [0.0,0.0125,0.0],
            "offset": 0.75,
            "clampMin": 0.875,
            "clampMax": 1.25
          }
        ],
        "forceSound": true,
        "minDistance": 0.0,
        "minDistanceVolume": 0.0,
        "middleDistance": 0.0,
        "middleDistanceVolume": 0.0,
        "maxDistance": 0.0,
        "maxDistanceVolume": 0.0
      },
      {
        "name": "ivv:transmissionfailshift2",
        "activeAnimations": [
          {
            "animationType": "visibility",
            "variable": "engine_badshift",
            "clampMin": 1.0,
            "clampMax": 1.0
          },
          {
            "animationType": "visibility",
            "variable": "lazinessThatJavaWontLike",
            "clampMin": 0.25,
            "clampMax": 0.5
          }
        ],
        "pitchAnimations": [
          {
            "animationType": "translation",
            "variable": "speed",
            "axis": [0.0,0.0125,0.0],
            "offset": 0.75,
            "clampMin": 0.875,
            "clampMax": 1.25
          }
        ],
        "forceSound": true,
        "minDistance": 0.0,
        "minDistanceVolume": 0.0,
        "middleDistance": 0.0,
        "middleDistanceVolume": 0.0,
        "maxDistance": 0.0,
        "maxDistanceVolume": 0.0
      },
      {
        "name": "ivv:transmissionfailshift3",
        "activeAnimations": [
          {
            "animationType": "visibility",
            "variable": "engine_badshift",
            "clampMin": 1.0,
            "clampMax": 1.0
          },
          {
            "animationType": "visibility",
            "variable": "lazinessThatJavaWontLike",
            "clampMin": 0.5,
            "clampMax": 0.75
          }
        ],
        "pitchAnimations": [
          {
            "animationType": "translation",
            "variable": "speed",
            "axis": [0.0,0.0125,0.0],
            "offset": 0.75,
            "clampMin": 0.875,
            "clampMax": 1.25
          }
        ],
        "forceSound": true,
        "minDistance": 0.0,
        "minDistanceVolume": 0.0,
        "middleDistance": 0.0,
        "middleDistanceVolume": 0.0,
        "maxDistance": 0.0,
        "maxDistanceVolume": 0.0
      },
      {
        "name": "ivv:transmissionfailshift4",
        "activeAnimations": [
          {
            "animationType": "visibility",
            "variable": "engine_badshift",
            "clampMin": 1.0,
            "clampMax": 1.0
          },
          {
            "animationType": "visibility",
            "variable": "lazinessThatJavaWontLike",
            "clampMin": 0.75,
            "clampMax": 1.0
          }
        ],
        "pitchAnimations": [
          {
            "animationType": "translation",
            "variable": "speed",
            "axis": [0.0,0.0125,0.0],
            "offset": 0.75,
            "clampMin": 0.875,
            "clampMax": 1.25
          }
        ],
        "forceSound": true,
        "minDistance": 0.0,
        "minDistanceVolume": 0.0,
        "middleDistance": 0.0,
        "middleDistanceVolume": 0.0,
        "maxDistance": 0.0,
        "maxDistanceVolume": 0.0
      },
      {
        "name": "ivv:transmissionmanualshift1",
        "activeAnimations": [
          {
            "animationType": "visibility",
            "variable": "engine_clutching",
            "clampMin": 1.0,
            "clampMax": 1.0
          },
          {
            "animationType": "visibility",
            "variable": "lazinessThatJavaWontLike",
            "clampMax": 0.25
          }
        ],
        "minDistance": 0.0,
        "minDistanceVolume": 0.0,
        "middleDistance": 0.0,
        "middleDistanceVolume": 0.0,
        "maxDistance": 0.0,
        "maxDistanceVolume": 0.0
      },
      {
        "name": "ivv:transmissionmanualshift2",
        "activeAnimations": [
          {
            "animationType": "visibility",
            "variable": "engine_clutching",
            "clampMin": 1.0,
            "clampMax": 1.0
          },
          {
            "animationType": "visibility",
            "variable": "lazinessThatJavaWontLike",
            "clampMin": 0.25,
            "clampMax": 0.5
          }
        ],
        "minDistance": 0.0,
        "minDistanceVolume": 0.0,
        "middleDistance": 0.0,
        "middleDistanceVolume": 0.0,
        "maxDistance": 0.0,
        "maxDistanceVolume": 0.0
      },
      {
        "name": "ivv:transmissionmanualshift3",
        "activeAnimations": [
          {
            "animationType": "visibility",
            "variable": "engine_clutching",
            "clampMin": 1.0,
            "clampMax": 1.0
          },
          {
            "animationType": "visibility",
            "variable": "lazinessThatJavaWontLike",
            "clampMin": 0.5,
            "clampMax": 0.75
          }
        ],
        "minDistance": 0.0,
        "minDistanceVolume": 0.0,
        "middleDistance": 0.0,
        "middleDistanceVolume": 0.0,
        "maxDistance": 0.0,
        "maxDistanceVolume": 0.0
      },
      {
        "name": "ivv:transmissionmanualshift4",
        "activeAnimations": [
          {
            "animationType": "visibility",
            "variable": "engine_clutching",
            "clampMin": 1.0,
            "clampMax": 1.0
          },
          {
            "animationType": "visibility",
            "variable": "lazinessThatJavaWontLike",
            "clampMin": 0.75,
            "clampMax": 1.0
          }
        ],
        "minDistance": 0.0,
        "minDistanceVolume": 0.0,
        "middleDistance": 0.0,
        "middleDistanceVolume": 0.0,
        "maxDistance": 0.0,
        "maxDistanceVolume": 0.0
      },
      {
        "name": "ivv:engineoverrev",
        "activeAnimations": [
          {
            "animationType": "visibility",
            "variable": "engine_powered",
            "clampMin": 1.0,
            "clampMax": 1.0
          }
        ],
        "volumeAnimations": [
          {
            "animationType": "translation",
            "variable": "engine_rpm_percent_safe",
            "axis": [0.0,10.0,0.0],
            "offset": -10.0
          }
        ],
        "pitchAnimations": [
          {
            "animationType": "translation",
            "variable": "engine_rpm_percent_safe",
            "axis": [0.0,4.0,0.0],
            "offset": -3.5,
            "clampMax": 4.0
          }
        ],
        "looping": true,
        "minDistance": 0.0,
        "minDistanceVolume": 0.0,
        "middleDistance": 0.0,
        "middleDistanceVolume": 0.0,
        "maxDistance": 0.0,
        "maxDistanceVolume": 0.0
      },
      {
        "name": "ivv:enginehourrattle",
        "activeAnimations": [
          {
            "animationType": "visibility",
            "variable": "engine_powered",
            "clampMin": 1.0,
            "clampMax": 1.0
          },
          {
            "animationType": "inhibitor",
            "variable": "parent_damage_percent",
            "clampMin": 0.5,
            "clampMax": 1.0
          },
          {
            "animationType": "visibility",
            "variable": "engine_hours",
            "clampMin": 500.0,
            "clampMax": 999999.0
          }
        ],
        "volumeAnimations": [
          {
            "animationType": "translation",
            "variable": "throttle",
            "axis": [0.0,-1.5,0.0],
            "offset": 1.0,
            "duration": 10
          },
          {
            "animationType": "translation",
            "variable": "engine_rpm_percent",
            "axis": [0.0,1.75,0.0],
            "offset": -1.25,
            "clampMax": 1.5
          }
        ],
        "pitchAnimations": [
          {
            "animationType": "translation",
            "variable": "throttle",
            "axis": [0.0,0.25,0.0],
            "offset": 0.75,
            "duration": 20
          }
        ],
        "looping": true,
        "minDistance": 0.0,
        "minDistanceVolume": 0.0,
        "middleDistance": 0.0,
        "middleDistanceVolume": 0.0,
        "maxDistance": 0.0,
        "maxDistanceVolume": 0.0
      },
      {
        "name": "ivv:crankrace1start",
        "activeAnimations": [
          {
            "animationType": "visibility",
            "variable": "engine_starter",
            "clampMin": 1.0,
            "clampMax": 1.0
          }
        ],
        "minDistance": 0.0,
        "minDistanceVolume": 0.0,
        "middleDistance": 0.0,
        "middleDistanceVolume": 0.0,
        "maxDistance": 0.0,
        "maxDistanceVolume": 0.0
      },
      {
        "name": "ivv:crankrace1",
        "activeAnimations": [
          {
            "animationType": "visibility",
            "variable": "engine_starter",
            "clampMin": 1.0,
            "clampMax": 1.0,
            "forwardsDelay": 11
          }
        ],
        "volumeAnimations": [
          {
            "animationType": "translation",
            "variable": "electric_power",
            "axis": [0.0,0.25,0.0],
            "offset": 1.0,
            "clampMin": 1.0,
            "clampMax": 1.0
          }
        ],
        "pitchAnimations": [
          {
            "animationType": "translation",
            "variable": "electric_power",
            "axis": [0.0,0.0,0.0],
            "offset": 1.0,
            "clampMin": 1.0,
            "clampMax": 1.0
          }
        ],
        "looping": true,
        "minDistance": 0.0,
        "minDistanceVolume": 0.0,
        "middleDistance": 0.0,
        "middleDistanceVolume": 0.0,
        "maxDistance": 0.0,
        "maxDistanceVolume": 0.0
      },
      {
        "name": "ivv:crankrace1stop",
        "activeAnimations": [
          {
            "animationType": "visibility",
            "variable": "engine_starter"
          }
        ],
        "minDistance": 0.0,
        "minDistanceVolume": 0.0,
        "middleDistance": 0.0,
        "middleDistanceVolume": 0.0,
        "maxDistance": 0.0,
        "maxDistanceVolume": 0.0
      },
      {
        "name": "ivv:v6falconidling",
        "activeAnimations": [
          {
            "animationType": "visibility",
            "variable": "engine_powered",
            "clampMin": 1.0,
            "clampMax": 1.0
          }
        ],
        "volumeAnimations": [
          {
            "animationType": "translation",
            "variable": "engine_rpm_percent_safe",
            "axis": [0.0,-0.6000000238418579,0.0],
            "offset": 0.85
          }
        ],
        "pitchAnimations": [
          {
            "animationType": "translation",
            "variable": "engine_rpm_percent_safe",
            "axis": [0.0,3.0,0.0],
            "offset": 1.2
          }
        ],
        "looping": true,
        "minDistance": 0.0,
        "minDistanceVolume": 0.0,
        "middleDistance": 0.0,
        "middleDistanceVolume": 0.0,
        "maxDistance": 0.0,
        "maxDistanceVolume": 0.0
      },
      {
        "name": "ivv:v6falconload",
        "activeAnimations": [
          {
            "animationType": "visibility",
            "variable": "engine_powered",
            "clampMin": 1.0,
            "clampMax": 1.0
          }
        ],
        "volumeAnimations": [
          {
            "animationType": "translation",
            "variable": "throttle",
            "axis": [0.0,1.5,0.0],
            "offset": -1.0
          },
          {
            "animationType": "translation",
            "variable": "engine_rpm_percent_safe",
            "axis": [0.0,6.0,0.0],
            "offset": -0.5
          }
        ],
        "pitchAnimations": [
          {
            "animationType": "translation",
            "variable": "throttle",
            "axis": [0.0,0.1,0.0],
            "offset": -0.1
          },
          {
            "animationType": "translation",
            "variable": "engine_rpm_percent_safe",
            "axis": [0.0,0.7,0.0],
            "offset": 0.5
          }
        ],
        "looping": true,
        "minDistance": 0.0,
        "minDistanceVolume": 0.0,
        "middleDistance": 0.0,
        "middleDistanceVolume": 0.0,
        "maxDistance": 0.0,
        "maxDistanceVolume": 0.0
      }
    ],
    "particles": [
      {
        "type": "flame",
        "spawningOrientation": "entity",
        "renderingOrientation": "player",
        "quantity": 2,
        "duration": 20,
        "transparency": 1.0,
        "scale": 0.6,
        "toScale": 0.8,
        "hitboxSize": 0.2,
        "color": "FFFFFF",
        "pos": [0.0,0.0,0.625],
        "spreadRandomness": [0.0,0.25,0.375],
        "initialVelocity": [0.0,0.0,0.375],
        "activeAnimations": [
          {
            "animationType": "visibility",
            "variable": "2_4_2_cycle",
            "clampMin": 1.0,
            "clampMax": 1.0
          },
          {
            "animationType": "visibility",
            "variable": "engine_powered",
            "clampMin": 1.0,
            "clampMax": 1.0
          },
          {
            "animationType": "inhibitor",
            "variable": "!parent_damage_totaled"
          },
          {
            "animationType": "visibility",
            "variable": "parent_damage_percent",
            "clampMin": 0.875,
            "clampMax": 1.0
          }
        ]
      },
      {
        "type": "smoke",
        "spawningOrientation": "entity",
        "renderingOrientation": "player",
        "quantity": 4,
        "duration": 60,
        "transparency": 0.75,
        "fadeTransparencyTime": 20,
        "scale": 0.8,
        "toScale": 1.6,
        "hitboxSize": 0.2,
        "color": "555555",
        "pos": [0.0,0.0,0.625],
        "spreadRandomness": [0.0,0.25,1.0],
        "initialVelocity": [0.0,0.0,1.5],
        "activeAnimations": [
          {
            "animationType": "visibility",
            "variable": "1_2_1_cycle",
            "clampMin": 1.0,
            "clampMax": 1.0
          },
          {
            "animationType": "visibility",
            "variable": "engine_powered",
            "clampMin": 1.0,
            "clampMax": 1.0,
            "reverseDelay": 100
          },
          {
            "animationType": "inhibitor",
            "variable": "!parent_damage_totaled"
          },
          {
            "animationType": "visibility",
            "variable": "parent_damage_percent",
            "clampMin": 0.75,
            "clampMax": 1.0
          }
        ]
      },
      {
        "type": "smoke",
        "spawningOrientation": "entity",
        "renderingOrientation": "player",
        "quantity": 8,
        "duration": 40,
        "transparency": 0.75,
        "fadeTransparencyTime": 20,
        "scale": 1.2,
        "toScale": 2.4,
        "hitboxSize": 0.2,
        "color": "888888",
        "pos": [0.0,0.0,0.625],
        "spreadRandomness": [0.0,1.0,6.0],
        "initialVelocity": [0.0,0.0,0.75],
        "activeAnimations": [
          {
            "animationType": "visibility",
            "variable": "engine_powered",
            "reverseDelay": 100
          },
          {
            "animationType": "inhibitor",
            "variable": "!parent_damage_totaled"
          },
          {
            "animationType": "visibility",
            "variable": "parent_damage_percent",
            "clampMin": 0.75,
            "clampMax": 1.0
          }
        ]
      },
      {
        "type": "generic",
        "spawningOrientation": "entity",
        "renderingOrientation": "player",
        "quantity": 8,
        "duration": 10,
        "transparency": 0.375,
        "fadeTransparencyTime": 5,
        "scale": 0.025,
        "toScale": 0.05,
        "hitboxSize": 0.1,
        "texture": "ivv:textures/particles/pattern7.png",
        "color": "EDAC28",
        "pos": [0.0,0.25,0.375],
        "spreadRandomness": [0.25,0.5,0.25],
        "initialVelocity": [0.0,0.625,0.125],
        "movementVelocity": [0.0,-0.01,0.0],
        "terminalVelocity": [2048.0,2048.0,2048.0],
        "activeAnimations": [
          {
            "animationType": "visibility",
            "variable": "engine_jumper_cable",
            "clampMin": 1.0,
            "clampMax": 1.0
          }
        ]
      },
      {
        "type": "smoke",
        "spawnEveryTick": true,
        "spawningOrientation": "entity",
        "renderingOrientation": "player",
        "quantity": 2,
        "duration": 60,
        "transparency": 0.25,
        "fadeTransparencyTime": 20,
        "scale": 0.75,
        "toScale": 1.5,
        "hitboxSize": 0.2,
        "color": "F0F0F0",
        "pos": [0.0,0.25,0.375],
        "spreadRandomness": [0.25,0.25,0.25],
        "initialVelocity": [0.0,0.625,0.0],
        "movementVelocity": [0.0,-0.00125,0.0],
        "terminalVelocity": [2048.0,2048,2048.0],
        "activeAnimations": [
          {
            "animationType": "visibility",
            "variable": "engine_temp",
            "clampMin": 105.0,
            "clampMax": 115.0
          }
        ]
      },
      {
        "type": "smoke",
        "spawnEveryTick": true,
        "spawningOrientation": "entity",
        "renderingOrientation": "player",
        "quantity": 3,
        "duration": 80,
        "transparency": 0.375,
        "fadeTransparencyTime": 20,
        "scale": 1.0,
        "toScale": 2.0,
        "hitboxSize": 0.2,
        "color": "2F2F2F",
        "pos": [0.0,0.25,0.375],
        "spreadRandomness": [0.25,0.25,0.25],
        "initialVelocity": [0.0,0.625,0.0],
        "movementVelocity": [0.0,-0.00125,0.0],
        "terminalVelocity": [2048.0,2048,2048.0],
        "activeAnimations": [
          {
            "animationType": "visibility",
            "variable": "engine_temp",
            "clampMin": 115.0,
            "clampMax": 1000.0
          }
        ]
      },
      {
        "type": "flame",
        "spawnEveryTick": true,
        "spawningOrientation": "entity",
        "renderingOrientation": "player",
        "quantity": 2,
        "duration": 20,
        "transparency": 1.0,
        "scale": 0.6,
        "toScale": 0.8,
        "hitboxSize": 0.2,
        "color": "FFFFFF",
        "pos": [0.0,0.0,0.625],
        "spreadRandomness": [0.375,0.125,0.375],
        "initialVelocity": [0.0,0.25,0.0],
        "activeAnimations": [
          {
            "animationType": "visibility",
            "variable": "2_4_2_cycle",
            "clampMin": 1.0,
            "clampMax": 1.0
          },
          {
            "animationType": "visibility",
            "variable": "engine_temp",
            "clampMin": 125.0,
            "clampMax": 1000.0
          }
        ]
      }
    ],
    "modelType": "obj"
  },
  "general": {
    "name": "Performante I4 Engine §9(Automatic)",
    "description": "2.6L Racing IVLabs Motor",
    "health": 100,
    "materialLists": [
      [
        "mts:ivv.engineblockperformance:0:1",
        "mts:ivv.enginepiston:0:6",
        "mts:ivv.fuelfihyper:0:1",
        "mts:ivv.gearboxauto:0:1"
      ]
    ],
    "repairMaterialLists": [
      [
        "mts:ivv.oilcan_race:0:1",
        "mts:ivv.tape:0:1"
      ]
    ],
    "radarWidth": 0.0,
    "radarRange": 0.0
  }
}