{
  "motorized": {
    "isRearWheelDrive": true,
    "emptyMass": 2000,
    "fuelCapacity": 15000,
    "axleRatio": 3.3,
    "dragCoefficient": 0.65,
    "brakingFactor": 1.5,
    "downForce": 0.215,
    "overSteer": -2,
    "maxTiltAngle": -3
  },
  "parts": [
    {
      "pos": [1.375,0.0,0.0],
      "minValue": 1.0,
      "maxValue": 1.25,
      "types": ["ground_wheel"]
    },
    {
      "pos": [-1.375,0.0,0.0],
      "minValue": 1.0,
      "maxValue": 1.25,
      "types": ["ground_wheel"]
    },
    {
      "pos": [0.9375,0.0,0.0],
      "minValue": 1.0,
      "maxValue": 1.25,
      "types": ["ground_wheel"]
    },
    {
      "pos": [-0.9375,0.0,0.0],
      "minValue": 1.0,
      "maxValue": 1.25,
      "types": ["ground_wheel"]
    },
    {
      "pos": [1.25,0.0,5.625],
      "turnsWithSteer": true,
      "minValue": 1.0,
      "maxValue": 1.25,
      "types": ["ground_wheel"],
      "animations": [
        {
          "animationType": "rotation",
          "variable": "rudder",
          "centerPoint": [0.0,0.0,0.0],
          "axis": [0.0,-1.0,0.0]
        }
      ]
    },
    {
      "pos": [-1.25,0.0,5.625],
      "turnsWithSteer": true,
      "minValue": 1.0,
      "maxValue": 1.25,
      "types": ["ground_wheel"],
      "animations": [
        {
          "animationType": "rotation",
          "variable": "rudder",
          "centerPoint": [0.0,0.0,0.0],
          "axis": [0.0,-1.0,0.0]
        }
      ]
    },
    {
      "pos": [0.5625,0.9375,3.6875],
      "rot": [0.0,0.0,0.0],
      "dismountPos": [1.5625,0.9375,3.6875],
      "isController": true,
      "types": ["seat"],
      "linkedDoors": ["door_fl"]
    },
    {
      "pos": [-0.5625,0.9375,3.6875],
      "rot": [0.0,0.0,0.0],
      "dismountPos": [-1.5625,0.9375,3.6875],
      "types": ["seat"],
      "additionalParts": [
        {
          "pos": [-0.5625,1.0,3.6875],
          "rot": [0.0,90.0,0.0],
          "maxValue": 2.0,
          "types": ["interactable_luggage"]
        }
      ],
      "linkedDoors": ["door_fr"]
    },
    {
      "pos": [0.5625,0.9375,2.375],
      "rot": [0.0,0.0,0.0],
      "dismountPos": [1.5625,0.9375,2.375],
      "types": ["seat"],
      "additionalParts": [
        {
          "pos": [0.5625,1.0,2.375],
          "rot": [0.0,90.0,0.0],
          "maxValue": 2.0,
          "types": ["interactable_luggage"]
        }
      ],
      "linkedDoors": ["door_rl"]
    },
    {
      "pos": [-0.5625,0.9375,2.375],
      "rot": [0.0,0.0,0.0],
      "dismountPos": [-1.5625,0.9375,2.375],
      "types": ["seat"],
      "additionalParts": [
        {
          "pos": [-0.5625,1.0,2.375],
          "rot": [0.0,90.0,0.0],
          "maxValue": 2.0,
          "types": ["interactable_luggage"]
        }
      ],
      "linkedDoors": ["door_rr"]
    },
    {
      "pos": [0.0,0.3125,4.6875],
      "rot": [0.0,0.0,0.0],
      "minValue": 0.59,
      "maxValue": 0.95,
      "types": ["engine_car"],
      "linkedDoors": ["door_hood"]
    },
    {
      "pos": [0.9375,1.0625,-0.5625],
      "rot": [0.0,-90.0,0.0],
      "types": ["seat_invisible"]
    },
    {
      "pos": [-0.9375,1.0625,-0.5625],
      "rot": [0.0,90.0,0.0],
      "types": ["seat_invisible"]
    },
    {
      "pos": [0.9375,1.0625,0.5625],
      "rot": [0.0,-90.0,0.0],
      "types": ["seat_invisible"]
    },
    {
      "pos": [-0.9375,1.0625,0.5625],
      "rot": [0.0,90.0,0.0],
      "types": ["seat_invisible"]
    },
    {
      "pos": [0.0,2.375,3.8125],
      "maxValue": 3.0,
      "types": ["generic_lightbar"]
    },
    {
      "pos": [0.0,2.375,2.75],
      "maxValue": 3.0,
      "types": ["generic_roofdevice"]
    },
    {
      "pos": [0.625,0.46875,7.06875],
      "rot": [0.0,180.0,0.0],
      "maxValue": 1.0,
      "types": ["generic_bumpersticker"]
    },
    {
      "pos": [-0.625,0.46875,7.06875],
      "rot": [0.0,180.0,0.0],
      "maxValue": 1.0,
      "types": ["generic_bumpersticker"]
    },
    {
      "pos": [0.9375,0.46875,-2.00625],
      "rot": [0.0,0.0,0.0],
      "maxValue": 1.0,
      "types": ["generic_bumpersticker"]
    },
    {
      "pos": [-0.9375,0.46875,-2.00625],
      "rot": [0.0,0.0,0.0],
      "maxValue": 1.0,
      "types": ["generic_bumpersticker"]
    },
    {
      "pos": [0.4375,0.46875,-2.00625],
      "rot": [0.0,0.0,0.0],
      "maxValue": 1.0,
      "types": ["generic_bumpersticker"]
    },
    {
      "pos": [-0.4375,0.46875,-2.00625],
      "rot": [0.0,0.0,0.0],
      "maxValue": 1.0,
      "types": ["generic_bumpersticker"]
    },
    {
      "pos": [0.0,0.8125,-1.125],
      "rot": [1.0,-2.0,0.0],
      "maxValue": 3.0,
      "types": ["interactable_crate"]
    },
    {
      "pos": [0.0,0.8125,0.0],
      "rot": [-3.0,1.0,2.0],
      "maxValue": 3.0,
      "types": ["interactable_crate"]
    },
    {
      "pos": [0.0,0.8125,1.125],
      "rot": [1.0,-3.0,0.0],
      "maxValue": 3.0,
      "types": ["interactable_crate"]
    },
    {
      "pos": [0.0,0.5,7.1],
      "rot": [0.0,0.0,0.0],
      "maxValue": 3.0,
      "defaultPart": "iv_tpp:plate_gramados",
      "types": ["generic_licenseplate_us","generic_licenseplate_euro"]
    },
    {
      "pos": [0.0,0.5,-2.04],
      "rot": [0.0,180.0,0.0],
      "maxValue": 3.0,
      "defaultPart": "iv_tpp:plate_gramados",
      "types": ["generic_licenseplate_us","generic_licenseplate_euro"]
    }
  ],
  "collision": [
    {
      "pos": [0.0,1.3125,5.625],
      "width": 3.0,
      "height": 0.125
    },
    {
      "pos": [0.0,2.3125,2.75],
      "width": 2.0,
      "height": 0.125
    },
    {
      "pos": [0.0,1.3125,-0.25],
      "width": 3.0,
      "height": 0.125
    },
    {
      "pos": [-1.25,1.0,5.625],
      "width": 0.0625,
      "height": 0.0625
    },
    {
      "pos": [1.25,1.0,5.625],
      "width": 0.0625,
      "height": 0.0625
    },
    {
      "pos": [-1.25,1.0,0.0],
      "width": 0.0625,
      "height": 0.0625
    },
    {
      "pos": [1.25,1.0,0.0],
      "width": 0.0625,
      "height": 0.0625
    }
  ],
  "doors": [
    {
      "name": "door_fl",
      "closedPos": [1.1875,1.28125,3.5],
      "openPos": [2.15625,1.23438,4.0],
      "width": 0.3125,
      "height": 0.125,
      "closeOnMovement": true,
      "activateOnSeated": true
    },
    {
      "name": "door_fl",
      "closedPos": [1.1875,1.34375,4.1875],
      "openPos": [1.5,1.34375,4.25],
      "width": 0.3125,
      "height": 0.125,
      "closeOnMovement": true,
      "activateOnSeated": true
    },
    {
      "name": "door_fr",
      "closedPos": [-1.1875,1.28125,3.5],
      "openPos": [-2.15625,1.23438,4.0],
      "width": 0.3125,
      "height": 0.125,
      "closeOnMovement": true,
      "activateOnSeated": true
    },
    {
      "name": "door_fr",
      "closedPos": [-1.1875,1.34375,4.1875],
      "openPos": [-1.5,1.34375,4.25],
      "width": 0.3125,
      "height": 0.125,
      "closeOnMovement": true,
      "activateOnSeated": true
    },
    {
      "name": "door_rl",
      "closedPos": [1.1875,1.28125,2.125],
      "openPos": [2.15625,1.23438,2.625],
      "width": 0.3125,
      "height": 0.125,
      "closeOnMovement": true,
      "activateOnSeated": true
    },
    {
      "name": "door_rl",
      "closedPos": [1.1875,1.34375,3.0625],
      "openPos": [1.3125,1.34375,3.0625],
      "width": 0.3125,
      "height": 0.125,
      "closeOnMovement": true,
      "activateOnSeated": true
    },
    {
      "name": "door_rr",
      "closedPos": [-1.1875,1.28125,2.125],
      "openPos": [-2.15625,1.23438,2.625],
      "width": 0.3125,
      "height": 0.125,
      "closeOnMovement": true,
      "activateOnSeated": true
    },
    {
      "name": "door_rr",
      "closedPos": [-1.1875,1.34375,3.0625],
      "openPos": [-1.3125,1.34375,3.0625],
      "width": 0.3125,
      "height": 0.125,
      "closeOnMovement": true,
      "activateOnSeated": true
    },
    {
      "name": "door_hood",
      "closedPos": [0.0,1.3125,6.0],
      "openPos": [0.0,2.3125,5.25],
      "width": 1.0,
      "height": 0.5
    },
    {
      "name": "door_boot",
      "closedPos": [0.0,1.28125,-1.6875],
      "openPos": [0.0,0.78125,-2.28125],
      "width": 0.3125,
      "height": 0.125,
      "closedByDefault": true,
      "activateOnSeated": true
    }
  ],
  "connectionGroups": [
    {
      "groupName": "HOOKUP",
      "hookup": true,
      "connections": [
        {
          "type": "tow_bumper",
          "pos": [0.0,0.3125,7.09375],
          "distance": 0.0
        },
        {
          "type": "tow_wheel",
          "pos": [0.0,-0.625,5.625],
          "distance": 0.0
        }
      ]
    },
    {
      "groupName": "TRAILER",
      "canIntiateConnections": true,
      "connections": [
        {
          "type": "trailer_standard",
          "pos": [0.0,0.3125,-2.03125],
          "distance": 0.0
        }
      ]
    }
  ],
  "instruments": [
    {
      "pos": [0.84375,1.4375,4.29625],
      "rot": [0.0,0.0,0.0],
      "scale": 0.015625,
      "hudX": 80,
      "hudY": 36,
      "hudScale": 0.25
    },
    {
      "pos": [0.6875,1.46875,4.29625],
      "rot": [0.0,0.0,0.0],
      "scale": 0.015625,
      "hudX": 160,
      "hudY": 36,
      "hudScale": 0.5
    },
    {
      "pos": [0.4375,1.46875,4.29625],
      "rot": [0.0,0.0,0.0],
      "scale": 0.015625,
      "hudX": 240,
      "hudY": 36,
      "hudScale": 0.5
    },
    {
      "pos": [0.28125,1.4375,4.29625],
      "rot": [0.0,0.0,0.0],
      "scale": 0.015625,
      "hudX": 320,
      "hudY": 36,
      "hudScale": 0.25
    }
  ],
  "definitions": [
    {
      "subName": "_midnightpurple_g",
      "name": "Trin Bultizorg root trim - midnight purple paint, gray interior",
      "extraMaterials": ["mts:iv_tpp.paint_bucket_midnightpurple:0:1","minecraft:wool:7:2","minecraft:wool:8:3"]
    },
    {
      "subName": "_purewhite_g",
      "name": "Trin Bultizorg root trim - pure white paint, gray interior",
      "extraMaterials": ["mts:iv_tpp.paint_bucket_purewhite:0:1","minecraft:wool:7:2","minecraft:wool:8:3"]
    },
    {
      "subName": "_slimelime_g",
      "name": "Trin Bultizorg root trim - slime lime paint, gray interior",
      "extraMaterials": ["mts:iv_tpp.paint_bucket_slimelime:0:1","minecraft:wool:7:2","minecraft:wool:8:3"]
    }
  ],
  "rendering": {
    "textObjects": [],
    "animatedObjects": [
      {
        "objectName": "$steer",
        "animations": [
          {
            "animationType": "rotation",
            "variable": "rudder",
            "centerPoint": [0.5625,1.40625,4.25],
            "axis": [0.0,0.0,1.0]
          }
        ]
      },
      {
        "objectName": "$gas",
        "animations": [
          {
            "animationType": "rotation",
            "variable": "throttle",
            "centerPoint": [0.0,0.96875,4.54688],
            "axis": [-30.0,0.0,0.0]
          }
        ]
      },
      {
        "objectName": "$brake",
        "animations": [
          {
            "animationType": "rotation",
            "variable": "brake",
            "centerPoint": [0.0,0.96875,4.54688],
            "axis": [-20.0,0.0,0.0]
          }
        ]
      },
      {
        "objectName": "$p_brake",
        "animations": [
          {
            "animationType": "rotation",
            "variable": "p_brake",
            "centerPoint": [0.0,0.6875,3.46875],
            "axis": [-30.0,0.0,0.0]
          }
        ]
      },
      {
        "objectName": "$shift",
        "animations": [
          {
            "animationType": "rotation",
            "variable": "engine_gearshift_1",
            "centerPoint": [0.0,0.625,3.90625],
            "axis": [1.0,0.0,0.0]
          }
        ]
      },
      {
        "objectName": "$doorFR",
        "animations": [
          {
            "animationType": "rotation",
            "variable": "door_fr",
            "centerPoint": [-1.25,1.3125,4.5625],
            "axis": [0.0,60.0,0.0],
            "duration": 20,
            "forwardsStartSound": "iv_tpp:dooropen",
            "reverseEndSound": "iv_tpp:doorclose"
          }
        ]
      },
      {
        "objectName": "$doorFL",
        "animations": [
          {
            "animationType": "rotation",
            "variable": "door_fl",
            "centerPoint": [1.25,1.3125,4.5625],
            "axis": [0.0,-60.0,0.0],
            "duration": 20,
            "forwardsStartSound": "iv_tpp:dooropen",
            "reverseEndSound": "iv_tpp:doorclose"
          }
        ]
      },
      {
        "objectName": "$doorwindowFR",
        "animations": [
          {
            "animationType": "rotation",
            "variable": "door_fr",
            "centerPoint": [-1.25,1.3125,4.5625],
            "axis": [0.0,60.0,0.0],
            "duration": 20,
            "forwardsStartSound": "iv_tpp:dooropen",
            "reverseEndSound": "iv_tpp:doorclose"
          }
        ]
      },
      {
        "objectName": "$doorwindowFL",
        "animations": [
          {
            "animationType": "rotation",
            "variable": "door_fl",
            "centerPoint": [1.25,1.3125,4.5625],
            "axis": [0.0,-60.0,0.0],
            "duration": 20,
            "forwardsStartSound": "iv_tpp:dooropen",
            "reverseEndSound": "iv_tpp:doorclose"
          }
        ]
      },
      {
        "objectName": "$doorRR",
        "animations": [
          {
            "animationType": "rotation",
            "variable": "door_rr",
            "centerPoint": [-1.25,1.3125,3.1875],
            "axis": [0.0,60.0,0.0],
            "duration": 20,
            "forwardsStartSound": "iv_tpp:dooropen",
            "reverseEndSound": "iv_tpp:doorclose"
          }
        ]
      },
      {
        "objectName": "$doorRL",
        "animations": [
          {
            "animationType": "rotation",
            "variable": "door_rl",
            "centerPoint": [1.25,1.3125,3.1875],
            "axis": [0.0,-60.0,0.0],
            "duration": 20,
            "forwardsStartSound": "iv_tpp:dooropen",
            "reverseEndSound": "iv_tpp:doorclose"
          }
        ]
      },
      {
        "objectName": "$doorwindowRR",
        "animations": [
          {
            "animationType": "rotation",
            "variable": "door_rr",
            "centerPoint": [-1.25,1.3125,3.1875],
            "axis": [0.0,60.0,0.0],
            "duration": 20,
            "forwardsStartSound": "iv_tpp:dooropen",
            "reverseEndSound": "iv_tpp:doorclose"
          }
        ]
      },
      {
        "objectName": "$doorwindowRL",
        "animations": [
          {
            "animationType": "rotation",
            "variable": "door_rl",
            "centerPoint": [1.25,1.3125,3.1875],
            "axis": [0.0,-60.0,0.0],
            "duration": 20,
            "forwardsStartSound": "iv_tpp:dooropen",
            "reverseEndSound": "iv_tpp:doorclose"
          }
        ]
      },
      {
        "objectName": "$hood",
        "animations": [
          {
            "animationType": "rotation",
            "variable": "door_hood",
            "centerPoint": [0.0,1.5,4.6875],
            "axis": [-60.0,0.0,0.0],
            "duration": 20,
            "forwardsStartSound": "iv_tpp:hoodopen",
            "reverseStartSound": "iv_tpp:hoodclose"
          }
        ]
      },
      {
        "objectName": "$doorR",
        "animations": [
          {
            "animationType": "rotation",
            "variable": "door_boot",
            "centerPoint": [0.0,0.6875,-1.75],
            "axis": [-90.0,0.0,0.0],
            "duration": 20,
            "forwardsStartSound": "iv_tpp:bootopen",
            "reverseEndSound": "iv_tpp:bootclose"
          }
        ]
      }
    ],
    "customVariables": [],
    "sounds": [
      {
        "name": "iv_tcp_v3:big_fat_horn_of_doom",
        "activeAnimations": [
          {
            "animationType": "visibility",
            "variable": "horn",
            "clampMin": 1.0,
            "clampMax": 1.0
          }
        ],
        "looping": true
      },
      {
        "name": "mts:air_brake_activating",
        "activeAnimations": [
          {
            "animationType": "visibility",
            "variable": "p_brake",
            "clampMin": 1.0,
            "clampMax": 1.0
          }
        ]
      },
      {
        "name": "mts:backup_beeper",
        "activeAnimations": [
          {
            "animationType": "visibility",
            "variable": "engine_gear_1",
            "clampMin": -10.0,
            "clampMax": -1.0
          }
        ],
        "looping": true
      }
    ],
    "particles": [
      {
        "type": "smoke",
        "activeAnimations": [
          {
            "animationType": "visibility",
            "variable": "engine_piston_1_2_cam_1",
            "clampMin": 1.0,
            "clampMax": 1.0
          }
        ],
        "color": "#D9D9D9",
        "transparency": 0.25,
        "toTransparency": 0.25,
        "scale": 1.0,
        "pos": [1.25,0.125,-1.40625],
        "initialVelocity": [0.0,-1.0,0.0]
      },
      {
        "type": "smoke",
        "activeAnimations": [
          {
            "animationType": "visibility",
            "variable": "engine_backfired_1",
            "clampMin": 1.0,
            "clampMax": 1.0
          }
        ],
        "color": "#000000",
        "scale": 2.5,
        "pos": [1.25,0.125,-1.40625],
        "initialVelocity": [0.0,-1.0,0.0],
        "quantity": 5
      },
      {
        "type": "smoke",
        "activeAnimations": [
          {
            "animationType": "visibility",
            "variable": "engine_piston_2_2_cam_1",
            "clampMin": 1.0,
            "clampMax": 1.0
          }
        ],
        "color": "#D9D9D9",
        "transparency": 0.25,
        "toTransparency": 0.25,
        "scale": 1.0,
        "pos": [-1.25,0.125,-1.40625],
        "initialVelocity": [0.0,-1.0,0.0]
      },
      {
        "type": "smoke",
        "activeAnimations": [
          {
            "animationType": "visibility",
            "variable": "engine_backfired_1",
            "clampMin": 1.0,
            "clampMax": 1.0
          }
        ],
        "color": "#000000",
        "scale": 2.5,
        "pos": [-1.25,0.125,-1.40625],
        "initialVelocity": [0.0,-1.0,0.0],
        "quantity": 5
      }
    ]
  },
  "prefixFolders": "b - mid end/i - pickup/",
  "packID": "iv_tcp_v3",
  "systemName": "trin_bultizorg_root",
  "classification": "vehicle",
  "general": {
    "description": "Mid End Heavy Dutty Dually Pickup Truck\n4 doors, 4 seats\n\nRecommended parts:\nGiant Sized Wheels\nHeavy Duty V8 Engine\nModel 1 Seats",
    "materials": ["mts:iv_tpp.chassis_HD6_t20_HV10:0:1","minecraft:dye:8:8","minecraft:dye:7:8","minecraft:iron_nugget:0:9","minecraft:glowstone_dust:0:16","minecraft:wool:7:2","minecraft:glass_pane:0:6","minecraft:iron_block:0:14","minecraft:iron_ingot:0:12","minecraft:string:0:5","minecraft:dye:0:4"]
  }
}
